insert into persona (legajo, nombre, apellido, email, direccion) values (1, 'Camile', 'Martinet', 'cmartinet0@umn.edu', '3 Mallory Road');
insert into persona (legajo, nombre, apellido, email, direccion) values (2, 'Madalyn', 'Kave', 'mkave1@flickr.com', '25 Meadow Vale Circle');
insert into persona (legajo, nombre, apellido, email, direccion) values (3, 'Edsel', 'Cranmere', 'ecranmere2@facebook.com', '61 Kenwood Avenue');
insert into persona (legajo, nombre, apellido, email, direccion) values (4, 'Rosco', 'Trudgeon', 'rtrudgeon3@lulu.com', '428 Hauk Center');
insert into persona (legajo, nombre, apellido, email, direccion) values (5, 'Wald', 'McMichael', 'wmcmichael4@census.gov', '6694 Graceland Lane');
insert into persona (legajo, nombre, apellido, email, direccion) values (6, 'Waring', 'Goldthorp', 'wgoldthorp5@shutterfly.com', '400 Mesta Street');
insert into persona (legajo, nombre, apellido, email, direccion) values (7, 'Kym', 'Baal', 'kbaal6@elegantthemes.com', '380 Dovetail Plaza');
insert into persona (legajo, nombre, apellido, email, direccion) values (8, 'Filmer', 'Pybworth', 'fpybworth7@lycos.com', '2342 Erie Drive');
insert into persona (legajo, nombre, apellido, email, direccion) values (9, 'Adriane', 'Fennick', 'afennick8@scientificamerican.com', '1228 Lighthouse Bay Hill');
insert into persona (legajo, nombre, apellido, email, direccion) values (10, 'Greggory', 'Minister', 'gminister9@gravatar.com', '093 Londonderry Drive');
insert into persona (legajo, nombre, apellido, email, direccion) values (11, 'Burch', 'Humpherson', 'bhumphersona@auda.org.au', '20822 Jenna Place');
insert into persona (legajo, nombre, apellido, email, direccion) values (12, 'Colman', 'Brunelleschi', 'cbrunelleschib@buzzfeed.com', '13 Scoville Street');
insert into persona (legajo, nombre, apellido, email, direccion) values (13, 'Ezra', 'Andor', 'eandorc@webnode.com', '120 Village Green Avenue');
insert into persona (legajo, nombre, apellido, email, direccion) values (14, 'Victoir', 'Sparway', 'vsparwayd@usatoday.com', '981 Bowman Plaza');
insert into persona (legajo, nombre, apellido, email, direccion) values (15, 'Ramsay', 'Dener', 'rdenere@newyorker.com', '7357 Cherokee Lane');
insert into persona (legajo, nombre, apellido, email, direccion) values (16, 'Thacher', 'MacCrackan', 'tmaccrackanf@mapquest.com', '900 Lukken Park');
insert into persona (legajo, nombre, apellido, email, direccion) values (17, 'Klemens', 'Cawsy', 'kcawsyg@miitbeian.gov.cn', '25 Hollow Ridge Point');
insert into persona (legajo, nombre, apellido, email, direccion) values (18, 'Carley', 'Benam', 'cbenamh@unblog.fr', '288 Heffernan Center');
insert into persona (legajo, nombre, apellido, email, direccion) values (19, 'Monique', 'Doonican', 'mdoonicani@sun.com', '05 Holy Cross Way');
insert into persona (legajo, nombre, apellido, email, direccion) values (20, 'Raeann', 'Huton', 'rhutonj@hud.gov', '08451 Summer Ridge Avenue');
insert into persona (legajo, nombre, apellido, email, direccion) values (21, 'Lesli', 'Filipczak', 'lfilipczakk@nbcnews.com', '3 Bowman Street');
insert into persona (legajo, nombre, apellido, email, direccion) values (22, 'Barbabra', 'Waddington', 'bwaddingtonl@china.com.cn', '1 Fairview Center');
insert into persona (legajo, nombre, apellido, email, direccion) values (23, 'Sherlock', 'Giblin', 'sgiblinm@weather.com', '0 Boyd Drive');
insert into persona (legajo, nombre, apellido, email, direccion) values (24, 'Dorelle', 'Sheers', 'dsheersn@angelfire.com', '38 Maywood Street');
insert into persona (legajo, nombre, apellido, email, direccion) values (25, 'Hagan', 'Pifford', 'hpiffordo@mapquest.com', '81271 Transport Junction');
insert into persona (legajo, nombre, apellido, email, direccion) values (26, 'Perle', 'Cribbott', 'pcribbottp@examiner.com', '0 Shopko Lane');
insert into persona (legajo, nombre, apellido, email, direccion) values (27, 'Ashlie', 'Woolstenholmes', 'awoolstenholmesq@fastcompany.com', '802 Northfield Junction');
insert into persona (legajo, nombre, apellido, email, direccion) values (28, 'Cammi', 'Presman', 'cpresmanr@vistaprint.com', '0 Bay Road');
insert into persona (legajo, nombre, apellido, email, direccion) values (29, 'Kahaleel', 'Crosfield', 'kcrosfields@sciencedirect.com', '84185 Carpenter Terrace');
insert into persona (legajo, nombre, apellido, email, direccion) values (30, 'Laureen', 'de Tocqueville', 'ldetocquevillet@blogger.com', '409 Continental Terrace');
insert into persona (legajo, nombre, apellido, email, direccion) values (31, 'Ulrikaumeko', 'Pigny', 'upignyu@topsy.com', '8 Katie Parkway');
insert into persona (legajo, nombre, apellido, email, direccion) values (32, 'Urbanus', 'Lage', 'ulagev@ezinearticles.com', '70 Talmadge Plaza');
insert into persona (legajo, nombre, apellido, email, direccion) values (33, 'Terri-jo', 'Gayne', 'tgaynew@ustream.tv', '2715 Birchwood Trail');
insert into persona (legajo, nombre, apellido, email, direccion) values (34, 'Hallie', 'Trench', 'htrenchx@odnoklassniki.ru', '5400 Brown Crossing');
insert into persona (legajo, nombre, apellido, email, direccion) values (35, 'Nestor', 'Durdy', 'ndurdyy@ted.com', '56 Commercial Pass');
insert into persona (legajo, nombre, apellido, email, direccion) values (36, 'Mycah', 'Callway', 'mcallwayz@nytimes.com', '654 Lotheville Place');
insert into persona (legajo, nombre, apellido, email, direccion) values (37, 'Goddart', 'Drayn', 'gdrayn10@cloudflare.com', '9 Homewood Center');
insert into persona (legajo, nombre, apellido, email, direccion) values (38, 'Eleanora', 'Feighry', 'efeighry11@twitter.com', '41533 Roxbury Drive');
insert into persona (legajo, nombre, apellido, email, direccion) values (39, 'Christophorus', 'Mazillius', 'cmazillius12@mail.ru', '893 Katie Court');
insert into persona (legajo, nombre, apellido, email, direccion) values (40, 'Janette', 'Buggs', 'jbuggs13@barnesandnoble.com', '6 Merry Court');
insert into persona (legajo, nombre, apellido, email, direccion) values (41, 'Ambrosius', 'Ledgerton', 'aledgerton14@acquirethisname.com', '75999 Moulton Plaza');
insert into persona (legajo, nombre, apellido, email, direccion) values (42, 'Wilfred', 'Surpliss', 'wsurpliss15@alibaba.com', '2 Westend Road');
insert into persona (legajo, nombre, apellido, email, direccion) values (43, 'Davon', 'O''Giany', 'dogiany16@nymag.com', '75 Stoughton Crossing');
insert into persona (legajo, nombre, apellido, email, direccion) values (44, 'Michelle', 'Cinavas', 'mcinavas17@economist.com', '79336 Cottonwood Trail');
insert into persona (legajo, nombre, apellido, email, direccion) values (45, 'Kamila', 'Theodore', 'ktheodore18@answers.com', '9787 Shasta Center');
insert into persona (legajo, nombre, apellido, email, direccion) values (46, 'Derry', 'Barnwall', 'dbarnwall19@ted.com', '9944 Helena Circle');
insert into persona (legajo, nombre, apellido, email, direccion) values (47, 'Abel', 'Halcro', 'ahalcro1a@twitter.com', '0036 Cordelia Way');
insert into persona (legajo, nombre, apellido, email, direccion) values (48, 'Orson', 'Levington', 'olevington1b@360.cn', '04510 Armistice Lane');
insert into persona (legajo, nombre, apellido, email, direccion) values (49, 'Kaleena', 'Jahnke', 'kjahnke1c@nyu.edu', '8 Claremont Street');
insert into persona (legajo, nombre, apellido, email, direccion) values (50, 'Hardy', 'Struttman', 'hstruttman1d@google.es', '128 Lakeland Road');
insert into persona (legajo, nombre, apellido, email, direccion) values (51, 'Edan', 'Greathead', 'egreathead1e@weibo.com', '804 Utah Circle');
insert into persona (legajo, nombre, apellido, email, direccion) values (52, 'Arabelle', 'Attaway', 'aattaway1f@craigslist.org', '8 Alpine Lane');
insert into persona (legajo, nombre, apellido, email, direccion) values (53, 'Jeddy', 'Yuryichev', 'jyuryichev1g@reverbnation.com', '73814 Di Loreto Hill');
insert into persona (legajo, nombre, apellido, email, direccion) values (54, 'Marilin', 'Leedes', 'mleedes1h@geocities.com', '8 Bay Center');
insert into persona (legajo, nombre, apellido, email, direccion) values (55, 'Dimitry', 'Kidson', 'dkidson1i@newsvine.com', '08 Delaware Alley');
insert into persona (legajo, nombre, apellido, email, direccion) values (56, 'Leigh', 'Yter', 'lyter1j@fotki.com', '38902 American Way');
insert into persona (legajo, nombre, apellido, email, direccion) values (57, 'Katherine', 'Angeau', 'kangeau1k@noaa.gov', '3556 Westerfield Hill');
insert into persona (legajo, nombre, apellido, email, direccion) values (58, 'Nola', 'MacKey', 'nmackey1l@businessinsider.com', '68601 Paget Terrace');
insert into persona (legajo, nombre, apellido, email, direccion) values (59, 'Mona', 'Plues', 'mplues1m@wufoo.com', '180 Summit Park');
insert into persona (legajo, nombre, apellido, email, direccion) values (60, 'Babbie', 'Bennetts', 'bbennetts1n@cafepress.com', '1 Dexter Street');
insert into persona (legajo, nombre, apellido, email, direccion) values (61, 'Ethelda', 'Demangeot', 'edemangeot1o@fema.gov', '6 Browning Park');
insert into persona (legajo, nombre, apellido, email, direccion) values (62, 'Larry', 'Sieb', 'lsieb1p@nifty.com', '9160 Grim Plaza');
insert into persona (legajo, nombre, apellido, email, direccion) values (63, 'Kristy', 'Sinclar', 'ksinclar1q@arstechnica.com', '1 Pine View Circle');
insert into persona (legajo, nombre, apellido, email, direccion) values (64, 'Cherie', 'Butterfield', 'cbutterfield1r@joomla.org', '9030 Hallows Court');
insert into persona (legajo, nombre, apellido, email, direccion) values (65, 'Itch', 'Church', 'ichurch1s@google.com.au', '35816 Gale Parkway');
insert into persona (legajo, nombre, apellido, email, direccion) values (66, 'Creighton', 'Kennaway', 'ckennaway1t@goo.ne.jp', '649 Bartillon Point');
insert into persona (legajo, nombre, apellido, email, direccion) values (67, 'Daryl', 'Othen', 'dothen1u@nationalgeographic.com', '524 Waubesa Alley');
insert into persona (legajo, nombre, apellido, email, direccion) values (68, 'Eleanora', 'Menco', 'emenco1v@intel.com', '597 Clarendon Hill');
insert into persona (legajo, nombre, apellido, email, direccion) values (69, 'Janna', 'Vurley', 'jvurley1w@pagesperso-orange.fr', '1499 Raven Point');
insert into persona (legajo, nombre, apellido, email, direccion) values (70, 'Alberta', 'MacCafferky', 'amaccafferky1x@nymag.com', '79 Scofield Street');
insert into persona (legajo, nombre, apellido, email, direccion) values (71, 'Mead', 'Eede', 'meede1y@t-online.de', '6992 Harbort Road');
insert into persona (legajo, nombre, apellido, email, direccion) values (72, 'Evered', 'Hanscombe', 'ehanscombe1z@bluehost.com', '31 Roth Place');
insert into persona (legajo, nombre, apellido, email, direccion) values (73, 'Kittie', 'Sire', 'ksire20@sourceforge.net', '31075 Roxbury Alley');
insert into persona (legajo, nombre, apellido, email, direccion) values (74, 'Marlo', 'Clapp', 'mclapp21@skype.com', '4 Amoth Junction');
insert into persona (legajo, nombre, apellido, email, direccion) values (75, 'Loren', 'Dransfield', 'ldransfield22@census.gov', '2 Messerschmidt Way');
insert into persona (legajo, nombre, apellido, email, direccion) values (76, 'Allix', 'Taunton', 'ataunton23@nsw.gov.au', '62882 Evergreen Place');
insert into persona (legajo, nombre, apellido, email, direccion) values (77, 'Heath', 'Fudger', 'hfudger24@clickbank.net', '51383 Lake View Hill');
insert into persona (legajo, nombre, apellido, email, direccion) values (78, 'Beilul', 'Quarry', 'bquarry25@newsvine.com', '86 Towne Parkway');
insert into persona (legajo, nombre, apellido, email, direccion) values (79, 'Roslyn', 'Giacobazzi', 'rgiacobazzi26@utexas.edu', '80 Nevada Avenue');
insert into persona (legajo, nombre, apellido, email, direccion) values (80, 'Vanda', 'O'' Dornan', 'vodornan27@pcworld.com', '07644 Morrow Way');
insert into persona (legajo, nombre, apellido, email, direccion) values (81, 'Algernon', 'Devon', 'adevon28@google.de', '540 Gateway Trail');
insert into persona (legajo, nombre, apellido, email, direccion) values (82, 'Natala', 'Megahey', 'nmegahey29@ezinearticles.com', '23810 Porter Trail');
insert into persona (legajo, nombre, apellido, email, direccion) values (83, 'Itch', 'Yerby', 'iyerby2a@51.la', '8 Rusk Court');
insert into persona (legajo, nombre, apellido, email, direccion) values (84, 'Nye', 'Danilovic', 'ndanilovic2b@facebook.com', '1247 Caliangt Circle');
insert into persona (legajo, nombre, apellido, email, direccion) values (85, 'Eden', 'Averall', 'eaverall2c@google.cn', '6192 Cascade Place');
insert into persona (legajo, nombre, apellido, email, direccion) values (86, 'Dean', 'Wythe', 'dwythe2d@youtu.be', '7 Anniversary Circle');
insert into persona (legajo, nombre, apellido, email, direccion) values (87, 'Emory', 'Conachie', 'econachie2e@vk.com', '94050 Bayside Hill');
insert into persona (legajo, nombre, apellido, email, direccion) values (88, 'Luigi', 'Thacke', 'lthacke2f@icq.com', '2323 Carpenter Hill');
insert into persona (legajo, nombre, apellido, email, direccion) values (89, 'Errol', 'Packwood', 'epackwood2g@cdbaby.com', '8 Briar Crest Place');
insert into persona (legajo, nombre, apellido, email, direccion) values (90, 'Dolley', 'Sherrard', 'dsherrard2h@soundcloud.com', '4326 Eastlawn Road');
insert into persona (legajo, nombre, apellido, email, direccion) values (91, 'Tedman', 'Perutto', 'tperutto2i@ucla.edu', '357 Reindahl Road');
insert into persona (legajo, nombre, apellido, email, direccion) values (92, 'Mateo', 'Bohlmann', 'mbohlmann2j@msn.com', '97 Petterle Center');
insert into persona (legajo, nombre, apellido, email, direccion) values (93, 'Melba', 'Coon', 'mcoon2k@columbia.edu', '3 Summer Ridge Place');
insert into persona (legajo, nombre, apellido, email, direccion) values (94, 'Northrop', 'Liggons', 'nliggons2l@phpbb.com', '2563 Oneill Street');
insert into persona (legajo, nombre, apellido, email, direccion) values (95, 'Elsa', 'Antoniat', 'eantoniat2m@jalbum.net', '7 Shelley Center');
insert into persona (legajo, nombre, apellido, email, direccion) values (96, 'Merline', 'Cunnell', 'mcunnell2n@msn.com', '36 Magdeline Hill');
insert into persona (legajo, nombre, apellido, email, direccion) values (97, 'Elsbeth', 'Richardot', 'erichardot2o@sfgate.com', '1266 Thompson Street');
insert into persona (legajo, nombre, apellido, email, direccion) values (98, 'Keeley', 'Grovier', 'kgrovier2p@nhs.uk', '61 Helena Lane');
insert into persona (legajo, nombre, apellido, email, direccion) values (99, 'Doris', 'Waiton', 'dwaiton2q@imdb.com', '3312 Comanche Drive');
insert into persona (legajo, nombre, apellido, email, direccion) values (100, 'Kerk', 'Persey', 'kpersey2r@sfgate.com', '9 Nancy Avenue');


insert into operario (legajo, nombre, apellido, email, direccion, actividad ) values (1, 'Camile', 'Martinet', 'cmartinet0@umn.edu', '3 Mallory Road', 'Compensation Analyst');
insert into operario (legajo, nombre, apellido, email, direccion, actividad ) values (2, 'Madalyn', 'Kave', 'mkave1@flickr.com', '25 Meadow Vale Circle', 'Senior Financial Analyst');
insert into operario (legajo, nombre, apellido, email, direccion, actividad ) values (3, 'Edsel', 'Cranmere', 'ecranmere2@facebook.com', '61 Kenwood Avenue', 'Sales Representative');
insert into operario (legajo, nombre, apellido, email, direccion, actividad ) values (4, 'Rosco', 'Trudgeon', 'rtrudgeon3@lulu.com', '428 Hauk Center', 'Human Resources Assistant IV');
insert into operario (legajo, nombre, apellido, email, direccion, actividad ) values (5, 'Wald', 'McMichael', 'wmcmichael4@census.gov', '6694 Graceland Lane', 'Staff Scientist');
insert into operario (legajo, nombre, apellido, email, direccion, actividad ) values (6, 'Waring', 'Goldthorp', 'wgoldthorp5@shutterfly.com', '400 Mesta Street', 'Payment Adjustment Coordinator');
insert into operario (legajo, nombre, apellido, email, direccion, actividad ) values (7, 'Kym', 'Baal', 'kbaal6@elegantthemes.com', '380 Dovetail Plaza', 'Recruiting Manager');
insert into operario (legajo, nombre, apellido, email, direccion, actividad ) values (8, 'Filmer', 'Pybworth', 'fpybworth7@lycos.com', '2342 Erie Drive', 'Sales Associate');
insert into operario (legajo, nombre, apellido, email, direccion, actividad ) values (9, 'Adriane', 'Fennick', 'afennick8@scientificamerican.com', '1228 Lighthouse Bay Hill', 'Chief Design Engineer');
insert into operario (legajo, nombre, apellido, email, direccion, actividad ) values (10, 'Greggory', 'Minister', 'gminister9@gravatar.com', '093 Londonderry Drive', 'Account Representative IV');
insert into operario (legajo, nombre, apellido, email, direccion, actividad ) values (11, 'Burch', 'Humpherson', 'bhumphersona@auda.org.au', '20822 Jenna Place', 'Database Administrator III');
insert into operario (legajo, nombre, apellido, email, direccion, actividad ) values (12, 'Colman', 'Brunelleschi', 'cbrunelleschib@buzzfeed.com', '13 Scoville Street', 'Financial Advisor');
insert into operario (legajo, nombre, apellido, email, direccion, actividad ) values (13, 'Ezra', 'Andor', 'eandorc@webnode.com', '120 Village Green Avenue', 'Nuclear Power Engineer');
insert into operario (legajo, nombre, apellido, email, direccion, actividad ) values (14, 'Victoir', 'Sparway', 'vsparwayd@usatoday.com', '981 Bowman Plaza', 'Administrative Assistant IV');
insert into operario (legajo, nombre, apellido, email, direccion, actividad ) values (15, 'Ramsay', 'Dener', 'rdenere@newyorker.com', '7357 Cherokee Lane', 'Product Engineer');
insert into operario (legajo, nombre, apellido, email, direccion, actividad ) values (16, 'Thacher', 'MacCrackan', 'tmaccrackanf@mapquest.com', '900 Lukken Park', 'Chief Design Engineer');
insert into operario (legajo, nombre, apellido, email, direccion, actividad ) values (17, 'Klemens', 'Cawsy', 'kcawsyg@miitbeian.gov.cn', '25 Hollow Ridge Point', 'Marketing Manager');
insert into operario (legajo, nombre, apellido, email, direccion, actividad ) values (18, 'Carley', 'Benam', 'cbenamh@unblog.fr', '288 Heffernan Center', 'Human Resources Manager');
insert into operario (legajo, nombre, apellido, email, direccion, actividad ) values (19, 'Monique', 'Doonican', 'mdoonicani@sun.com', '05 Holy Cross Way', 'Registered Nurse');
insert into operario (legajo, nombre, apellido, email, direccion, actividad ) values (20, 'Raeann', 'Huton', 'rhutonj@hud.gov', '08451 Summer Ridge Avenue', 'Help Desk Technician');
insert into operario (legajo, nombre, apellido, email, direccion, actividad ) values (21, 'Lesli', 'Filipczak', 'lfilipczakk@nbcnews.com', '3 Bowman Street', 'Pharmacist');
insert into operario (legajo, nombre, apellido, email, direccion, actividad ) values (22, 'Barbabra', 'Waddington', 'bwaddingtonl@china.com.cn', '1 Fairview Center', 'Food Chemist');
insert into operario (legajo, nombre, apellido, email, direccion, actividad ) values (23, 'Sherlock', 'Giblin', 'sgiblinm@weather.com', '0 Boyd Drive', 'Editor');
insert into operario (legajo, nombre, apellido, email, direccion, actividad ) values (24, 'Dorelle', 'Sheers', 'dsheersn@angelfire.com', '38 Maywood Street', 'Research Nurse');
insert into operario (legajo, nombre, apellido, email, direccion, actividad ) values (25, 'Hagan', 'Pifford', 'hpiffordo@mapquest.com', '81271 Transport Junction', 'Actuary');
insert into operario (legajo, nombre, apellido, email, direccion, actividad ) values (26, 'Perle', 'Cribbott', 'pcribbottp@examiner.com', '0 Shopko Lane', 'Budget/Accounting Analyst II');
insert into operario (legajo, nombre, apellido, email, direccion, actividad ) values (27, 'Ashlie', 'Woolstenholmes', 'awoolstenholmesq@fastcompany.com', '802 Northfield Junction', 'Assistant Manager');
insert into operario (legajo, nombre, apellido, email, direccion, actividad ) values (28, 'Cammi', 'Presman', 'cpresmanr@vistaprint.com', '0 Bay Road', 'Paralegal');
insert into operario (legajo, nombre, apellido, email, direccion, actividad ) values (29, 'Kahaleel', 'Crosfield', 'kcrosfields@sciencedirect.com', '84185 Carpenter Terrace', 'Nurse');
insert into operario (legajo, nombre, apellido, email, direccion, actividad ) values (30, 'Laureen', 'de Tocqueville', 'ldetocquevillet@blogger.com', '409 Continental Terrace', 'Staff Accountant I');
insert into operario (legajo, nombre, apellido, email, direccion, actividad ) values (31, 'Ulrikaumeko', 'Pigny', 'upignyu@topsy.com', '8 Katie Parkway', 'Product Engineer');
insert into operario (legajo, nombre, apellido, email, direccion, actividad ) values (32, 'Urbanus', 'Lage', 'ulagev@ezinearticles.com', '70 Talmadge Plaza', 'Marketing Assistant');
insert into operario (legajo, nombre, apellido, email, direccion, actividad ) values (33, 'Terri-jo', 'Gayne', 'tgaynew@ustream.tv', '2715 Birchwood Trail', 'Research Assistant II');
insert into operario (legajo, nombre, apellido, email, direccion, actividad ) values (34, 'Hallie', 'Trench', 'htrenchx@odnoklassniki.ru', '5400 Brown Crossing', 'Quality Engineer');
insert into operario (legajo, nombre, apellido, email, direccion, actividad ) values (35, 'Nestor', 'Durdy', 'ndurdyy@ted.com', '56 Commercial Pass', 'Senior Financial Analyst');
insert into operario (legajo, nombre, apellido, email, direccion, actividad ) values (36, 'Mycah', 'Callway', 'mcallwayz@nytimes.com', '654 Lotheville Place', 'GIS Technical Architect');
insert into operario (legajo, nombre, apellido, email, direccion, actividad ) values (37, 'Goddart', 'Drayn', 'gdrayn10@cloudflare.com', '9 Homewood Center', 'General Manager');
insert into operario (legajo, nombre, apellido, email, direccion, actividad ) values (38, 'Eleanora', 'Feighry', 'efeighry11@twitter.com', '41533 Roxbury Drive', 'Cost Accountant');
insert into operario (legajo, nombre, apellido, email, direccion, actividad ) values (39, 'Christophorus', 'Mazillius', 'cmazillius12@mail.ru', '893 Katie Court', 'Assistant Professor');
insert into operario (legajo, nombre, apellido, email, direccion, actividad ) values (40, 'Janette', 'Buggs', 'jbuggs13@barnesandnoble.com', '6 Merry Court', 'Dental Hygienist');
insert into operario (legajo, nombre, apellido, email, direccion, actividad ) values (41, 'Ambrosius', 'Ledgerton', 'aledgerton14@acquirethisname.com', '75999 Moulton Plaza', 'Physical Therapy Assistant');
insert into operario (legajo, nombre, apellido, email, direccion, actividad ) values (42, 'Wilfred', 'Surpliss', 'wsurpliss15@alibaba.com', '2 Westend Road', 'Marketing Manager');
insert into operario (legajo, nombre, apellido, email, direccion, actividad ) values (43, 'Davon', 'O''Giany', 'dogiany16@nymag.com', '75 Stoughton Crossing', 'Graphic Designer');
insert into operario (legajo, nombre, apellido, email, direccion, actividad ) values (44, 'Michelle', 'Cinavas', 'mcinavas17@economist.com', '79336 Cottonwood Trail', 'Business Systems Development Analyst');
insert into operario (legajo, nombre, apellido, email, direccion, actividad ) values (45, 'Kamila', 'Theodore', 'ktheodore18@answers.com', '9787 Shasta Center', 'Editor');
insert into operario (legajo, nombre, apellido, email, direccion, actividad ) values (46, 'Derry', 'Barnwall', 'dbarnwall19@ted.com', '9944 Helena Circle', 'Nurse');
insert into operario (legajo, nombre, apellido, email, direccion, actividad ) values (47, 'Abel', 'Halcro', 'ahalcro1a@twitter.com', '0036 Cordelia Way', 'Financial Analyst');
insert into operario (legajo, nombre, apellido, email, direccion, actividad ) values (48, 'Orson', 'Levington', 'olevington1b@360.cn', '04510 Armistice Lane', 'Sales Associate');
insert into operario (legajo, nombre, apellido, email, direccion, actividad ) values (49, 'Kaleena', 'Jahnke', 'kjahnke1c@nyu.edu', '8 Claremont Street', 'Administrative Assistant II');
insert into operario (legajo, nombre, apellido, email, direccion, actividad ) values (50, 'Hardy', 'Struttman', 'hstruttman1d@google.es', '128 Lakeland Road', 'Teacher');



insert into administrador (legajo, nombre, apellido, email, direccion) values (51, 'Edan', 'Greathead', 'egreathead1e@weibo.com', '804 Utah Circle');
insert into administrador (legajo, nombre, apellido, email, direccion) values (52, 'Arabelle', 'Attaway', 'aattaway1f@craigslist.org', '8 Alpine Lane');
insert into administrador (legajo, nombre, apellido, email, direccion) values (53, 'Jeddy', 'Yuryichev', 'jyuryichev1g@reverbnation.com', '73814 Di Loreto Hill');
insert into administrador (legajo, nombre, apellido, email, direccion) values (54, 'Marilin', 'Leedes', 'mleedes1h@geocities.com', '8 Bay Center');
insert into administrador (legajo, nombre, apellido, email, direccion) values (55, 'Dimitry', 'Kidson', 'dkidson1i@newsvine.com', '08 Delaware Alley');
insert into administrador (legajo, nombre, apellido, email, direccion) values (56, 'Leigh', 'Yter', 'lyter1j@fotki.com', '38902 American Way');
insert into administrador (legajo, nombre, apellido, email, direccion) values (57, 'Katherine', 'Angeau', 'kangeau1k@noaa.gov', '3556 Westerfield Hill');
insert into administrador (legajo, nombre, apellido, email, direccion) values (58, 'Nola', 'MacKey', 'nmackey1l@businessinsider.com', '68601 Paget Terrace');
insert into administrador (legajo, nombre, apellido, email, direccion) values (59, 'Mona', 'Plues', 'mplues1m@wufoo.com', '180 Summit Park');
insert into administrador (legajo, nombre, apellido, email, direccion) values (60, 'Babbie', 'Bennetts', 'bbennetts1n@cafepress.com', '1 Dexter Street');
insert into administrador (legajo, nombre, apellido, email, direccion) values (61, 'Ethelda', 'Demangeot', 'edemangeot1o@fema.gov', '6 Browning Park');
insert into administrador (legajo, nombre, apellido, email, direccion) values (62, 'Larry', 'Sieb', 'lsieb1p@nifty.com', '9160 Grim Plaza');
insert into administrador (legajo, nombre, apellido, email, direccion) values (63, 'Kristy', 'Sinclar', 'ksinclar1q@arstechnica.com', '1 Pine View Circle');
insert into administrador (legajo, nombre, apellido, email, direccion) values (64, 'Cherie', 'Butterfield', 'cbutterfield1r@joomla.org', '9030 Hallows Court');
insert into administrador (legajo, nombre, apellido, email, direccion) values (65, 'Itch', 'Church', 'ichurch1s@google.com.au', '35816 Gale Parkway');
insert into administrador (legajo, nombre, apellido, email, direccion) values (66, 'Creighton', 'Kennaway', 'ckennaway1t@goo.ne.jp', '649 Bartillon Point');
insert into administrador (legajo, nombre, apellido, email, direccion) values (67, 'Daryl', 'Othen', 'dothen1u@nationalgeographic.com', '524 Waubesa Alley');
insert into administrador (legajo, nombre, apellido, email, direccion) values (68, 'Eleanora', 'Menco', 'emenco1v@intel.com', '597 Clarendon Hill');
insert into administrador (legajo, nombre, apellido, email, direccion) values (69, 'Janna', 'Vurley', 'jvurley1w@pagesperso-orange.fr', '1499 Raven Point');
insert into administrador (legajo, nombre, apellido, email, direccion) values (70, 'Alberta', 'MacCafferky', 'amaccafferky1x@nymag.com', '79 Scofield Street');
insert into administrador (legajo, nombre, apellido, email, direccion) values (71, 'Mead', 'Eede', 'meede1y@t-online.de', '6992 Harbort Road');
insert into administrador (legajo, nombre, apellido, email, direccion) values (72, 'Evered', 'Hanscombe', 'ehanscombe1z@bluehost.com', '31 Roth Place');
insert into administrador (legajo, nombre, apellido, email, direccion) values (73, 'Kittie', 'Sire', 'ksire20@sourceforge.net', '31075 Roxbury Alley');
insert into administrador (legajo, nombre, apellido, email, direccion) values (74, 'Marlo', 'Clapp', 'mclapp21@skype.com', '4 Amoth Junction');
insert into administrador (legajo, nombre, apellido, email, direccion) values (75, 'Loren', 'Dransfield', 'ldransfield22@census.gov', '2 Messerschmidt Way');
insert into administrador (legajo, nombre, apellido, email, direccion) values (76, 'Allix', 'Taunton', 'ataunton23@nsw.gov.au', '62882 Evergreen Place');
insert into administrador (legajo, nombre, apellido, email, direccion) values (77, 'Heath', 'Fudger', 'hfudger24@clickbank.net', '51383 Lake View Hill');
insert into administrador (legajo, nombre, apellido, email, direccion) values (78, 'Beilul', 'Quarry', 'bquarry25@newsvine.com', '86 Towne Parkway');
insert into administrador (legajo, nombre, apellido, email, direccion) values (79, 'Roslyn', 'Giacobazzi', 'rgiacobazzi26@utexas.edu', '80 Nevada Avenue');
insert into administrador (legajo, nombre, apellido, email, direccion) values (80, 'Vanda', 'O'' Dornan', 'vodornan27@pcworld.com', '07644 Morrow Way');
insert into administrador (legajo, nombre, apellido, email, direccion) values (81, 'Algernon', 'Devon', 'adevon28@google.de', '540 Gateway Trail');
insert into administrador (legajo, nombre, apellido, email, direccion) values (82, 'Natala', 'Megahey', 'nmegahey29@ezinearticles.com', '23810 Porter Trail');
insert into administrador (legajo, nombre, apellido, email, direccion) values (83, 'Itch', 'Yerby', 'iyerby2a@51.la', '8 Rusk Court');
insert into administrador (legajo, nombre, apellido, email, direccion) values (84, 'Nye', 'Danilovic', 'ndanilovic2b@facebook.com', '1247 Caliangt Circle');
insert into administrador (legajo, nombre, apellido, email, direccion) values (85, 'Eden', 'Averall', 'eaverall2c@google.cn', '6192 Cascade Place');
insert into administrador (legajo, nombre, apellido, email, direccion) values (86, 'Dean', 'Wythe', 'dwythe2d@youtu.be', '7 Anniversary Circle');
insert into administrador (legajo, nombre, apellido, email, direccion) values (87, 'Emory', 'Conachie', 'econachie2e@vk.com', '94050 Bayside Hill');
insert into administrador (legajo, nombre, apellido, email, direccion) values (88, 'Luigi', 'Thacke', 'lthacke2f@icq.com', '2323 Carpenter Hill');
insert into administrador (legajo, nombre, apellido, email, direccion) values (89, 'Errol', 'Packwood', 'epackwood2g@cdbaby.com', '8 Briar Crest Place');
insert into administrador (legajo, nombre, apellido, email, direccion) values (90, 'Dolley', 'Sherrard', 'dsherrard2h@soundcloud.com', '4326 Eastlawn Road');
insert into administrador (legajo, nombre, apellido, email, direccion) values (91, 'Tedman', 'Perutto', 'tperutto2i@ucla.edu', '357 Reindahl Road');
insert into administrador (legajo, nombre, apellido, email, direccion) values (92, 'Mateo', 'Bohlmann', 'mbohlmann2j@msn.com', '97 Petterle Center');
insert into administrador (legajo, nombre, apellido, email, direccion) values (93, 'Melba', 'Coon', 'mcoon2k@columbia.edu', '3 Summer Ridge Place');
insert into administrador (legajo, nombre, apellido, email, direccion) values (94, 'Northrop', 'Liggons', 'nliggons2l@phpbb.com', '2563 Oneill Street');
insert into administrador (legajo, nombre, apellido, email, direccion) values (95, 'Elsa', 'Antoniat', 'eantoniat2m@jalbum.net', '7 Shelley Center');
insert into administrador (legajo, nombre, apellido, email, direccion) values (96, 'Merline', 'Cunnell', 'mcunnell2n@msn.com', '36 Magdeline Hill');
insert into administrador (legajo, nombre, apellido, email, direccion) values (97, 'Elsbeth', 'Richardot', 'erichardot2o@sfgate.com', '1266 Thompson Street');
insert into administrador (legajo, nombre, apellido, email, direccion) values (98, 'Keeley', 'Grovier', 'kgrovier2p@nhs.uk', '61 Helena Lane');
insert into administrador (legajo, nombre, apellido, email, direccion) values (99, 'Doris', 'Waiton', 'dwaiton2q@imdb.com', '3312 Comanche Drive');
insert into administrador (legajo, nombre, apellido, email, direccion) values (100, 'Kerk', 'Persey', 'kpersey2r@sfgate.com', '9 Nancy Avenue');


insert into telefono (legajo, prefijo, numero) values (1, 1, '167-398-8640');
insert into telefono (legajo, prefijo, numero) values (2, 2, '238-615-8430');
insert into telefono (legajo, prefijo, numero) values (3, 3, '383-356-1688');
insert into telefono (legajo, prefijo, numero) values (4, 4, '861-891-8143');
insert into telefono (legajo, prefijo, numero) values (5, 5, '238-287-9485');
insert into telefono (legajo, prefijo, numero) values (6, 6, '608-425-9266');
insert into telefono (legajo, prefijo, numero) values (7, 7, '146-641-1713');
insert into telefono (legajo, prefijo, numero) values (8, 8, '528-814-3153');
insert into telefono (legajo, prefijo, numero) values (9, 9, '415-686-8526');
insert into telefono (legajo, prefijo, numero) values (10, 10, '394-918-0703');
insert into telefono (legajo, prefijo, numero) values (11, 11, '733-530-9989');
insert into telefono (legajo, prefijo, numero) values (12, 12, '839-378-2617');
insert into telefono (legajo, prefijo, numero) values (13, 13, '208-578-8636');
insert into telefono (legajo, prefijo, numero) values (14, 14, '238-163-6960');
insert into telefono (legajo, prefijo, numero) values (15, 15, '956-268-6090');
insert into telefono (legajo, prefijo, numero) values (16, 16, '211-127-2871');
insert into telefono (legajo, prefijo, numero) values (17, 17, '578-196-2065');
insert into telefono (legajo, prefijo, numero) values (18, 18, '307-259-3158');
insert into telefono (legajo, prefijo, numero) values (19, 19, '860-172-6735');
insert into telefono (legajo, prefijo, numero) values (20, 20, '809-938-1516');
insert into telefono (legajo, prefijo, numero) values (21, 21, '648-857-0100');
insert into telefono (legajo, prefijo, numero) values (22, 22, '932-768-8953');
insert into telefono (legajo, prefijo, numero) values (23, 23, '833-328-2309');
insert into telefono (legajo, prefijo, numero) values (24, 24, '164-143-6594');
insert into telefono (legajo, prefijo, numero) values (25, 25, '669-721-9057');
insert into telefono (legajo, prefijo, numero) values (26, 26, '949-524-2110');
insert into telefono (legajo, prefijo, numero) values (27, 27, '341-546-3526');
insert into telefono (legajo, prefijo, numero) values (28, 28, '955-361-9499');
insert into telefono (legajo, prefijo, numero) values (29, 29, '261-756-6089');
insert into telefono (legajo, prefijo, numero) values (30, 30, '764-500-0393');
insert into telefono (legajo, prefijo, numero) values (31, 31, '897-808-9919');
insert into telefono (legajo, prefijo, numero) values (32, 32, '121-269-9533');
insert into telefono (legajo, prefijo, numero) values (33, 33, '293-111-8549');
insert into telefono (legajo, prefijo, numero) values (34, 34, '271-859-9230');
insert into telefono (legajo, prefijo, numero) values (35, 35, '560-125-9319');
insert into telefono (legajo, prefijo, numero) values (36, 36, '557-982-3177');
insert into telefono (legajo, prefijo, numero) values (37, 37, '826-763-4305');
insert into telefono (legajo, prefijo, numero) values (38, 38, '947-542-0004');
insert into telefono (legajo, prefijo, numero) values (39, 39, '714-681-6783');
insert into telefono (legajo, prefijo, numero) values (40, 40, '548-938-8485');
insert into telefono (legajo, prefijo, numero) values (41, 41, '269-274-0940');
insert into telefono (legajo, prefijo, numero) values (42, 42, '468-760-4206');
insert into telefono (legajo, prefijo, numero) values (43, 43, '151-641-0848');
insert into telefono (legajo, prefijo, numero) values (44, 44, '987-496-4342');
insert into telefono (legajo, prefijo, numero) values (45, 45, '346-759-6788');
insert into telefono (legajo, prefijo, numero) values (46, 46, '613-271-7087');
insert into telefono (legajo, prefijo, numero) values (47, 47, '838-771-4826');
insert into telefono (legajo, prefijo, numero) values (48, 48, '970-388-8560');
insert into telefono (legajo, prefijo, numero) values (49, 49, '736-709-1952');
insert into telefono (legajo, prefijo, numero) values (50, 50, '616-248-7922');
insert into telefono (legajo, prefijo, numero) values (51, 51, '906-642-3160');
insert into telefono (legajo, prefijo, numero) values (52, 52, '126-910-6366');
insert into telefono (legajo, prefijo, numero) values (53, 53, '435-749-3462');
insert into telefono (legajo, prefijo, numero) values (54, 54, '596-681-2648');
insert into telefono (legajo, prefijo, numero) values (55, 55, '808-814-9194');
insert into telefono (legajo, prefijo, numero) values (56, 56, '633-246-8673');
insert into telefono (legajo, prefijo, numero) values (57, 57, '982-961-3490');
insert into telefono (legajo, prefijo, numero) values (58, 58, '966-372-0450');
insert into telefono (legajo, prefijo, numero) values (59, 59, '880-556-5137');
insert into telefono (legajo, prefijo, numero) values (60, 60, '319-630-1680');
insert into telefono (legajo, prefijo, numero) values (61, 61, '410-329-6538');
insert into telefono (legajo, prefijo, numero) values (62, 62, '879-275-8108');
insert into telefono (legajo, prefijo, numero) values (63, 63, '238-440-7868');
insert into telefono (legajo, prefijo, numero) values (64, 64, '174-425-7300');
insert into telefono (legajo, prefijo, numero) values (65, 65, '406-308-4408');
insert into telefono (legajo, prefijo, numero) values (66, 66, '171-662-4310');
insert into telefono (legajo, prefijo, numero) values (67, 67, '590-230-7644');
insert into telefono (legajo, prefijo, numero) values (68, 68, '451-451-0547');
insert into telefono (legajo, prefijo, numero) values (69, 69, '678-704-8544');
insert into telefono (legajo, prefijo, numero) values (70, 70, '657-166-0640');
insert into telefono (legajo, prefijo, numero) values (71, 71, '214-912-1381');
insert into telefono (legajo, prefijo, numero) values (72, 72, '268-733-4497');
insert into telefono (legajo, prefijo, numero) values (73, 73, '828-764-5024');
insert into telefono (legajo, prefijo, numero) values (74, 74, '742-390-6655');
insert into telefono (legajo, prefijo, numero) values (75, 75, '420-668-5603');
insert into telefono (legajo, prefijo, numero) values (76, 76, '883-609-1575');
insert into telefono (legajo, prefijo, numero) values (77, 77, '682-782-0652');
insert into telefono (legajo, prefijo, numero) values (78, 78, '411-541-2299');
insert into telefono (legajo, prefijo, numero) values (79, 79, '818-435-7986');
insert into telefono (legajo, prefijo, numero) values (80, 80, '382-891-5790');
insert into telefono (legajo, prefijo, numero) values (81, 81, '317-709-3061');
insert into telefono (legajo, prefijo, numero) values (82, 82, '839-452-5414');
insert into telefono (legajo, prefijo, numero) values (83, 83, '160-426-7005');
insert into telefono (legajo, prefijo, numero) values (84, 84, '326-740-7182');
insert into telefono (legajo, prefijo, numero) values (85, 85, '351-441-5126');
insert into telefono (legajo, prefijo, numero) values (86, 86, '349-530-2132');
insert into telefono (legajo, prefijo, numero) values (87, 87, '294-105-7914');
insert into telefono (legajo, prefijo, numero) values (88, 88, '532-381-3556');
insert into telefono (legajo, prefijo, numero) values (89, 89, '338-947-9800');
insert into telefono (legajo, prefijo, numero) values (90, 90, '843-433-9311');
insert into telefono (legajo, prefijo, numero) values (91, 91, '267-201-5159');
insert into telefono (legajo, prefijo, numero) values (92, 92, '953-433-3882');
insert into telefono (legajo, prefijo, numero) values (93, 93, '721-467-5288');
insert into telefono (legajo, prefijo, numero) values (94, 94, '112-786-4521');
insert into telefono (legajo, prefijo, numero) values (95, 95, '663-972-9523');
insert into telefono (legajo, prefijo, numero) values (96, 96, '422-830-4036');
insert into telefono (legajo, prefijo, numero) values (97, 97, '834-658-2559');
insert into telefono (legajo, prefijo, numero) values (98, 98, '478-521-1286');
insert into telefono (legajo, prefijo, numero) values (99, 99, '486-528-5922');
insert into telefono (legajo, prefijo, numero) values (100, 100, '600-263-3978');


insert into empresa (cuit, razon_social, direccion) values ('34176149118', 'Breitenberg and Sons', '79 Milwaukee Park');
insert into empresa (cuit, razon_social, direccion) values ('34094474427', 'Rohan Inc', '215 Village Plaza');
insert into empresa (cuit, razon_social, direccion) values ('34-68863175-0', 'Bechtelar-Rolfson', '243 Forest Dale Park');
insert into empresa (cuit, razon_social, direccion) values ('33-68825650-5', 'Koch-Schowalter', '23926 Grover Plaza');
insert into empresa (cuit, razon_social, direccion) values ('34-41400522-9', 'Dach, Bartell and Upton', '48 Jay Avenue');
insert into empresa (cuit, razon_social, direccion) values ('34-85512290-8', 'Koch, Schuster and Lebsack', '96 Hazelcrest Pass');
insert into empresa (cuit, razon_social, direccion) values ('33-17165438-7', 'Wisoky-Botsford', '43 Meadow Valley Hill');
insert into empresa (cuit, razon_social, direccion) values ('34-01033475-2', 'Cartwright LLC', '27 Sachtjen Road');
insert into empresa (cuit, razon_social, direccion) values ('34932488098', 'Watsica-Gislason', '69778 Becker Parkway');
insert into empresa (cuit, razon_social, direccion) values ('34-00218293-6', 'Mosciski-Windler', '3531 Colorado Terrace');
insert into empresa (cuit, razon_social, direccion) values ('33006121836', 'Towne Group', '673 Artisan Alley');
insert into empresa (cuit, razon_social, direccion) values ('33-09452420-5', 'Grimes-Homenick', '84295 Village Park');
insert into empresa (cuit, razon_social, direccion) values ('30-20738827-1', 'Kessler-Lowe', '9404 Hazelcrest Trail');
insert into empresa (cuit, razon_social, direccion) values ('33240037869', 'Wisozk-McDermott', '48 Carberry Lane');
insert into empresa (cuit, razon_social, direccion) values ('34480219175', 'Russel LLC', '72 Coolidge Crossing');
insert into empresa (cuit, razon_social, direccion) values ('30546457612', 'Larkin-Emard', '683 Oak Circle');
insert into empresa (cuit, razon_social, direccion) values ('34-72376186-7', 'Russel, Mueller and Rodriguez', '4579 Iowa Crossing');
insert into empresa (cuit, razon_social, direccion) values ('33157935371', 'West-Kshlerin', '2 Nova Court');
insert into empresa (cuit, razon_social, direccion) values ('33071450682', 'Gusikowski-Roberts', '25376 David Court');
insert into empresa (cuit, razon_social, direccion) values ('30-43489192-0', 'Adams, Lindgren and McKenzie', '458 7th Place');
insert into empresa (cuit, razon_social, direccion) values ('34-95629388-4', 'Sawayn, Shields and Cummings', '1 Killdeer Hill');
insert into empresa (cuit, razon_social, direccion) values ('34-45770144-8', 'Feeney-Parisian', '05 Melvin Pass');
insert into empresa (cuit, razon_social, direccion) values ('30163285930', 'Walsh-Volkman', '84263 Ludington Center');
insert into empresa (cuit, razon_social, direccion) values ('30-40190760-7', 'Borer and Sons', '47 Jenifer Place');
insert into empresa (cuit, razon_social, direccion) values ('34861264039', 'Botsford-Schmeler', '9 Mendota Point');
insert into empresa (cuit, razon_social, direccion) values ('34099455780', 'Von-Howe', '5 Vahlen Plaza');
insert into empresa (cuit, razon_social, direccion) values ('34-50210560-0', 'Purdy-Gleason', '849 Continental Point');
insert into empresa (cuit, razon_social, direccion) values ('34673904949', 'Dare Group', '396 Stephen Pass');
insert into empresa (cuit, razon_social, direccion) values ('34694063270', 'Glover, Mraz and Marks', '2 Prentice Lane');
insert into empresa (cuit, razon_social, direccion) values ('34-77867462-5', 'Aufderhar, McDermott and Cummings', '28461 Mosinee Street');
insert into empresa (cuit, razon_social, direccion) values ('34774729906', 'Kuhlman-Spinka', '81 Moland Road');
insert into empresa (cuit, razon_social, direccion) values ('33452338575', 'Kreiger-Erdman', '6138 Glendale Drive');
insert into empresa (cuit, razon_social, direccion) values ('34642564432', 'Welch-Hauck', '69591 Hovde Avenue');
insert into empresa (cuit, razon_social, direccion) values ('33796333534', 'Wilderman-Ferry', '33364 Kim Crossing');
insert into empresa (cuit, razon_social, direccion) values ('34191441566', 'Toy, Padberg and Predovic', '34 Summer Ridge Court');
insert into empresa (cuit, razon_social, direccion) values ('34081098086', 'Robel-Hayes', '202 Lillian Avenue');
insert into empresa (cuit, razon_social, direccion) values ('34-97029275-0', 'Schiller-Kuphal', '5557 Kim Lane');
insert into empresa (cuit, razon_social, direccion) values ('34662844483', 'Roberts, Becker and Wilderman', '89100 Weeping Birch Place');
insert into empresa (cuit, razon_social, direccion) values ('34526924822', 'Monahan, Barrows and Leuschke', '3 Buena Vista Alley');
insert into empresa (cuit, razon_social, direccion) values ('30777037216', 'Renner, Haag and Schroeder', '0859 Pond Way');
insert into empresa (cuit, razon_social, direccion) values ('34992630975', 'Lind-Emmerich', '2 New Castle Way');
insert into empresa (cuit, razon_social, direccion) values ('34871965724', 'Herman, Kovacek and Crist', '0 Carpenter Trail');
insert into empresa (cuit, razon_social, direccion) values ('30226662435', 'Cassin and Sons', '478 7th Crossing');
insert into empresa (cuit, razon_social, direccion) values ('34441012940', 'Stark Group', '44572 Fisk Circle');
insert into empresa (cuit, razon_social, direccion) values ('34284378395', 'Paucek and Sons', '098 Lyons Plaza');
insert into empresa (cuit, razon_social, direccion) values ('30-38520011-6', 'Hodkiewicz, Leuschke and Harvey', '44 Delaware Circle');
insert into empresa (cuit, razon_social, direccion) values ('30545886416', 'Bernhard, Hoeger and Green', '2 Cherokee Crossing');
insert into empresa (cuit, razon_social, direccion) values ('34353696693', 'Bradtke-Kunze', '65 Troy Center');
insert into empresa (cuit, razon_social, direccion) values ('30383666589', 'Schaden, Zemlak and Huels', '48830 Meadow Ridge Hill');
insert into empresa (cuit, razon_social, direccion) values ('34-84463822-0', 'Spencer Group', '58 Schurz Road');
insert into empresa (cuit, razon_social, direccion) values ('33-48187145-3', 'Champlin-Mohr', '687 Roth Point');
insert into empresa (cuit, razon_social, direccion) values ('34-29412464-1', 'Fritsch Group', '0 Ruskin Road');
insert into empresa (cuit, razon_social, direccion) values ('34077757957', 'Parisian, Kuvalis and Rohan', '92 Hollow Ridge Lane');
insert into empresa (cuit, razon_social, direccion) values ('30233519035', 'McDermott, Casper and Stokes', '3932 Bluejay Center');
insert into empresa (cuit, razon_social, direccion) values ('33177553164', 'Hand, Sanford and Conroy', '4 Springview Crossing');
insert into empresa (cuit, razon_social, direccion) values ('30-44050128-9', 'Koelpin, Wunsch and Terry', '5955 Nelson Plaza');
insert into empresa (cuit, razon_social, direccion) values ('33663448407', 'Kohler-O''Connell', '2 Forest Street');
insert into empresa (cuit, razon_social, direccion) values ('33071595216', 'Langosh, Beahan and Gibson', '7202 Ludington Circle');
insert into empresa (cuit, razon_social, direccion) values ('30-80160237-5', 'Hartmann, Miller and Yost', '94 Green Junction');
insert into empresa (cuit, razon_social, direccion) values ('34561008687', 'Legros-Wilkinson', '146 Ohio Park');
insert into empresa (cuit, razon_social, direccion) values ('33-14465708-4', 'Greenfelder, Pfeffer and Lockman', '79829 Lighthouse Bay Court');
insert into empresa (cuit, razon_social, direccion) values ('30521780732', 'Walker, Bruen and Kuvalis', '7558 Glacier Hill Plaza');
insert into empresa (cuit, razon_social, direccion) values ('30-48695232-4', 'Greenholt Inc', '51980 Glacier Hill Lane');
insert into empresa (cuit, razon_social, direccion) values ('34070778264', 'Botsford, Runolfsson and Okuneva', '78 Thackeray Terrace');
insert into empresa (cuit, razon_social, direccion) values ('30-32898299-1', 'MacGyver Inc', '68574 Cordelia Parkway');
insert into empresa (cuit, razon_social, direccion) values ('34840250888', 'Kemmer-Gerhold', '386 Susan Plaza');
insert into empresa (cuit, razon_social, direccion) values ('30-33631569-1', 'Volkman Inc', '76 Killdeer Parkway');
insert into empresa (cuit, razon_social, direccion) values ('30774152872', 'Beahan LLC', '5 Coleman Drive');
insert into empresa (cuit, razon_social, direccion) values ('33-67662501-0', 'Brakus and Sons', '9 East Trail');
insert into empresa (cuit, razon_social, direccion) values ('34-60283065-1', 'Dickinson and Sons', '2078 Drewry Road');
insert into empresa (cuit, razon_social, direccion) values ('33470588176', 'Weimann Inc', '6 School Trail');
insert into empresa (cuit, razon_social, direccion) values ('30936918409', 'Goodwin, Ziemann and Ferry', '9010 Crowley Court');
insert into empresa (cuit, razon_social, direccion) values ('34476644037', 'Kozey Inc', '8576 Waywood Parkway');
insert into empresa (cuit, razon_social, direccion) values ('30-08918048-9', 'Cruickshank-Rolfson', '839 Kim Park');
insert into empresa (cuit, razon_social, direccion) values ('34658800707', 'Schulist Group', '15416 Sugar Trail');
insert into empresa (cuit, razon_social, direccion) values ('33-96758750-3', 'Hand LLC', '38 Montana Point');
insert into empresa (cuit, razon_social, direccion) values ('34-81478409-6', 'Dietrich-Hand', '004 American Point');
insert into empresa (cuit, razon_social, direccion) values ('33-79593481-4', 'Lindgren and Sons', '6 Anhalt Point');
insert into empresa (cuit, razon_social, direccion) values ('30-64006680-4', 'Labadie and Sons', '49579 Parkside Court');
insert into empresa (cuit, razon_social, direccion) values ('34062944285', 'Schinner, Conn and Bradtke', '80588 Reindahl Alley');
insert into empresa (cuit, razon_social, direccion) values ('34741767016', 'Auer and Sons', '3 Anderson Pass');
insert into empresa (cuit, razon_social, direccion) values ('34469651350', 'Leuschke and Sons', '91772 3rd Park');
insert into empresa (cuit, razon_social, direccion) values ('30692992172', 'Wolff-Rice', '34300 Northview Crossing');
insert into empresa (cuit, razon_social, direccion) values ('34-01692998-4', 'Dicki-Lowe', '68 Sachs Point');
insert into empresa (cuit, razon_social, direccion) values ('34-02310403-4', 'Douglas Inc', '6271 Manitowish Junction');
insert into empresa (cuit, razon_social, direccion) values ('34178609287', 'Muller-Douglas', '7237 David Lane');
insert into empresa (cuit, razon_social, direccion) values ('33-59810738-6', 'Rempel and Sons', '76974 Huxley Plaza');
insert into empresa (cuit, razon_social, direccion) values ('30-27080907-2', 'Conn-Ebert', '6000 Wayridge Pass');
insert into empresa (cuit, razon_social, direccion) values ('33750482049', 'Effertz Group', '8911 Harper Trail');
insert into empresa (cuit, razon_social, direccion) values ('34228232944', 'Schroeder Inc', '78737 Larry Park');
insert into empresa (cuit, razon_social, direccion) values ('30403039062', 'Schulist, Haag and Sawayn', '8 Graceland Parkway');
insert into empresa (cuit, razon_social, direccion) values ('30-49255805-7', 'Koelpin, Wehner and Kuhlman', '6703 Vermont Way');
insert into empresa (cuit, razon_social, direccion) values ('34-45112908-6', 'Huel-Turcotte', '520 Birchwood Avenue');
insert into empresa (cuit, razon_social, direccion) values ('30-16724089-7', 'Johnson, Kuvalis and Ratke', '889 Delaware Pass');
insert into empresa (cuit, razon_social, direccion) values ('34-71947188-1', 'Skiles and Sons', '9 Norway Maple Street');
insert into empresa (cuit, razon_social, direccion) values ('34-03288873-0', 'Green-Kris', '397 Lunder Pass');
insert into empresa (cuit, razon_social, direccion) values ('30-81222572-6', 'Denesik-Prosacco', '415 Porter Avenue');
insert into empresa (cuit, razon_social, direccion) values ('33953138693', 'Wolf LLC', '91594 Straubel Street');
insert into empresa (cuit, razon_social, direccion) values ('34411388159', 'Olson-Jast', '876 Mayfield Place');
insert into empresa (cuit, razon_social, direccion) values ('34014038736', 'Murphy Group', '60223 Aberg Circle');




insert into alquiler (id_alquiler, legajo, cuit, fecha_inicio, fecha_fin) values (51, 51, '33-48187145-3', '2019-07-15', '2020-01-20');
insert into alquiler (id_alquiler, legajo, cuit, fecha_inicio, fecha_fin) values (52, 52, '34-29412464-1', '2019-02-04', '2020-08-05');
insert into alquiler (id_alquiler, legajo, cuit, fecha_inicio, fecha_fin) values (53, 53, '34077757957', '2017-04-29', '2020-05-20');
insert into alquiler (id_alquiler, legajo, cuit, fecha_inicio, fecha_fin) values (54, 54, '30233519035', '2016-02-26', '2020-02-21');
insert into alquiler (id_alquiler, legajo, cuit, fecha_inicio, fecha_fin) values (55, 55, '33177553164', '2019-02-16', '2020-03-09');
insert into alquiler (id_alquiler, legajo, cuit, fecha_inicio, fecha_fin) values (56, 56, '30-44050128-9', '2015-06-16', '2020-02-21');
insert into alquiler (id_alquiler, legajo, cuit, fecha_inicio, fecha_fin) values (57, 57, '33663448407', '2019-06-23', '2020-08-16');
insert into alquiler (id_alquiler, legajo, cuit, fecha_inicio, fecha_fin) values (58, 58, '33071595216', '2018-06-23', '2020-08-02');
insert into alquiler (id_alquiler, legajo, cuit, fecha_inicio, fecha_fin) values (59, 59, '30-80160237-5', '2016-09-17', '2020-03-01');
insert into alquiler (id_alquiler, legajo, cuit, fecha_inicio, fecha_fin) values (60, 60, '34561008687', '2019-12-31', '2020-07-01');
insert into alquiler (id_alquiler, legajo, cuit, fecha_inicio, fecha_fin) values (61, 61, '33-14465708-4', '2019-05-14', '2020-02-22');
insert into alquiler (id_alquiler, legajo, cuit, fecha_inicio, fecha_fin) values (62, 62, '30521780732', '2018-01-19', '2020-04-23');
insert into alquiler (id_alquiler, legajo, cuit, fecha_inicio, fecha_fin) values (63, 63, '30-48695232-4', '2017-11-15', '2020-03-10');
insert into alquiler (id_alquiler, legajo, cuit, fecha_inicio, fecha_fin) values (64, 64, '34070778264', '2015-08-17', '2020-02-29');
insert into alquiler (id_alquiler, legajo, cuit, fecha_inicio, fecha_fin) values (65, 65, '30-32898299-1', '2015-07-25', '2020-07-18');
insert into alquiler (id_alquiler, legajo, cuit, fecha_inicio, fecha_fin) values (66, 66, '34840250888', '2016-02-15', '2020-01-24');
insert into alquiler (id_alquiler, legajo, cuit, fecha_inicio, fecha_fin) values (67, 67, '30-33631569-1', '2016-10-22', '2020-04-18');
insert into alquiler (id_alquiler, legajo, cuit, fecha_inicio, fecha_fin) values (68, 68, '30774152872', '2017-09-25', '2020-04-02');
insert into alquiler (id_alquiler, legajo, cuit, fecha_inicio, fecha_fin) values (69, 69, '33-67662501-0', '2017-12-01', '2020-05-16');
insert into alquiler (id_alquiler, legajo, cuit, fecha_inicio, fecha_fin) values (70, 70, '34-60283065-1', '2016-09-06', '2020-01-03');
insert into alquiler (id_alquiler, legajo, cuit, fecha_inicio, fecha_fin) values (71, 71, '33470588176', '2017-04-05', '2020-09-05');
insert into alquiler (id_alquiler, legajo, cuit, fecha_inicio, fecha_fin) values (72, 72, '30936918409', '2015-11-14', '2020-01-30');
insert into alquiler (id_alquiler, legajo, cuit, fecha_inicio, fecha_fin) values (73, 73, '34476644037', '2016-09-16', '2020-08-26');
insert into alquiler (id_alquiler, legajo, cuit, fecha_inicio, fecha_fin) values (74, 74, '30-08918048-9', '2019-04-13', '2020-03-21');
insert into alquiler (id_alquiler, legajo, cuit, fecha_inicio, fecha_fin) values (75, 75, '34658800707', '2015-03-04', '2020-05-14');
insert into alquiler (id_alquiler, legajo, cuit, fecha_inicio, fecha_fin) values (76, 76, '33-96758750-3', '2019-11-28', '2020-02-08');
insert into alquiler (id_alquiler, legajo, cuit, fecha_inicio, fecha_fin) values (77, 77, '34-81478409-6', '2018-06-12', '2020-07-06');
insert into alquiler (id_alquiler, legajo, cuit, fecha_inicio, fecha_fin) values (78, 78, '33-79593481-4', '2018-09-20', '2020-01-02');
insert into alquiler (id_alquiler, legajo, cuit, fecha_inicio, fecha_fin) values (79, 79, '30-64006680-4', '2015-06-28', '2020-05-13');
insert into alquiler (id_alquiler, legajo, cuit, fecha_inicio, fecha_fin) values (80, 80, '34062944285', '2018-03-25', '2020-06-02');
insert into alquiler (id_alquiler, legajo, cuit, fecha_inicio, fecha_fin) values (81, 81, '34741767016', '2017-09-26', '2020-05-28');
insert into alquiler (id_alquiler, legajo, cuit, fecha_inicio, fecha_fin) values (82, 82, '34469651350', '2018-07-01', '2020-01-19');
insert into alquiler (id_alquiler, legajo, cuit, fecha_inicio, fecha_fin) values (83, 83, '30692992172', '2015-09-03', '2020-06-22');
insert into alquiler (id_alquiler, legajo, cuit, fecha_inicio, fecha_fin) values (84, 84, '34-01692998-4', '2017-01-13', '2020-02-10');
insert into alquiler (id_alquiler, legajo, cuit, fecha_inicio, fecha_fin) values (85, 85, '34-02310403-4', '2019-01-14', '2020-06-26');
insert into alquiler (id_alquiler, legajo, cuit, fecha_inicio, fecha_fin) values (86, 86, '34178609287', '2015-10-14', '2020-01-22');
insert into alquiler (id_alquiler, legajo, cuit, fecha_inicio, fecha_fin) values (87, 87, '33-59810738-6', '2019-04-15', '2020-08-12');
insert into alquiler (id_alquiler, legajo, cuit, fecha_inicio, fecha_fin) values (88, 88, '30-27080907-2', '2018-11-05', '2020-06-03');
insert into alquiler (id_alquiler, legajo, cuit, fecha_inicio, fecha_fin) values (89, 89, '33750482049', '2015-09-02', '2020-04-01');
insert into alquiler (id_alquiler, legajo, cuit, fecha_inicio, fecha_fin) values (90, 90, '34228232944', '2015-07-27', '2020-09-29');
insert into alquiler (id_alquiler, legajo, cuit, fecha_inicio, fecha_fin) values (91, 91, '30403039062', '2016-04-15', '2020-04-17');
insert into alquiler (id_alquiler, legajo, cuit, fecha_inicio, fecha_fin) values (92, 92, '30-49255805-7', '2015-01-07', '2020-02-12');
insert into alquiler (id_alquiler, legajo, cuit, fecha_inicio, fecha_fin) values (93, 93, '34-45112908-6', '2019-06-27', '2020-05-14');
insert into alquiler (id_alquiler, legajo, cuit, fecha_inicio, fecha_fin) values (94, 94, '30-16724089-7', '2015-03-22', '2020-07-17');
insert into alquiler (id_alquiler, legajo, cuit, fecha_inicio, fecha_fin) values (95, 95, '34-71947188-1', '2017-04-09', '2020-02-13');
insert into alquiler (id_alquiler, legajo, cuit, fecha_inicio, fecha_fin) values (96, 96, '34-03288873-0', '2018-07-25', '2020-07-09');
insert into alquiler (id_alquiler, legajo, cuit, fecha_inicio, fecha_fin) values (97, 97, '30-81222572-6', '2017-01-11', '2020-09-22');
insert into alquiler (id_alquiler, legajo, cuit, fecha_inicio, fecha_fin) values (98, 98, '33953138693', '2015-08-29', '2020-08-05');
insert into alquiler (id_alquiler, legajo, cuit, fecha_inicio, fecha_fin) values (99, 99, '34411388159', '2017-11-26', '2020-07-11');
insert into alquiler (id_alquiler, legajo, cuit, fecha_inicio, fecha_fin) values (100, 100, '34014038736', '2019-03-09', '2020-08-23');



insert into planta (id_planta, capacidad, disponibilidad) values (1, 4737, false);
insert into planta (id_planta, capacidad, disponibilidad) values (2, 1335, true);
insert into planta (id_planta, capacidad, disponibilidad) values (3, 8239, true);
insert into planta (id_planta, capacidad, disponibilidad) values (4, 2759, true);
insert into planta (id_planta, capacidad, disponibilidad) values (5, 5172, true);
insert into planta (id_planta, capacidad, disponibilidad) values (6, 1409, true);
insert into planta (id_planta, capacidad, disponibilidad) values (7, 2630, false);
insert into planta (id_planta, capacidad, disponibilidad) values (8, 5932, false);
insert into planta (id_planta, capacidad, disponibilidad) values (9, 8232, true);
insert into planta (id_planta, capacidad, disponibilidad) values (10, 7871, true);
insert into planta (id_planta, capacidad, disponibilidad) values (11, 8466, true);
insert into planta (id_planta, capacidad, disponibilidad) values (12, 9250, false);
insert into planta (id_planta, capacidad, disponibilidad) values (13, 4648, true);
insert into planta (id_planta, capacidad, disponibilidad) values (14, 8194, false);
insert into planta (id_planta, capacidad, disponibilidad) values (15, 5890, false);
insert into planta (id_planta, capacidad, disponibilidad) values (16, 5856, true);
insert into planta (id_planta, capacidad, disponibilidad) values (17, 9645, false);
insert into planta (id_planta, capacidad, disponibilidad) values (18, 3300, false);
insert into planta (id_planta, capacidad, disponibilidad) values (19, 8403, false);
insert into planta (id_planta, capacidad, disponibilidad) values (20, 3000, false);
insert into planta (id_planta, capacidad, disponibilidad) values (21, 9852, false);
insert into planta (id_planta, capacidad, disponibilidad) values (22, 8792, false);
insert into planta (id_planta, capacidad, disponibilidad) values (23, 2858, true);
insert into planta (id_planta, capacidad, disponibilidad) values (24, 1281, false);
insert into planta (id_planta, capacidad, disponibilidad) values (25, 1150, true);
insert into planta (id_planta, capacidad, disponibilidad) values (26, 8733, true);
insert into planta (id_planta, capacidad, disponibilidad) values (27, 1329, false);
insert into planta (id_planta, capacidad, disponibilidad) values (28, 4897, true);
insert into planta (id_planta, capacidad, disponibilidad) values (29, 6417, false);
insert into planta (id_planta, capacidad, disponibilidad) values (30, 8994, true);
insert into planta (id_planta, capacidad, disponibilidad) values (31, 7930, true);
insert into planta (id_planta, capacidad, disponibilidad) values (32, 3355, true);
insert into planta (id_planta, capacidad, disponibilidad) values (33, 3223, false);
insert into planta (id_planta, capacidad, disponibilidad) values (34, 7851, true);
insert into planta (id_planta, capacidad, disponibilidad) values (35, 3411, true);
insert into planta (id_planta, capacidad, disponibilidad) values (36, 8334, true);
insert into planta (id_planta, capacidad, disponibilidad) values (37, 3812, true);
insert into planta (id_planta, capacidad, disponibilidad) values (38, 4788, true);
insert into planta (id_planta, capacidad, disponibilidad) values (39, 3176, false);
insert into planta (id_planta, capacidad, disponibilidad) values (40, 7871, false);
insert into planta (id_planta, capacidad, disponibilidad) values (41, 1597, true);
insert into planta (id_planta, capacidad, disponibilidad) values (42, 7211, false);
insert into planta (id_planta, capacidad, disponibilidad) values (43, 3948, false);
insert into planta (id_planta, capacidad, disponibilidad) values (44, 6424, false);
insert into planta (id_planta, capacidad, disponibilidad) values (45, 9950, false);
insert into planta (id_planta, capacidad, disponibilidad) values (46, 6988, true);
insert into planta (id_planta, capacidad, disponibilidad) values (47, 2476, true);
insert into planta (id_planta, capacidad, disponibilidad) values (48, 1402, true);
insert into planta (id_planta, capacidad, disponibilidad) values (49, 3982, false);
insert into planta (id_planta, capacidad, disponibilidad) values (50, 9598, false);
insert into planta (id_planta, capacidad, disponibilidad) values (51, 1520, false);
insert into planta (id_planta, capacidad, disponibilidad) values (52, 3148, true);
insert into planta (id_planta, capacidad, disponibilidad) values (53, 2487, false);
insert into planta (id_planta, capacidad, disponibilidad) values (54, 4779, true);
insert into planta (id_planta, capacidad, disponibilidad) values (55, 3402, false);
insert into planta (id_planta, capacidad, disponibilidad) values (56, 3434, true);
insert into planta (id_planta, capacidad, disponibilidad) values (57, 3960, false);
insert into planta (id_planta, capacidad, disponibilidad) values (58, 2805, true);
insert into planta (id_planta, capacidad, disponibilidad) values (59, 4935, true);
insert into planta (id_planta, capacidad, disponibilidad) values (60, 7856, true);
insert into planta (id_planta, capacidad, disponibilidad) values (61, 4834, false);
insert into planta (id_planta, capacidad, disponibilidad) values (62, 9702, false);
insert into planta (id_planta, capacidad, disponibilidad) values (63, 4888, false);
insert into planta (id_planta, capacidad, disponibilidad) values (64, 7164, false);
insert into planta (id_planta, capacidad, disponibilidad) values (65, 8499, true);
insert into planta (id_planta, capacidad, disponibilidad) values (66, 3123, false);
insert into planta (id_planta, capacidad, disponibilidad) values (67, 1149, true);
insert into planta (id_planta, capacidad, disponibilidad) values (68, 6574, false);
insert into planta (id_planta, capacidad, disponibilidad) values (69, 1338, true);
insert into planta (id_planta, capacidad, disponibilidad) values (70, 7439, true);
insert into planta (id_planta, capacidad, disponibilidad) values (71, 1307, true);
insert into planta (id_planta, capacidad, disponibilidad) values (72, 5502, false);
insert into planta (id_planta, capacidad, disponibilidad) values (73, 9680, true);
insert into planta (id_planta, capacidad, disponibilidad) values (74, 8689, false);
insert into planta (id_planta, capacidad, disponibilidad) values (75, 2657, false);
insert into planta (id_planta, capacidad, disponibilidad) values (76, 5373, true);
insert into planta (id_planta, capacidad, disponibilidad) values (77, 1065, false);
insert into planta (id_planta, capacidad, disponibilidad) values (78, 8299, true);
insert into planta (id_planta, capacidad, disponibilidad) values (79, 6163, false);
insert into planta (id_planta, capacidad, disponibilidad) values (80, 2308, true);
insert into planta (id_planta, capacidad, disponibilidad) values (81, 9583, false);
insert into planta (id_planta, capacidad, disponibilidad) values (82, 9885, true);
insert into planta (id_planta, capacidad, disponibilidad) values (83, 1943, true);
insert into planta (id_planta, capacidad, disponibilidad) values (84, 3447, false);
insert into planta (id_planta, capacidad, disponibilidad) values (85, 1586, true);
insert into planta (id_planta, capacidad, disponibilidad) values (86, 9164, true);
insert into planta (id_planta, capacidad, disponibilidad) values (87, 6262, true);
insert into planta (id_planta, capacidad, disponibilidad) values (88, 2142, false);
insert into planta (id_planta, capacidad, disponibilidad) values (89, 9812, false);
insert into planta (id_planta, capacidad, disponibilidad) values (90, 2530, true);
insert into planta (id_planta, capacidad, disponibilidad) values (91, 8495, false);
insert into planta (id_planta, capacidad, disponibilidad) values (92, 8801, false);
insert into planta (id_planta, capacidad, disponibilidad) values (93, 9086, true);
insert into planta (id_planta, capacidad, disponibilidad) values (94, 5284, true);
insert into planta (id_planta, capacidad, disponibilidad) values (95, 9478, true);
insert into planta (id_planta, capacidad, disponibilidad) values (96, 4501, false);
insert into planta (id_planta, capacidad, disponibilidad) values (97, 2620, true);
insert into planta (id_planta, capacidad, disponibilidad) values (98, 5354, true);
insert into planta (id_planta, capacidad, disponibilidad) values (99, 3823, true);
insert into planta (id_planta, capacidad, disponibilidad) values (100, 3923, true);



insert into tiene (id_planta, id_alquiler, fecha_fin) values (51, 51, '2020-08-04');
insert into tiene (id_planta, id_alquiler, fecha_fin) values (52, 52, '2020-04-03');
insert into tiene (id_planta, id_alquiler, fecha_fin) values (53, 53, '2020-02-14');
insert into tiene (id_planta, id_alquiler, fecha_fin) values (54, 54, '2020-01-07');
insert into tiene (id_planta, id_alquiler, fecha_fin) values (55, 55, '2019-10-30');
insert into tiene (id_planta, id_alquiler, fecha_fin) values (56, 56, '2020-05-28');
insert into tiene (id_planta, id_alquiler, fecha_fin) values (57, 57, '2019-01-09');
insert into tiene (id_planta, id_alquiler, fecha_fin) values (58, 58, '2019-09-28');
insert into tiene (id_planta, id_alquiler, fecha_fin) values (59, 59, '2019-02-15');
insert into tiene (id_planta, id_alquiler, fecha_fin) values (60, 60, '2020-06-22');
insert into tiene (id_planta, id_alquiler, fecha_fin) values (61, 61, '2019-08-11');
insert into tiene (id_planta, id_alquiler, fecha_fin) values (62, 62, '2019-04-04');
insert into tiene (id_planta, id_alquiler, fecha_fin) values (63, 63, '2020-06-17');
insert into tiene (id_planta, id_alquiler, fecha_fin) values (64, 64, '2020-04-02');
insert into tiene (id_planta, id_alquiler, fecha_fin) values (65, 65, '2020-05-18');
insert into tiene (id_planta, id_alquiler, fecha_fin) values (66, 66, '2019-01-01');
insert into tiene (id_planta, id_alquiler, fecha_fin) values (67, 67, '2019-09-23');
insert into tiene (id_planta, id_alquiler, fecha_fin) values (68, 68, '2020-05-01');
insert into tiene (id_planta, id_alquiler, fecha_fin) values (69, 69, '2020-07-26');
insert into tiene (id_planta, id_alquiler, fecha_fin) values (70, 70, '2020-05-14');
insert into tiene (id_planta, id_alquiler, fecha_fin) values (71, 71, '2020-08-06');
insert into tiene (id_planta, id_alquiler, fecha_fin) values (72, 72, '2019-05-06');
insert into tiene (id_planta, id_alquiler, fecha_fin) values (73, 73, '2019-12-25');
insert into tiene (id_planta, id_alquiler, fecha_fin) values (74, 74, '2019-07-06');
insert into tiene (id_planta, id_alquiler, fecha_fin) values (75, 75, '2019-12-24');
insert into tiene (id_planta, id_alquiler, fecha_fin) values (76, 76, '2020-09-27');
insert into tiene (id_planta, id_alquiler, fecha_fin) values (77, 77, '2019-05-18');
insert into tiene (id_planta, id_alquiler, fecha_fin) values (78, 78, '2019-10-15');
insert into tiene (id_planta, id_alquiler, fecha_fin) values (79, 79, '2019-06-19');
insert into tiene (id_planta, id_alquiler, fecha_fin) values (80, 80, '2019-03-18');
insert into tiene (id_planta, id_alquiler, fecha_fin) values (81, 81, '2019-06-08');
insert into tiene (id_planta, id_alquiler, fecha_fin) values (82, 82, '2020-01-07');
insert into tiene (id_planta, id_alquiler, fecha_fin) values (83, 83, '2019-09-17');
insert into tiene (id_planta, id_alquiler, fecha_fin) values (84, 84, '2019-03-28');
insert into tiene (id_planta, id_alquiler, fecha_fin) values (85, 85, '2020-02-25');
insert into tiene (id_planta, id_alquiler, fecha_fin) values (86, 86, '2020-05-18');
insert into tiene (id_planta, id_alquiler, fecha_fin) values (87, 87, '2019-08-26');
insert into tiene (id_planta, id_alquiler, fecha_fin) values (88, 88, '2019-08-12');
insert into tiene (id_planta, id_alquiler, fecha_fin) values (89, 89, '2019-06-30');
insert into tiene (id_planta, id_alquiler, fecha_fin) values (90, 90, '2020-03-09');
insert into tiene (id_planta, id_alquiler, fecha_fin) values (91, 91, '2019-07-23');
insert into tiene (id_planta, id_alquiler, fecha_fin) values (92, 92, '2020-01-17');
insert into tiene (id_planta, id_alquiler, fecha_fin) values (93, 93, '2019-06-05');
insert into tiene (id_planta, id_alquiler, fecha_fin) values (94, 94, '2020-08-25');
insert into tiene (id_planta, id_alquiler, fecha_fin) values (95, 95, '2019-06-22');
insert into tiene (id_planta, id_alquiler, fecha_fin) values (96, 96, '2019-10-28');
insert into tiene (id_planta, id_alquiler, fecha_fin) values (97, 97, '2020-09-03');
insert into tiene (id_planta, id_alquiler, fecha_fin) values (98, 98, '2019-08-11');
insert into tiene (id_planta, id_alquiler, fecha_fin) values (99, 99, '2019-07-26');
insert into tiene (id_planta, id_alquiler, fecha_fin) values (100, 100, '2020-04-28');


insert into factura (id_factura, fecha, monto, cuit, id_alquiler) values (51, '2020-08-12', 13430.0, '30-81222572-6', 51);
insert into factura (id_factura, fecha, monto, cuit, id_alquiler) values (52, '2019-11-17', 45548.03, '34178609287', 52);
insert into factura (id_factura, fecha, monto, cuit, id_alquiler) values (53, '2019-10-10', 54629.38, '34176149118', 53);
insert into factura (id_factura, fecha, monto, cuit, id_alquiler) values (54, '2020-01-25', 90791.03, '30936918409', 54);
insert into factura (id_factura, fecha, monto, cuit, id_alquiler) values (55, '2020-09-21', 97822.45, '33071595216', 55);
insert into factura (id_factura, fecha, monto, cuit, id_alquiler) values (56, '2020-06-12', 22606.85, '34-85512290-8', 56);
insert into factura (id_factura, fecha, monto, cuit, id_alquiler) values (57, '2020-04-17', 96375.76, '33-59810738-6', 57);
insert into factura (id_factura, fecha, monto, cuit, id_alquiler) values (58, '2020-09-10', 60650.25, '34-50210560-0', 58);
insert into factura (id_factura, fecha, monto, cuit, id_alquiler) values (59, '2020-03-24', 72958.19, '33-67662501-0', 59);
insert into factura (id_factura, fecha, monto, cuit, id_alquiler) values (60, '2020-05-13', 43032.64, '34-50210560-0', 60);
insert into factura (id_factura, fecha, monto, cuit, id_alquiler) values (61, '2019-12-09', 54662.29, '30-81222572-6', 61);
insert into factura (id_factura, fecha, monto, cuit, id_alquiler) values (62, '2020-06-26', 33762.19, '34081098086', 62);
insert into factura (id_factura, fecha, monto, cuit, id_alquiler) values (63, '2020-08-16', 60102.63, '30-38520011-6', 63);
insert into factura (id_factura, fecha, monto, cuit, id_alquiler) values (64, '2020-01-06', 17300.67, '33750482049', 64);
insert into factura (id_factura, fecha, monto, cuit, id_alquiler) values (65, '2020-01-15', 93565.69, '34-60283065-1', 65);
insert into factura (id_factura, fecha, monto, cuit, id_alquiler) values (66, '2020-09-11', 28287.79, '34-81478409-6', 66);
insert into factura (id_factura, fecha, monto, cuit, id_alquiler) values (67, '2020-05-29', 66653.57, '30-80160237-5', 67);
insert into factura (id_factura, fecha, monto, cuit, id_alquiler) values (68, '2020-06-27', 38103.74, '33953138693', 68);
insert into factura (id_factura, fecha, monto, cuit, id_alquiler) values (69, '2020-02-16', 32190.15, '34081098086', 69);
insert into factura (id_factura, fecha, monto, cuit, id_alquiler) values (70, '2020-02-29', 34661.09, '34992630975', 70);
insert into factura (id_factura, fecha, monto, cuit, id_alquiler) values (71, '2019-10-18', 48337.45, '33-79593481-4', 71);
insert into factura (id_factura, fecha, monto, cuit, id_alquiler) values (72, '2019-12-10', 55229.79, '33750482049', 72);
insert into factura (id_factura, fecha, monto, cuit, id_alquiler) values (73, '2020-02-03', 22140.36, '34741767016', 73);
insert into factura (id_factura, fecha, monto, cuit, id_alquiler) values (74, '2020-08-27', 93883.02, '34099455780', 74);
insert into factura (id_factura, fecha, monto, cuit, id_alquiler) values (75, '2019-10-22', 89025.8, '34062944285', 75);
insert into factura (id_factura, fecha, monto, cuit, id_alquiler) values (76, '2019-11-13', 19086.55, '34-01033475-2', 76);
insert into factura (id_factura, fecha, monto, cuit, id_alquiler) values (77, '2019-12-29', 10477.98, '34992630975', 77);
insert into factura (id_factura, fecha, monto, cuit, id_alquiler) values (78, '2020-03-28', 11138.15, '34353696693', 78);
insert into factura (id_factura, fecha, monto, cuit, id_alquiler) values (79, '2020-03-26', 87430.96, '34441012940', 79);
insert into factura (id_factura, fecha, monto, cuit, id_alquiler) values (80, '2020-02-25', 52057.73, '34-41400522-9', 80);
insert into factura (id_factura, fecha, monto, cuit, id_alquiler) values (81, '2020-05-27', 99228.87, '34-77867462-5', 81);
insert into factura (id_factura, fecha, monto, cuit, id_alquiler) values (82, '2020-01-03', 78463.87, '30403039062', 82);
insert into factura (id_factura, fecha, monto, cuit, id_alquiler) values (83, '2019-10-07', 26508.71, '33240037869', 83);
insert into factura (id_factura, fecha, monto, cuit, id_alquiler) values (84, '2020-09-18', 36542.98, '33-79593481-4', 84);
insert into factura (id_factura, fecha, monto, cuit, id_alquiler) values (85, '2020-03-05', 90068.0, '33663448407', 85);
insert into factura (id_factura, fecha, monto, cuit, id_alquiler) values (86, '2020-09-21', 31274.89, '30-44050128-9', 86);
insert into factura (id_factura, fecha, monto, cuit, id_alquiler) values (87, '2020-01-28', 91203.89, '34932488098', 87);
insert into factura (id_factura, fecha, monto, cuit, id_alquiler) values (88, '2019-11-13', 49720.73, '34-68863175-0', 88);
insert into factura (id_factura, fecha, monto, cuit, id_alquiler) values (89, '2020-04-17', 18733.63, '34441012940', 89);
insert into factura (id_factura, fecha, monto, cuit, id_alquiler) values (90, '2019-10-01', 29958.16, '30545886416', 90);
insert into factura (id_factura, fecha, monto, cuit, id_alquiler) values (91, '2020-05-02', 48746.8, '30-32898299-1', 91);
insert into factura (id_factura, fecha, monto, cuit, id_alquiler) values (92, '2020-07-01', 68474.13, '34774729906', 92);
insert into factura (id_factura, fecha, monto, cuit, id_alquiler) values (93, '2020-08-19', 66693.56, '33071595216', 93);
insert into factura (id_factura, fecha, monto, cuit, id_alquiler) values (94, '2019-11-01', 15808.97, '34-77867462-5', 94);
insert into factura (id_factura, fecha, monto, cuit, id_alquiler) values (95, '2020-07-07', 90649.58, '34662844483', 95);
insert into factura (id_factura, fecha, monto, cuit, id_alquiler) values (96, '2020-02-01', 78335.37, '34-68863175-0', 96);
insert into factura (id_factura, fecha, monto, cuit, id_alquiler) values (97, '2020-04-26', 54508.62, '33-96758750-3', 97);
insert into factura (id_factura, fecha, monto, cuit, id_alquiler) values (98, '2020-02-05', 48205.78, '34-85512290-8', 98);
insert into factura (id_factura, fecha, monto, cuit, id_alquiler) values (99, '2020-03-25', 40062.92, '30546457612', 99);
insert into factura (id_factura, fecha, monto, cuit, id_alquiler) values (100, '2020-01-10', 30469.21, '34871965724', 100);


insert into ciudad (codigo_postal, nombre) values (1000, 'elinac');
insert into ciudad (codigo_postal, nombre) values (1040, 'Listvyanskiy');
insert into ciudad (codigo_postal, nombre) values (1080, 'Loma Alta');
insert into ciudad (codigo_postal, nombre) values (1120, 'Haokou');
insert into ciudad (codigo_postal, nombre) values (1160, 'Rijau');
insert into ciudad (codigo_postal, nombre) values (1200, 'Ribeira');
insert into ciudad (codigo_postal, nombre) values (1240, 'Baoshi');
insert into ciudad (codigo_postal, nombre) values (1280, 'Pinyug');
insert into ciudad (codigo_postal, nombre) values (1320, 'Huambalpa');
insert into ciudad (codigo_postal, nombre) values (1360, 'Khashuri');
insert into ciudad (codigo_postal, nombre) values (1400, 'Kezilei');
insert into ciudad (codigo_postal, nombre) values (1440, 'Landi Kotal');
insert into ciudad (codigo_postal, nombre) values (1480, 'Sungi Liput');
insert into ciudad (codigo_postal, nombre) values (1520, 'Dapawan');
insert into ciudad (codigo_postal, nombre) values (1560, 'Hejia');
insert into ciudad (codigo_postal, nombre) values (1600, 'Chimboy Shahri');
insert into ciudad (codigo_postal, nombre) values (1640, 'Goroka');
insert into ciudad (codigo_postal, nombre) values (1680, 'Yonggu');
insert into ciudad (codigo_postal, nombre) values (1720, 'Paris 13');
insert into ciudad (codigo_postal, nombre) values (1760, 'Fort Worth');
insert into ciudad (codigo_postal, nombre) values (1800, 'Baoxing');
insert into ciudad (codigo_postal, nombre) values (1840, 'Yangjia');
insert into ciudad (codigo_postal, nombre) values (1880, 'Minador do Negro');
insert into ciudad (codigo_postal, nombre) values (1920, 'Asprngeloi');
insert into ciudad (codigo_postal, nombre) values (1960, 'Luxi');
insert into ciudad (codigo_postal, nombre) values (2000, 'Skulsk');
insert into ciudad (codigo_postal, nombre) values (2040, 'Francistown');
insert into ciudad (codigo_postal, nombre) values (2080, 'Gteborg');
insert into ciudad (codigo_postal, nombre) values (2120, 'rebro');
insert into ciudad (codigo_postal, nombre) values (2160, 'Arbelez');
insert into ciudad (codigo_postal, nombre) values (2200, 'Palai Fliro');
insert into ciudad (codigo_postal, nombre) values (2240, 'Sulcin');
insert into ciudad (codigo_postal, nombre) values (2280, 'Itabora');
insert into ciudad (codigo_postal, nombre) values (2320, 'Ftima');
insert into ciudad (codigo_postal, nombre) values (2360, 'l Madah');
insert into ciudad (codigo_postal, nombre) values (2400, 'Castaas');
insert into ciudad (codigo_postal, nombre) values (2440, 'Selajambe Satu');
insert into ciudad (codigo_postal, nombre) values (2480, 'Darma');
insert into ciudad (codigo_postal, nombre) values (2520, 'Guancangping');
insert into ciudad (codigo_postal, nombre) values (2560, '');
insert into ciudad (codigo_postal, nombre) values (2600, 'Mandal');
insert into ciudad (codigo_postal, nombre) values (2640, 'Dallas');
insert into ciudad (codigo_postal, nombre) values (2680, 'Naberezhnyye Chelny');
insert into ciudad (codigo_postal, nombre) values (2720, 'Parbatipur');
insert into ciudad (codigo_postal, nombre) values (2760, 'Novogurovskiy');
insert into ciudad (codigo_postal, nombre) values (2800, 'Thamaga');
insert into ciudad (codigo_postal, nombre) values (2840, 'Batakte');
insert into ciudad (codigo_postal, nombre) values (2880, 'Flic en Flac');
insert into ciudad (codigo_postal, nombre) values (2920, 'Banjar Banyualit');
insert into ciudad (codigo_postal, nombre) values (2960, 'Campina Grande');
insert into ciudad (codigo_postal, nombre) values (3000, 'Cikoneng');
insert into ciudad (codigo_postal, nombre) values (3040, 'Batojaran');
insert into ciudad (codigo_postal, nombre) values (3080, 'Cruz das Almas');
insert into ciudad (codigo_postal, nombre) values (3120, 'Malanje');
insert into ciudad (codigo_postal, nombre) values (3160, 'Henggouqiao');
insert into ciudad (codigo_postal, nombre) values (3200, 'Las Vegas');
insert into ciudad (codigo_postal, nombre) values (3240, 'Dadiharja');
insert into ciudad (codigo_postal, nombre) values (3280, 'Sandymount');
insert into ciudad (codigo_postal, nombre) values (3320, 'Stepojevac');
insert into ciudad (codigo_postal, nombre) values (3360, 'Turiysk');
insert into ciudad (codigo_postal, nombre) values (3400, 'Linkping');
insert into ciudad (codigo_postal, nombre) values (3440, 'Douba');
insert into ciudad (codigo_postal, nombre) values (3480, 'So Caetano do Sul');
insert into ciudad (codigo_postal, nombre) values (3520, 'Toyooka');
insert into ciudad (codigo_postal, nombre) values (3560, 'Basse-Terre');
insert into ciudad (codigo_postal, nombre) values (3600, 'Fartura');
insert into ciudad (codigo_postal, nombre) values (3640, 'Pa Sang');
insert into ciudad (codigo_postal, nombre) values (3680, 'Vaulx-en-Velin');
insert into ciudad (codigo_postal, nombre) values (3720, 'Perm');
insert into ciudad (codigo_postal, nombre) values (3760, 'Sandaowan');
insert into ciudad (codigo_postal, nombre) values (3800, 'Guanlu');
insert into ciudad (codigo_postal, nombre) values (3840, 'Kyela');
insert into ciudad (codigo_postal, nombre) values (3880, 'Gorian');
insert into ciudad (codigo_postal, nombre) values (3920, 'Dolores');
insert into ciudad (codigo_postal, nombre) values (3960, 'Charleston');
insert into ciudad (codigo_postal, nombre) values (4000, 'Bac Ai');
insert into ciudad (codigo_postal, nombre) values (4040, 'Ostrosk Lhota');
insert into ciudad (codigo_postal, nombre) values (4080, 'Kuala Lumpur');
insert into ciudad (codigo_postal, nombre) values (4120, 'Katovice');
insert into ciudad (codigo_postal, nombre) values (4160, 'Pocora');
insert into ciudad (codigo_postal, nombre) values (4200, 'Lengkongbarang');
insert into ciudad (codigo_postal, nombre) values (4240, 'Yangcun');
insert into ciudad (codigo_postal, nombre) values (4280, 'Ulaanbaatar');
insert into ciudad (codigo_postal, nombre) values (4320, 'Xiushi');
insert into ciudad (codigo_postal, nombre) values (4360, 'Krasnolesnyy');
insert into ciudad (codigo_postal, nombre) values (4400, 'Hanbin');
insert into ciudad (codigo_postal, nombre) values (4440, 'Haoxue');
insert into ciudad (codigo_postal, nombre) values (4480, 'Fengyang Fuchengzhen');
insert into ciudad (codigo_postal, nombre) values (4520, 'Dikou');
insert into ciudad (codigo_postal, nombre) values (4560, 'Nevers');
insert into ciudad (codigo_postal, nombre) values (4600, 'Shendang');
insert into ciudad (codigo_postal, nombre) values (4640, 'vreux');
insert into ciudad (codigo_postal, nombre) values (4680, 'Osrio');
insert into ciudad (codigo_postal, nombre) values (4720, 'Oviedo');
insert into ciudad (codigo_postal, nombre) values (4760, 'Bthune');
insert into ciudad (codigo_postal, nombre) values (4800, 'Mosrentgen');
insert into ciudad (codigo_postal, nombre) values (4840, 'Qiaodi');
insert into ciudad (codigo_postal, nombre) values (4880, 'Bjuv');
insert into ciudad (codigo_postal, nombre) values (4920, 'Zouma');
insert into ciudad (codigo_postal, nombre) values (4960, 'Emin');
insert into ciudad (codigo_postal, nombre) values (5000, 'Dbowiec');
insert into ciudad (codigo_postal, nombre) values (5040, 'Durham');
insert into ciudad (codigo_postal, nombre) values (5080, 'Bojongnangka');
insert into ciudad (codigo_postal, nombre) values (5120, 'Gumawang');
insert into ciudad (codigo_postal, nombre) values (5160, 'San Lorenzo');
insert into ciudad (codigo_postal, nombre) values (5200, 'Arrah');
insert into ciudad (codigo_postal, nombre) values (5240, 'Warungtanjung');
insert into ciudad (codigo_postal, nombre) values (5280, 'Vide');
insert into ciudad (codigo_postal, nombre) values (5320, 'Russkaya Polyana');
insert into ciudad (codigo_postal, nombre) values (5360, 'Wumahe');
insert into ciudad (codigo_postal, nombre) values (5400, 'Limoges');
insert into ciudad (codigo_postal, nombre) values (5440, 'Mglizh');
insert into ciudad (codigo_postal, nombre) values (5480, 'Qazax');
insert into ciudad (codigo_postal, nombre) values (5520, 'Jubao');
insert into ciudad (codigo_postal, nombre) values (5560, 'Dongming');
insert into ciudad (codigo_postal, nombre) values (5600, 'Njeru');
insert into ciudad (codigo_postal, nombre) values (5640, 'Santa Luca Cotzumalguapa');
insert into ciudad (codigo_postal, nombre) values (5680, 'Guryevsk');
insert into ciudad (codigo_postal, nombre) values (5720, 'Phanna Nikhom');
insert into ciudad (codigo_postal, nombre) values (5760, 'Lieyu');
insert into ciudad (codigo_postal, nombre) values (5800, 'Myaydo');
insert into ciudad (codigo_postal, nombre) values (5840, 'Baishan');
insert into ciudad (codigo_postal, nombre) values (5880, 'Caicara');
insert into ciudad (codigo_postal, nombre) values (5920, 'Lady Grey');
insert into ciudad (codigo_postal, nombre) values (5960, 'Tn K');
insert into ciudad (codigo_postal, nombre) values (6000, 'Smyshlyayevka');
insert into ciudad (codigo_postal, nombre) values (6040, 'Santa Catalina Norte');
insert into ciudad (codigo_postal, nombre) values (6080, 'Neiguan');
insert into ciudad (codigo_postal, nombre) values (6120, 'Tomioka');
insert into ciudad (codigo_postal, nombre) values (6160, 'Benito Juarez');
insert into ciudad (codigo_postal, nombre) values (6200, 'Haoxinying');
insert into ciudad (codigo_postal, nombre) values (6240, 'Moneague');
insert into ciudad (codigo_postal, nombre) values (6280, 'Gandiaye');
insert into ciudad (codigo_postal, nombre) values (6320, 'Mengcheng Chengguanzhen');
insert into ciudad (codigo_postal, nombre) values (6360, 'Jiaoziya');
insert into ciudad (codigo_postal, nombre) values (6400, 'Xianren');
insert into ciudad (codigo_postal, nombre) values (6440, 'Huazangsi');
insert into ciudad (codigo_postal, nombre) values (6480, 'Yancheng');
insert into ciudad (codigo_postal, nombre) values (6520, 'Jaguarari');
insert into ciudad (codigo_postal, nombre) values (6560, 'Nika Banja');
insert into ciudad (codigo_postal, nombre) values (6600, 'Washington');
insert into ciudad (codigo_postal, nombre) values (6640, 'Riachos');
insert into ciudad (codigo_postal, nombre) values (6680, 'Comendador');
insert into ciudad (codigo_postal, nombre) values (6720, 'Putrajawa');
insert into ciudad (codigo_postal, nombre) values (6760, 'Aoufous');
insert into ciudad (codigo_postal, nombre) values (6800, 'La Rochelle');
insert into ciudad (codigo_postal, nombre) values (6840, 'Kanonjich');
insert into ciudad (codigo_postal, nombre) values (6880, 'Vista Alegre');
insert into ciudad (codigo_postal, nombre) values (6920, 'Longuita');
insert into ciudad (codigo_postal, nombre) values (6960, 'Tejar');
insert into ciudad (codigo_postal, nombre) values (7000, 'Bangad');
insert into ciudad (codigo_postal, nombre) values (7040, 'Krkyra');
insert into ciudad (codigo_postal, nombre) values (7080, 'Nikolsk');
insert into ciudad (codigo_postal, nombre) values (7120, 'Pangkalan');
insert into ciudad (codigo_postal, nombre) values (7160, 'Louisville');
insert into ciudad (codigo_postal, nombre) values (7200, 'Kanonjich');
insert into ciudad (codigo_postal, nombre) values (7240, 'Timon');
insert into ciudad (codigo_postal, nombre) values (7280, 'Marseille');
insert into ciudad (codigo_postal, nombre) values (7320, 'Marly-le-Roi');
insert into ciudad (codigo_postal, nombre) values (7360, 'Zvezdara');
insert into ciudad (codigo_postal, nombre) values (7400, 'Permas');
insert into ciudad (codigo_postal, nombre) values (7440, 'Quipot');
insert into ciudad (codigo_postal, nombre) values (7480, 'Spring');
insert into ciudad (codigo_postal, nombre) values (7520, 'Cariaco');
insert into ciudad (codigo_postal, nombre) values (7560, 'Brganj');
insert into ciudad (codigo_postal, nombre) values (7600, 'Hayes');
insert into ciudad (codigo_postal, nombre) values (7640, 'Torino');
insert into ciudad (codigo_postal, nombre) values (7680, 'Cambita Garabitos');
insert into ciudad (codigo_postal, nombre) values (7720, 'Tabu');
insert into ciudad (codigo_postal, nombre) values (7760, 'Hwaseong-si');
insert into ciudad (codigo_postal, nombre) values (7800, 'Fujiayan');
insert into ciudad (codigo_postal, nombre) values (7840, 'Jacksonville');
insert into ciudad (codigo_postal, nombre) values (7880, 'Nejo');
insert into ciudad (codigo_postal, nombre) values (7920, 'Kirovgrad');
insert into ciudad (codigo_postal, nombre) values (7960, 'Petaluma');
insert into ciudad (codigo_postal, nombre) values (8000, 'mihachiman');
insert into ciudad (codigo_postal, nombre) values (8040, 'Nageswari');
insert into ciudad (codigo_postal, nombre) values (8080, 'Rodez');
insert into ciudad (codigo_postal, nombre) values (8120, 'Sanana');
insert into ciudad (codigo_postal, nombre) values (8160, 'Wujing');
insert into ciudad (codigo_postal, nombre) values (8200, 'Wanggeertang');
insert into ciudad (codigo_postal, nombre) values (8240, 'Tournan-en-Brie');
insert into ciudad (codigo_postal, nombre) values (8280, 'Ziyuan');
insert into ciudad (codigo_postal, nombre) values (8320, 'Magistralnyy');
insert into ciudad (codigo_postal, nombre) values (8360, 'Hamburg Winterhude');
insert into ciudad (codigo_postal, nombre) values (8400, 'Sierakowice');
insert into ciudad (codigo_postal, nombre) values (8440, 'Guohe');
insert into ciudad (codigo_postal, nombre) values (8480, 'Nueva Germania');
insert into ciudad (codigo_postal, nombre) values (8520, 'Terra Ch');
insert into ciudad (codigo_postal, nombre) values (8560, 'Nossebro');
insert into ciudad (codigo_postal, nombre) values (8600, 'Tourcoing');
insert into ciudad (codigo_postal, nombre) values (8640, 'Pananaw');
insert into ciudad (codigo_postal, nombre) values (8680, 'Ciperang');
insert into ciudad (codigo_postal, nombre) values (8720, 'Taf Viejo');
insert into ciudad (codigo_postal, nombre) values (8760, 'Zushi');
insert into ciudad (codigo_postal, nombre) values (8800, 'Hallstavik');
insert into ciudad (codigo_postal, nombre) values (8840, 'Borovo');
insert into ciudad (codigo_postal, nombre) values (8880, 'Maslog');
insert into ciudad (codigo_postal, nombre) values (8920, 'Beixiang');
insert into ciudad (codigo_postal, nombre) values (8960, 'Lumbac');

insert into yacimiento (id_yacimiento, descripcion, superficie, codigo_postal) values (1, 'Phasellus in felis. Donec semper sapien a libero. Nam dui.', 836, 1000);
insert into yacimiento (id_yacimiento, descripcion, superficie, codigo_postal) values (2, 'Vivamus vel nulla eget eros elementum pellentesque.', 425, 1040);
insert into yacimiento (id_yacimiento, descripcion, superficie, codigo_postal) values (3, 'Morbi non lectus. Aliquam sit amet diam in magna bibendum imperdiet.', 523, 1080);
insert into yacimiento (id_yacimiento, descripcion, superficie, codigo_postal) values (4, 'Maecenas pulvinar lobortis est. Phasellus sit amet erat. Nulla tempus.', 207, 1120);
insert into yacimiento (id_yacimiento, descripcion, superficie, codigo_postal) values (5, 'Integer pede justo, lacinia eget, tincidunt eget, tempus vel, pede. Morbi porttitor lorem id ligula. Suspendisse ornare consequat lectus.', 43, 1160);
insert into yacimiento (id_yacimiento, descripcion, superficie, codigo_postal) values (6, null, 810, 1200);
insert into yacimiento (id_yacimiento, descripcion, superficie, codigo_postal) values (7, 'Integer pede justo, lacinia eget, tincidunt eget, tempus vel, pede.', 227, 1240);
insert into yacimiento (id_yacimiento, descripcion, superficie, codigo_postal) values (8, 'Morbi vel lectus in quam fringilla rhoncus. Mauris enim leo, rhoncus sed, vestibulum sit amet, cursus id, turpis. Integer aliquet, massa id lobortis convallis, tortor risus dapibus augue, vel accumsan tellus nisi eu orci.', 377, 1280);
insert into yacimiento (id_yacimiento, descripcion, superficie, codigo_postal) values (9, 'Nulla nisl.', 632, 1320);
insert into yacimiento (id_yacimiento, descripcion, superficie, codigo_postal) values (10, null, 245, 1360);
insert into yacimiento (id_yacimiento, descripcion, superficie, codigo_postal) values (11, null, 846, 1400);
insert into yacimiento (id_yacimiento, descripcion, superficie, codigo_postal) values (12, null, 821, 1440);
insert into yacimiento (id_yacimiento, descripcion, superficie, codigo_postal) values (13, null, 109, 1480);
insert into yacimiento (id_yacimiento, descripcion, superficie, codigo_postal) values (14, 'Aenean fermentum.', 188, 1520);
insert into yacimiento (id_yacimiento, descripcion, superficie, codigo_postal) values (15, 'Fusce posuere felis sed lacus. Morbi sem mauris, laoreet ut, rhoncus aliquet, pulvinar sed, nisl. Nunc rhoncus dui vel sem.', 195, 1560);
insert into yacimiento (id_yacimiento, descripcion, superficie, codigo_postal) values (16, 'Praesent id massa id nisl venenatis lacinia. Aenean sit amet justo.', 877, 1600);
insert into yacimiento (id_yacimiento, descripcion, superficie, codigo_postal) values (17, null, 606, 1640);
insert into yacimiento (id_yacimiento, descripcion, superficie, codigo_postal) values (18, 'Morbi quis tortor id nulla ultrices aliquet. Maecenas leo odio, condimentum id, luctus nec, molestie sed, justo. Pellentesque viverra pede ac diam.', 522, 1680);
insert into yacimiento (id_yacimiento, descripcion, superficie, codigo_postal) values (19, null, 279, 1720);
insert into yacimiento (id_yacimiento, descripcion, superficie, codigo_postal) values (20, null, 810, 1760);
insert into yacimiento (id_yacimiento, descripcion, superficie, codigo_postal) values (21, 'Cum sociis natoque penatibus et magnis dis parturient montes, nascetur ridiculus mus.', 218, 1800);
insert into yacimiento (id_yacimiento, descripcion, superficie, codigo_postal) values (22, 'Nulla tellus. In sagittis dui vel nisl. Duis ac nibh.', 961, 1840);
insert into yacimiento (id_yacimiento, descripcion, superficie, codigo_postal) values (23, null, 950, 1880);
insert into yacimiento (id_yacimiento, descripcion, superficie, codigo_postal) values (24, 'Nulla tellus. In sagittis dui vel nisl. Duis ac nibh.', 941, 1920);
insert into yacimiento (id_yacimiento, descripcion, superficie, codigo_postal) values (25, 'Nullam porttitor lacus at turpis.', 885, 1960);
insert into yacimiento (id_yacimiento, descripcion, superficie, codigo_postal) values (26, 'Nullam orci pede, venenatis non, sodales sed, tincidunt eu, felis.', 214, 2000);
insert into yacimiento (id_yacimiento, descripcion, superficie, codigo_postal) values (27, 'Suspendisse ornare consequat lectus. In est risus, auctor sed, tristique in, tempus sit amet, sem. Fusce consequat.', 257, 2040);
insert into yacimiento (id_yacimiento, descripcion, superficie, codigo_postal) values (28, 'Morbi a ipsum.', 611, 2080);
insert into yacimiento (id_yacimiento, descripcion, superficie, codigo_postal) values (29, null, 890, 2120);
insert into yacimiento (id_yacimiento, descripcion, superficie, codigo_postal) values (30, 'Proin eu mi. Nulla ac enim.', 103, 2160);
insert into yacimiento (id_yacimiento, descripcion, superficie, codigo_postal) values (31, 'Morbi vel lectus in quam fringilla rhoncus.', 645, 2200);
insert into yacimiento (id_yacimiento, descripcion, superficie, codigo_postal) values (32, 'Nulla justo. Aliquam quis turpis eget elit sodales scelerisque. Mauris sit amet eros.', 336, 2240);
insert into yacimiento (id_yacimiento, descripcion, superficie, codigo_postal) values (33, null, 401, 2280);
insert into yacimiento (id_yacimiento, descripcion, superficie, codigo_postal) values (34, 'Praesent blandit. Nam nulla.', 57, 2320);
insert into yacimiento (id_yacimiento, descripcion, superficie, codigo_postal) values (35, 'Suspendisse potenti. In eleifend quam a odio.', 587, 2360);
insert into yacimiento (id_yacimiento, descripcion, superficie, codigo_postal) values (36, null, 258, 2400);
insert into yacimiento (id_yacimiento, descripcion, superficie, codigo_postal) values (37, null, 177, 2440);
insert into yacimiento (id_yacimiento, descripcion, superficie, codigo_postal) values (38, null, 328, 2480);
insert into yacimiento (id_yacimiento, descripcion, superficie, codigo_postal) values (39, 'Lorem ipsum dolor sit amet, consectetuer adipiscing elit. Proin interdum mauris non ligula pellentesque ultrices.', 204, 2520);
insert into yacimiento (id_yacimiento, descripcion, superficie, codigo_postal) values (40, 'Maecenas tristique, est et tempus semper, est quam pharetra magna, ac consequat metus sapien ut nunc. Vestibulum ante ipsum primis in faucibus orci luctus et ultrices posuere cubilia Curae; Mauris viverra diam vitae quam.', 324, 2560);
insert into yacimiento (id_yacimiento, descripcion, superficie, codigo_postal) values (41, 'Morbi vestibulum, velit id pretium iaculis, diam erat fermentum justo, nec condimentum neque sapien placerat ante. Nulla justo. Aliquam quis turpis eget elit sodales scelerisque.', 639, 2600);
insert into yacimiento (id_yacimiento, descripcion, superficie, codigo_postal) values (42, 'Integer pede justo, lacinia eget, tincidunt eget, tempus vel, pede.', 94, 2640);
insert into yacimiento (id_yacimiento, descripcion, superficie, codigo_postal) values (43, 'Proin interdum mauris non ligula pellentesque ultrices.', 411, 2680);
insert into yacimiento (id_yacimiento, descripcion, superficie, codigo_postal) values (44, 'Nulla ac enim.', 452, 2720);
insert into yacimiento (id_yacimiento, descripcion, superficie, codigo_postal) values (45, 'Vestibulum ac est lacinia nisi venenatis tristique.', 298, 2760);
insert into yacimiento (id_yacimiento, descripcion, superficie, codigo_postal) values (46, 'Maecenas leo odio, condimentum id, luctus nec, molestie sed, justo.', 952, 2800);
insert into yacimiento (id_yacimiento, descripcion, superficie, codigo_postal) values (47, 'In hac habitasse platea dictumst. Morbi vestibulum, velit id pretium iaculis, diam erat fermentum justo, nec condimentum neque sapien placerat ante.', 972, 2840);
insert into yacimiento (id_yacimiento, descripcion, superficie, codigo_postal) values (48, null, 51, 2880);
insert into yacimiento (id_yacimiento, descripcion, superficie, codigo_postal) values (49, null, 707, 2920);
insert into yacimiento (id_yacimiento, descripcion, superficie, codigo_postal) values (50, null, 913, 2960);
insert into yacimiento (id_yacimiento, descripcion, superficie, codigo_postal) values (51, null, 615, 3000);
insert into yacimiento (id_yacimiento, descripcion, superficie, codigo_postal) values (52, 'Morbi odio odio, elementum eu, interdum eu, tincidunt in, leo. Maecenas pulvinar lobortis est. Phasellus sit amet erat.', 672, 3040);
insert into yacimiento (id_yacimiento, descripcion, superficie, codigo_postal) values (53, null, 189, 3080);
insert into yacimiento (id_yacimiento, descripcion, superficie, codigo_postal) values (54, null, 477, 3120);
insert into yacimiento (id_yacimiento, descripcion, superficie, codigo_postal) values (55, 'Vivamus tortor. Duis mattis egestas metus.', 336, 3160);
insert into yacimiento (id_yacimiento, descripcion, superficie, codigo_postal) values (56, null, 293, 3200);
insert into yacimiento (id_yacimiento, descripcion, superficie, codigo_postal) values (57, 'Sed sagittis.', 156, 3240);
insert into yacimiento (id_yacimiento, descripcion, superficie, codigo_postal) values (58, 'Maecenas tristique, est et tempus semper, est quam pharetra magna, ac consequat metus sapien ut nunc.', 825, 3280);
insert into yacimiento (id_yacimiento, descripcion, superficie, codigo_postal) values (59, null, 938, 3320);
insert into yacimiento (id_yacimiento, descripcion, superficie, codigo_postal) values (60, 'In hac habitasse platea dictumst.', 841, 3360);
insert into yacimiento (id_yacimiento, descripcion, superficie, codigo_postal) values (61, null, 223, 3400);
insert into yacimiento (id_yacimiento, descripcion, superficie, codigo_postal) values (62, null, 498, 3440);
insert into yacimiento (id_yacimiento, descripcion, superficie, codigo_postal) values (63, 'Integer a nibh.', 338, 3480);
insert into yacimiento (id_yacimiento, descripcion, superficie, codigo_postal) values (64, 'Aliquam erat volutpat. In congue. Etiam justo.', 995, 3520);
insert into yacimiento (id_yacimiento, descripcion, superficie, codigo_postal) values (65, 'Sed sagittis.', 314, 3560);
insert into yacimiento (id_yacimiento, descripcion, superficie, codigo_postal) values (66, 'Lorem ipsum dolor sit amet, consectetuer adipiscing elit. Proin interdum mauris non ligula pellentesque ultrices. Phasellus id sapien in sapien iaculis congue.', 847, 3600);
insert into yacimiento (id_yacimiento, descripcion, superficie, codigo_postal) values (67, 'Proin at turpis a pede posuere nonummy.', 163, 3640);
insert into yacimiento (id_yacimiento, descripcion, superficie, codigo_postal) values (68, null, 55, 3680);
insert into yacimiento (id_yacimiento, descripcion, superficie, codigo_postal) values (69, 'Maecenas ut massa quis augue luctus tincidunt.', 13, 3720);
insert into yacimiento (id_yacimiento, descripcion, superficie, codigo_postal) values (70, 'Maecenas tincidunt lacus at velit. Vivamus vel nulla eget eros elementum pellentesque. Quisque porta volutpat erat.', 664, 3760);
insert into yacimiento (id_yacimiento, descripcion, superficie, codigo_postal) values (71, 'Integer a nibh. In quis justo.', 923, 3800);
insert into yacimiento (id_yacimiento, descripcion, superficie, codigo_postal) values (72, 'Nulla suscipit ligula in lacus. Curabitur at ipsum ac tellus semper interdum. Mauris ullamcorper purus sit amet nulla.', 795, 3840);
insert into yacimiento (id_yacimiento, descripcion, superficie, codigo_postal) values (73, 'In hac habitasse platea dictumst. Morbi vestibulum, velit id pretium iaculis, diam erat fermentum justo, nec condimentum neque sapien placerat ante. Nulla justo.', 520, 3880);
insert into yacimiento (id_yacimiento, descripcion, superficie, codigo_postal) values (74, 'Pellentesque viverra pede ac diam.', 264, 3920);
insert into yacimiento (id_yacimiento, descripcion, superficie, codigo_postal) values (75, 'Morbi non quam nec dui luctus rutrum. Nulla tellus.', 570, 3960);
insert into yacimiento (id_yacimiento, descripcion, superficie, codigo_postal) values (76, 'Donec dapibus. Duis at velit eu est congue elementum.', 934, 4000);
insert into yacimiento (id_yacimiento, descripcion, superficie, codigo_postal) values (77, 'Maecenas rhoncus aliquam lacus.', 443, 4040);
insert into yacimiento (id_yacimiento, descripcion, superficie, codigo_postal) values (78, null, 929, 4080);
insert into yacimiento (id_yacimiento, descripcion, superficie, codigo_postal) values (79, null, 88, 4120);
insert into yacimiento (id_yacimiento, descripcion, superficie, codigo_postal) values (80, 'Maecenas tincidunt lacus at velit. Vivamus vel nulla eget eros elementum pellentesque. Quisque porta volutpat erat.', 823, 4160);
insert into yacimiento (id_yacimiento, descripcion, superficie, codigo_postal) values (81, 'Vivamus tortor.', 884, 4200);
insert into yacimiento (id_yacimiento, descripcion, superficie, codigo_postal) values (82, null, 488, 4240);
insert into yacimiento (id_yacimiento, descripcion, superficie, codigo_postal) values (83, 'Nulla tellus. In sagittis dui vel nisl. Duis ac nibh.', 128, 4280);
insert into yacimiento (id_yacimiento, descripcion, superficie, codigo_postal) values (84, 'Duis aliquam convallis nunc. Proin at turpis a pede posuere nonummy.', 294, 4320);
insert into yacimiento (id_yacimiento, descripcion, superficie, codigo_postal) values (85, null, 64, 4360);
insert into yacimiento (id_yacimiento, descripcion, superficie, codigo_postal) values (86, 'In congue.', 762, 4400);
insert into yacimiento (id_yacimiento, descripcion, superficie, codigo_postal) values (87, 'Aenean fermentum. Donec ut mauris eget massa tempor convallis.', 204, 4440);
insert into yacimiento (id_yacimiento, descripcion, superficie, codigo_postal) values (88, 'Integer ac neque. Duis bibendum.', 981, 4480);
insert into yacimiento (id_yacimiento, descripcion, superficie, codigo_postal) values (89, 'Vestibulum ante ipsum primis in faucibus orci luctus et ultrices posuere cubilia Curae; Donec pharetra, magna vestibulum aliquet ultrices, erat tortor sollicitudin mi, sit amet lobortis sapien sapien non mi. Integer ac neque. Duis bibendum.', 847, 4520);
insert into yacimiento (id_yacimiento, descripcion, superficie, codigo_postal) values (90, null, 737, 4560);
insert into yacimiento (id_yacimiento, descripcion, superficie, codigo_postal) values (91, null, 263, 4600);
insert into yacimiento (id_yacimiento, descripcion, superficie, codigo_postal) values (92, null, 401, 4640);
insert into yacimiento (id_yacimiento, descripcion, superficie, codigo_postal) values (93, 'Cum sociis natoque penatibus et magnis dis parturient montes, nascetur ridiculus mus.', 76, 4680);
insert into yacimiento (id_yacimiento, descripcion, superficie, codigo_postal) values (94, 'Etiam vel augue.', 967, 4720);
insert into yacimiento (id_yacimiento, descripcion, superficie, codigo_postal) values (95, 'Curabitur at ipsum ac tellus semper interdum. Mauris ullamcorper purus sit amet nulla.', 322, 4760);
insert into yacimiento (id_yacimiento, descripcion, superficie, codigo_postal) values (96, null, 90, 4800);
insert into yacimiento (id_yacimiento, descripcion, superficie, codigo_postal) values (97, 'Lorem ipsum dolor sit amet, consectetuer adipiscing elit.', 66, 4840);
insert into yacimiento (id_yacimiento, descripcion, superficie, codigo_postal) values (98, 'Nam nulla. Integer pede justo, lacinia eget, tincidunt eget, tempus vel, pede. Morbi porttitor lorem id ligula.', 482, 4880);
insert into yacimiento (id_yacimiento, descripcion, superficie, codigo_postal) values (99, 'Curabitur at ipsum ac tellus semper interdum. Mauris ullamcorper purus sit amet nulla.', 121, 4920);
insert into yacimiento (id_yacimiento, descripcion, superficie, codigo_postal) values (100, 'Vivamus vel nulla eget eros elementum pellentesque. Quisque porta volutpat erat. Quisque erat eros, viverra eget, congue eget, semper rutrum, nulla.', 36, 4960);

insert into campamento (id_campamento, cant_banos, nombre_responsable, tel_responsable, id_yacimiento, cuit) values (1, 7, 'Nadya', '599-764-8135', 1, '34-29412464-1');
insert into campamento (id_campamento, cant_banos, nombre_responsable, tel_responsable, id_yacimiento, cuit) values (2, 19, 'Linnie', '562-839-4497', 2, '34-45112908-6');
insert into campamento (id_campamento, cant_banos, nombre_responsable, tel_responsable, id_yacimiento, cuit) values (3, 29, 'Stevana', '548-273-0135', 3, '30-38520011-6');
insert into campamento (id_campamento, cant_banos, nombre_responsable, tel_responsable, id_yacimiento, cuit) values (4, 6, 'Miriam', '647-783-5747', 4, '30233519035');
insert into campamento (id_campamento, cant_banos, nombre_responsable, tel_responsable, id_yacimiento, cuit) values (5, 33, 'Laverna', '342-664-5251', 5, '34476644037');
insert into campamento (id_campamento, cant_banos, nombre_responsable, tel_responsable, id_yacimiento, cuit) values (6, 50, 'Phoebe', '388-393-1626', 6, '34099455780');
insert into campamento (id_campamento, cant_banos, nombre_responsable, tel_responsable, id_yacimiento, cuit) values (7, 39, 'Lorene', '176-967-7376', 7, '34992630975');
insert into campamento (id_campamento, cant_banos, nombre_responsable, tel_responsable, id_yacimiento, cuit) values (8, 2, 'Phylis', '458-311-5197', 8, '30226662435');
insert into campamento (id_campamento, cant_banos, nombre_responsable, tel_responsable, id_yacimiento, cuit) values (9, 4, 'Concettina', '843-240-4670', 9, '33071450682');
insert into campamento (id_campamento, cant_banos, nombre_responsable, tel_responsable, id_yacimiento, cuit) values (10, 25, 'Travus', '447-806-3945', 10, '34561008687');
insert into campamento (id_campamento, cant_banos, nombre_responsable, tel_responsable, id_yacimiento, cuit) values (11, 25, 'Colman', '372-211-0733', 11, '34-29412464-1');
insert into campamento (id_campamento, cant_banos, nombre_responsable, tel_responsable, id_yacimiento, cuit) values (12, 42, 'Paton', '358-591-6782', 12, '33953138693');
insert into campamento (id_campamento, cant_banos, nombre_responsable, tel_responsable, id_yacimiento, cuit) values (13, 26, 'Valina', '237-635-2262', 13, '34094474427');
insert into campamento (id_campamento, cant_banos, nombre_responsable, tel_responsable, id_yacimiento, cuit) values (14, 9, 'Fredrick', '965-865-6823', 14, '34932488098');
insert into campamento (id_campamento, cant_banos, nombre_responsable, tel_responsable, id_yacimiento, cuit) values (15, 39, 'Artur', '124-995-4590', 15, '34-77867462-5');
insert into campamento (id_campamento, cant_banos, nombre_responsable, tel_responsable, id_yacimiento, cuit) values (16, 44, 'Saxon', '372-859-6341', 16, '30-80160237-5');
insert into campamento (id_campamento, cant_banos, nombre_responsable, tel_responsable, id_yacimiento, cuit) values (17, 41, 'Amata', '375-313-1775', 17, '30-20738827-1');
insert into campamento (id_campamento, cant_banos, nombre_responsable, tel_responsable, id_yacimiento, cuit) values (18, 37, 'Berte', '273-526-2779', 18, '34284378395');
insert into campamento (id_campamento, cant_banos, nombre_responsable, tel_responsable, id_yacimiento, cuit) values (19, 28, 'Erinn', '772-563-8275', 19, '30-44050128-9');
insert into campamento (id_campamento, cant_banos, nombre_responsable, tel_responsable, id_yacimiento, cuit) values (20, 12, 'Hewitt', '647-483-7409', 20, '34411388159');
insert into campamento (id_campamento, cant_banos, nombre_responsable, tel_responsable, id_yacimiento, cuit) values (21, 40, 'Dora', '170-660-7049', 21, '33-68825650-5');
insert into campamento (id_campamento, cant_banos, nombre_responsable, tel_responsable, id_yacimiento, cuit) values (22, 47, 'Rozamond', '336-300-1920', 22, '30-48695232-4');
insert into campamento (id_campamento, cant_banos, nombre_responsable, tel_responsable, id_yacimiento, cuit) values (23, 6, 'Kerrie', '319-996-8085', 23, '33452338575');
insert into campamento (id_campamento, cant_banos, nombre_responsable, tel_responsable, id_yacimiento, cuit) values (24, 17, 'Sigismond', '601-717-6264', 24, '30-16724089-7');
insert into campamento (id_campamento, cant_banos, nombre_responsable, tel_responsable, id_yacimiento, cuit) values (25, 7, 'Jacky', '879-627-2058', 25, '30403039062');
insert into campamento (id_campamento, cant_banos, nombre_responsable, tel_responsable, id_yacimiento, cuit) values (26, 16, 'Anestassia', '794-218-3734', 26, '33006121836');
insert into campamento (id_campamento, cant_banos, nombre_responsable, tel_responsable, id_yacimiento, cuit) values (27, 8, 'Brandea', '872-947-9226', 27, '34014038736');
insert into campamento (id_campamento, cant_banos, nombre_responsable, tel_responsable, id_yacimiento, cuit) values (28, 27, 'Allsun', '947-339-7873', 28, '34-97029275-0');
insert into campamento (id_campamento, cant_banos, nombre_responsable, tel_responsable, id_yacimiento, cuit) values (29, 41, 'Rodger', '284-845-5623', 29, '34070778264');
insert into campamento (id_campamento, cant_banos, nombre_responsable, tel_responsable, id_yacimiento, cuit) values (30, 11, 'Dory', '403-794-5408', 30, '34-60283065-1');
insert into campamento (id_campamento, cant_banos, nombre_responsable, tel_responsable, id_yacimiento, cuit) values (31, 8, 'Bernadine', '358-283-4992', 31, '30-08918048-9');
insert into campamento (id_campamento, cant_banos, nombre_responsable, tel_responsable, id_yacimiento, cuit) values (32, 33, 'Sammy', '644-281-9647', 32, '34077757957');
insert into campamento (id_campamento, cant_banos, nombre_responsable, tel_responsable, id_yacimiento, cuit) values (33, 34, 'Linzy', '687-351-6501', 33, '34228232944');
insert into campamento (id_campamento, cant_banos, nombre_responsable, tel_responsable, id_yacimiento, cuit) values (34, 4, 'Stewart', '303-129-1184', 34, '30545886416');
insert into campamento (id_campamento, cant_banos, nombre_responsable, tel_responsable, id_yacimiento, cuit) values (35, 4, 'Fayina', '683-101-3944', 35, '33-68825650-5');
insert into campamento (id_campamento, cant_banos, nombre_responsable, tel_responsable, id_yacimiento, cuit) values (36, 35, 'Harald', '219-605-9243', 36, '34673904949');
insert into campamento (id_campamento, cant_banos, nombre_responsable, tel_responsable, id_yacimiento, cuit) values (37, 11, 'Christean', '655-526-7093', 37, '34-84463822-0');
insert into campamento (id_campamento, cant_banos, nombre_responsable, tel_responsable, id_yacimiento, cuit) values (38, 40, 'Margo', '367-288-0885', 38, '34-01692998-4');
insert into campamento (id_campamento, cant_banos, nombre_responsable, tel_responsable, id_yacimiento, cuit) values (39, 18, 'Emogene', '325-445-9865', 39, '34-00218293-6');
insert into campamento (id_campamento, cant_banos, nombre_responsable, tel_responsable, id_yacimiento, cuit) values (40, 9, 'Blondy', '108-656-4767', 40, '33-48187145-3');
insert into campamento (id_campamento, cant_banos, nombre_responsable, tel_responsable, id_yacimiento, cuit) values (41, 5, 'Karoline', '354-579-5327', 41, '34081098086');
insert into campamento (id_campamento, cant_banos, nombre_responsable, tel_responsable, id_yacimiento, cuit) values (42, 31, 'Shea', '181-552-1852', 42, '34673904949');
insert into campamento (id_campamento, cant_banos, nombre_responsable, tel_responsable, id_yacimiento, cuit) values (43, 30, 'Herb', '389-699-9082', 43, '33953138693');
insert into campamento (id_campamento, cant_banos, nombre_responsable, tel_responsable, id_yacimiento, cuit) values (44, 21, 'Frederica', '572-979-1506', 44, '34871965724');
insert into campamento (id_campamento, cant_banos, nombre_responsable, tel_responsable, id_yacimiento, cuit) values (45, 46, 'Wrennie', '499-866-7543', 45, '34441012940');
insert into campamento (id_campamento, cant_banos, nombre_responsable, tel_responsable, id_yacimiento, cuit) values (46, 25, 'Margarete', '319-298-6635', 46, '34062944285');
insert into campamento (id_campamento, cant_banos, nombre_responsable, tel_responsable, id_yacimiento, cuit) values (47, 36, 'Alexio', '730-241-3450', 47, '30-64006680-4');
insert into campamento (id_campamento, cant_banos, nombre_responsable, tel_responsable, id_yacimiento, cuit) values (48, 11, 'Ambrosio', '890-399-1698', 48, '34081098086');
insert into campamento (id_campamento, cant_banos, nombre_responsable, tel_responsable, id_yacimiento, cuit) values (49, 4, 'Daisie', '667-720-6760', 49, '34-29412464-1');
insert into campamento (id_campamento, cant_banos, nombre_responsable, tel_responsable, id_yacimiento, cuit) values (50, 34, 'Hadley', '253-125-9990', 50, '33006121836');
insert into campamento (id_campamento, cant_banos, nombre_responsable, tel_responsable, id_yacimiento, cuit) values (51, 29, 'Calypso', '908-600-7221', 51, '30-33631569-1');
insert into campamento (id_campamento, cant_banos, nombre_responsable, tel_responsable, id_yacimiento, cuit) values (52, 13, 'Myrta', '553-915-8505', 52, '30233519035');
insert into campamento (id_campamento, cant_banos, nombre_responsable, tel_responsable, id_yacimiento, cuit) values (53, 18, 'Hilliary', '344-353-7954', 53, '34441012940');
insert into campamento (id_campamento, cant_banos, nombre_responsable, tel_responsable, id_yacimiento, cuit) values (54, 10, 'Helga', '323-322-5948', 54, '34992630975');
insert into campamento (id_campamento, cant_banos, nombre_responsable, tel_responsable, id_yacimiento, cuit) values (55, 24, 'Renault', '505-119-6874', 55, '34-72376186-7');
insert into campamento (id_campamento, cant_banos, nombre_responsable, tel_responsable, id_yacimiento, cuit) values (56, 9, 'Edie', '251-377-9221', 56, '33240037869');
insert into campamento (id_campamento, cant_banos, nombre_responsable, tel_responsable, id_yacimiento, cuit) values (57, 37, 'Roselle', '640-161-7810', 57, '34-85512290-8');
insert into campamento (id_campamento, cant_banos, nombre_responsable, tel_responsable, id_yacimiento, cuit) values (58, 29, 'Willey', '726-150-8231', 58, '34-01033475-2');
insert into campamento (id_campamento, cant_banos, nombre_responsable, tel_responsable, id_yacimiento, cuit) values (59, 29, 'Margarita', '991-939-6392', 59, '34-72376186-7');
insert into campamento (id_campamento, cant_banos, nombre_responsable, tel_responsable, id_yacimiento, cuit) values (60, 31, 'Andrej', '221-710-3294', 60, '34-71947188-1');
insert into campamento (id_campamento, cant_banos, nombre_responsable, tel_responsable, id_yacimiento, cuit) values (61, 38, 'Klarika', '697-754-5860', 61, '30403039062');
insert into campamento (id_campamento, cant_banos, nombre_responsable, tel_responsable, id_yacimiento, cuit) values (62, 9, 'Fran', '943-813-5754', 62, '34642564432');
insert into campamento (id_campamento, cant_banos, nombre_responsable, tel_responsable, id_yacimiento, cuit) values (63, 19, 'Madelle', '180-472-1176', 63, '34441012940');
insert into campamento (id_campamento, cant_banos, nombre_responsable, tel_responsable, id_yacimiento, cuit) values (64, 25, 'Fina', '727-473-7397', 64, '34-00218293-6');
insert into campamento (id_campamento, cant_banos, nombre_responsable, tel_responsable, id_yacimiento, cuit) values (65, 20, 'Agnella', '217-253-1906', 65, '34932488098');
insert into campamento (id_campamento, cant_banos, nombre_responsable, tel_responsable, id_yacimiento, cuit) values (66, 9, 'Darn', '731-139-0753', 66, '34-29412464-1');
insert into campamento (id_campamento, cant_banos, nombre_responsable, tel_responsable, id_yacimiento, cuit) values (67, 30, 'Fairleigh', '988-549-0601', 67, '30163285930');
insert into campamento (id_campamento, cant_banos, nombre_responsable, tel_responsable, id_yacimiento, cuit) values (68, 26, 'Ada', '749-512-4553', 68, '34-72376186-7');
insert into campamento (id_campamento, cant_banos, nombre_responsable, tel_responsable, id_yacimiento, cuit) values (69, 30, 'Janifer', '229-507-3102', 69, '34480219175');
insert into campamento (id_campamento, cant_banos, nombre_responsable, tel_responsable, id_yacimiento, cuit) values (70, 19, 'Bambi', '414-267-3822', 70, '34-95629388-4');
insert into campamento (id_campamento, cant_banos, nombre_responsable, tel_responsable, id_yacimiento, cuit) values (71, 49, 'Cammi', '701-944-0040', 71, '34774729906');
insert into campamento (id_campamento, cant_banos, nombre_responsable, tel_responsable, id_yacimiento, cuit) values (72, 38, 'Tobias', '131-687-3729', 72, '34469651350');
insert into campamento (id_campamento, cant_banos, nombre_responsable, tel_responsable, id_yacimiento, cuit) values (73, 13, 'Gae', '305-709-4290', 73, '33-09452420-5');
insert into campamento (id_campamento, cant_banos, nombre_responsable, tel_responsable, id_yacimiento, cuit) values (74, 29, 'Esmaria', '479-427-3094', 74, '30-38520011-6');
insert into campamento (id_campamento, cant_banos, nombre_responsable, tel_responsable, id_yacimiento, cuit) values (75, 39, 'Morie', '886-935-7797', 75, '30-20738827-1');
insert into campamento (id_campamento, cant_banos, nombre_responsable, tel_responsable, id_yacimiento, cuit) values (76, 42, 'Ashbey', '182-242-5843', 76, '34-03288873-0');
insert into campamento (id_campamento, cant_banos, nombre_responsable, tel_responsable, id_yacimiento, cuit) values (77, 48, 'Lilas', '262-868-6435', 77, '34-45770144-8');
insert into campamento (id_campamento, cant_banos, nombre_responsable, tel_responsable, id_yacimiento, cuit) values (78, 46, 'Elysha', '973-973-0155', 78, '30403039062');
insert into campamento (id_campamento, cant_banos, nombre_responsable, tel_responsable, id_yacimiento, cuit) values (79, 40, 'Kelley', '735-782-2186', 79, '34871965724');
insert into campamento (id_campamento, cant_banos, nombre_responsable, tel_responsable, id_yacimiento, cuit) values (80, 18, 'Christophe', '500-135-5241', 80, '30-32898299-1');
insert into campamento (id_campamento, cant_banos, nombre_responsable, tel_responsable, id_yacimiento, cuit) values (81, 22, 'Emelita', '477-736-9531', 81, '34-72376186-7');
insert into campamento (id_campamento, cant_banos, nombre_responsable, tel_responsable, id_yacimiento, cuit) values (82, 15, 'Abdel', '874-184-3486', 82, '33177553164');
insert into campamento (id_campamento, cant_banos, nombre_responsable, tel_responsable, id_yacimiento, cuit) values (83, 15, 'Erminia', '776-230-1217', 83, '34861264039');
insert into campamento (id_campamento, cant_banos, nombre_responsable, tel_responsable, id_yacimiento, cuit) values (84, 13, 'Datha', '383-106-7609', 84, '34-45770144-8');
insert into campamento (id_campamento, cant_banos, nombre_responsable, tel_responsable, id_yacimiento, cuit) values (85, 34, 'Janis', '286-854-0085', 85, '34353696693');
insert into campamento (id_campamento, cant_banos, nombre_responsable, tel_responsable, id_yacimiento, cuit) values (86, 40, 'Melany', '353-699-9685', 86, '33452338575');
insert into campamento (id_campamento, cant_banos, nombre_responsable, tel_responsable, id_yacimiento, cuit) values (87, 39, 'Van', '791-361-7757', 87, '30-32898299-1');
insert into campamento (id_campamento, cant_banos, nombre_responsable, tel_responsable, id_yacimiento, cuit) values (88, 32, 'Alika', '364-298-2886', 88, '30545886416');
insert into campamento (id_campamento, cant_banos, nombre_responsable, tel_responsable, id_yacimiento, cuit) values (89, 14, 'Huntlee', '617-146-3912', 89, '34561008687');
insert into campamento (id_campamento, cant_banos, nombre_responsable, tel_responsable, id_yacimiento, cuit) values (90, 24, 'Delmar', '135-872-8114', 90, '34561008687');
insert into campamento (id_campamento, cant_banos, nombre_responsable, tel_responsable, id_yacimiento, cuit) values (91, 39, 'Verene', '916-783-4116', 91, '34099455780');
insert into campamento (id_campamento, cant_banos, nombre_responsable, tel_responsable, id_yacimiento, cuit) values (92, 45, 'Doria', '871-618-5015', 92, '34062944285');
insert into campamento (id_campamento, cant_banos, nombre_responsable, tel_responsable, id_yacimiento, cuit) values (93, 34, 'Mamie', '402-162-0801', 93, '34-03288873-0');
insert into campamento (id_campamento, cant_banos, nombre_responsable, tel_responsable, id_yacimiento, cuit) values (94, 33, 'Kathryn', '908-426-0482', 94, '34642564432');
insert into campamento (id_campamento, cant_banos, nombre_responsable, tel_responsable, id_yacimiento, cuit) values (95, 9, 'Faith', '466-532-3372', 95, '33663448407');
insert into campamento (id_campamento, cant_banos, nombre_responsable, tel_responsable, id_yacimiento, cuit) values (96, 21, 'Chadwick', '935-202-9202', 96, '33-17165438-7');
insert into campamento (id_campamento, cant_banos, nombre_responsable, tel_responsable, id_yacimiento, cuit) values (97, 44, 'Patrica', '617-305-0592', 97, '34-00218293-6');
insert into campamento (id_campamento, cant_banos, nombre_responsable, tel_responsable, id_yacimiento, cuit) values (98, 9, 'Calida', '922-207-6312', 98, '34-81478409-6');
insert into campamento (id_campamento, cant_banos, nombre_responsable, tel_responsable, id_yacimiento, cuit) values (99, 10, 'Almeta', '256-467-1315', 99, '34840250888');
insert into campamento (id_campamento, cant_banos, nombre_responsable, tel_responsable, id_yacimiento, cuit) values (100, 48, 'Lizbeth', '671-581-1301', 100, '33953138693');

insert into empresa_transporte (cuit, razon_social, direccion) values ('34176149228', 'Wolf-Green', '8270 Farragut Plaza');
insert into empresa_transporte (cuit, razon_social, direccion) values ('34091274427', 'Frami-Grady', '5447 Graedel Way');
insert into empresa_transporte (cuit, razon_social, direccion) values ('34-68683175-0', 'Hermiston, Herman and Orn', '82530 4th Pass');
insert into empresa_transporte (cuit, razon_social, direccion) values ('33-78821650-5', 'Bode-Monahan', '275 Lunder Plaza');
insert into empresa_transporte (cuit, razon_social, direccion) values ('34-41423522-9', 'Leuschke, Mohr and Ritchie', '5176 Carberry Terrace');
insert into empresa_transporte (cuit, razon_social, direccion) values ('34-85612290-8', 'Hansen, Frami and Auer', '1561 Rutledge Court');
insert into empresa_transporte (cuit, razon_social, direccion) values ('33-47165438-7', 'Hessel Inc', '5 Pleasure Court');
insert into empresa_transporte (cuit, razon_social, direccion) values ('34-01633475-2', 'Pollich Inc', '92 Pepper Wood Circle');
insert into empresa_transporte (cuit, razon_social, direccion) values ('34932388098', 'Mante LLC', '11646 3rd Hill');
insert into empresa_transporte (cuit, razon_social, direccion) values ('34-65218293-2', 'Kautzer-Huels', '630 Erie Parkway');
insert into empresa_transporte (cuit, razon_social, direccion) values ('33126121836', 'Bartell, Padberg and Jenkins', '076 Twin Pines Alley');
insert into empresa_transporte (cuit, razon_social, direccion) values ('33-49452420-5', 'Von-Wilderman', '7 Haas Way');
insert into empresa_transporte (cuit, razon_social, direccion) values ('30-20728527-1', 'Beier, Hauck and Barrows', '912 Morrow Point');
insert into empresa_transporte (cuit, razon_social, direccion) values ('33245237869', 'Kessler-Tillman', '826 Ryan Street');
insert into empresa_transporte (cuit, razon_social, direccion) values ('34480289175', 'Greenfelder-Medhurst', '91 Merry Crossing');
insert into empresa_transporte (cuit, razon_social, direccion) values ('30542455612', 'Adams and Sons', '58775 Maple Wood Lane');
insert into empresa_transporte (cuit, razon_social, direccion) values ('34-72323186-7', 'Gusikowski, Hamill and Schneider', '7536 Rusk Way');
insert into empresa_transporte (cuit, razon_social, direccion) values ('33157365371', 'Aufderhar, Reynolds and Wehner', '26 Starling Trail');
insert into empresa_transporte (cuit, razon_social, direccion) values ('33022450682', 'Wilkinson, Reichel and Lockman', '995 Washington Avenue');
insert into empresa_transporte (cuit, razon_social, direccion) values ('30-43339192-0', 'Schamberger-Ratke', '91698 Monument Place');

insert into traslada (cuit, fecha, id_planta) values ('30692992172', '2020-06-18', 1);
insert into traslada (cuit, fecha, id_planta) values ('34-45112908-6', '2019-09-07', 2);
insert into traslada (cuit, fecha, id_planta) values ('34861264039', '2019-02-10', 3);
insert into traslada (cuit, fecha, id_planta) values ('33-79593481-4', '2019-10-24', 4);
insert into traslada (cuit, fecha, id_planta) values ('34992630975', '2020-06-09', 5);
insert into traslada (cuit, fecha, id_planta) values ('34-45112908-6', '2020-04-30', 6);
insert into traslada (cuit, fecha, id_planta) values ('34-71947188-1', '2019-11-10', 7);
insert into traslada (cuit, fecha, id_planta) values ('34561008687', '2020-09-02', 8);
insert into traslada (cuit, fecha, id_planta) values ('34561008687', '2019-07-02', 9);
insert into traslada (cuit, fecha, id_planta) values ('34526924822', '2019-10-02', 10);
insert into traslada (cuit, fecha, id_planta) values ('33177553164', '2020-06-23', 11);
insert into traslada (cuit, fecha, id_planta) values ('34871965724', '2019-07-16', 12);
insert into traslada (cuit, fecha, id_planta) values ('30-08918048-9', '2019-09-29', 13);
insert into traslada (cuit, fecha, id_planta) values ('34658800707', '2019-07-27', 14);
insert into traslada (cuit, fecha, id_planta) values ('30777037216', '2019-11-18', 15);
insert into traslada (cuit, fecha, id_planta) values ('34-29412464-1', '2020-02-22', 16);
insert into traslada (cuit, fecha, id_planta) values ('33-17165438-7', '2020-02-19', 17);
insert into traslada (cuit, fecha, id_planta) values ('34-68863175-0', '2019-05-01', 18);
insert into traslada (cuit, fecha, id_planta) values ('34658800707', '2019-12-17', 19);
insert into traslada (cuit, fecha, id_planta) values ('34741767016', '2019-01-16', 20);
insert into traslada (cuit, fecha, id_planta) values ('33006121836', '2019-02-21', 21);
insert into traslada (cuit, fecha, id_planta) values ('30-16724089-7', '2019-07-12', 22);
insert into traslada (cuit, fecha, id_planta) values ('34-84463822-0', '2020-07-28', 23);
insert into traslada (cuit, fecha, id_planta) values ('30-64006680-4', '2019-11-18', 24);
insert into traslada (cuit, fecha, id_planta) values ('30-48695232-4', '2019-08-27', 25);
insert into traslada (cuit, fecha, id_planta) values ('34228232944', '2019-11-29', 26);
insert into traslada (cuit, fecha, id_planta) values ('34673904949', '2020-03-18', 27);
insert into traslada (cuit, fecha, id_planta) values ('30-20738827-1', '2019-06-13', 28);
insert into traslada (cuit, fecha, id_planta) values ('30774152872', '2019-12-11', 29);
insert into traslada (cuit, fecha, id_planta) values ('30777037216', '2019-10-19', 30);
insert into traslada (cuit, fecha, id_planta) values ('30-27080907-2', '2020-01-07', 31);
insert into traslada (cuit, fecha, id_planta) values ('33-68825650-5', '2020-03-21', 32);
insert into traslada (cuit, fecha, id_planta) values ('34694063270', '2020-05-17', 33);
insert into traslada (cuit, fecha, id_planta) values ('33-96758750-3', '2020-04-26', 34);
insert into traslada (cuit, fecha, id_planta) values ('30692992172', '2020-03-21', 35);
insert into traslada (cuit, fecha, id_planta) values ('30163285930', '2020-05-11', 36);
insert into traslada (cuit, fecha, id_planta) values ('30936918409', '2020-04-18', 37);
insert into traslada (cuit, fecha, id_planta) values ('34-84463822-0', '2019-05-23', 38);
insert into traslada (cuit, fecha, id_planta) values ('34774729906', '2019-02-28', 39);
insert into traslada (cuit, fecha, id_planta) values ('34-41400522-9', '2020-01-31', 40);
insert into traslada (cuit, fecha, id_planta) values ('33177553164', '2019-04-29', 41);
insert into traslada (cuit, fecha, id_planta) values ('34-50210560-0', '2019-05-30', 42);
insert into traslada (cuit, fecha, id_planta) values ('34-41400522-9', '2019-12-08', 43);
insert into traslada (cuit, fecha, id_planta) values ('34480219175', '2019-11-10', 44);
insert into traslada (cuit, fecha, id_planta) values ('34662844483', '2019-07-03', 45);
insert into traslada (cuit, fecha, id_planta) values ('34-72376186-7', '2020-04-05', 46);
insert into traslada (cuit, fecha, id_planta) values ('30226662435', '2020-05-28', 47);
insert into traslada (cuit, fecha, id_planta) values ('34-45112908-6', '2019-11-25', 48);
insert into traslada (cuit, fecha, id_planta) values ('30403039062', '2019-10-04', 49);
insert into traslada (cuit, fecha, id_planta) values ('34-68863175-0', '2019-11-21', 50);
insert into traslada (cuit, fecha, id_planta) values ('34099455780', '2020-09-27', 51);
insert into traslada (cuit, fecha, id_planta) values ('34741767016', '2019-03-20', 52);
insert into traslada (cuit, fecha, id_planta) values ('34-01692998-4', '2019-02-24', 53);
insert into traslada (cuit, fecha, id_planta) values ('34-60283065-1', '2019-08-13', 54);
insert into traslada (cuit, fecha, id_planta) values ('30163285930', '2020-09-02', 55);
insert into traslada (cuit, fecha, id_planta) values ('34441012940', '2019-08-22', 56);
insert into traslada (cuit, fecha, id_planta) values ('34077757957', '2020-04-12', 57);
insert into traslada (cuit, fecha, id_planta) values ('34-41400522-9', '2020-05-14', 58);
insert into traslada (cuit, fecha, id_planta) values ('34476644037', '2020-03-21', 59);
insert into traslada (cuit, fecha, id_planta) values ('33452338575', '2019-04-12', 60);
insert into traslada (cuit, fecha, id_planta) values ('34992630975', '2020-08-10', 61);
insert into traslada (cuit, fecha, id_planta) values ('30692992172', '2019-03-19', 62);
insert into traslada (cuit, fecha, id_planta) values ('33452338575', '2019-10-10', 63);
insert into traslada (cuit, fecha, id_planta) values ('33006121836', '2020-06-19', 64);
insert into traslada (cuit, fecha, id_planta) values ('33-79593481-4', '2020-08-09', 65);
insert into traslada (cuit, fecha, id_planta) values ('34-50210560-0', '2019-06-06', 66);
insert into traslada (cuit, fecha, id_planta) values ('33750482049', '2019-02-12', 67);
insert into traslada (cuit, fecha, id_planta) values ('34-84463822-0', '2019-01-08', 68);
insert into traslada (cuit, fecha, id_planta) values ('34861264039', '2020-09-19', 69);
insert into traslada (cuit, fecha, id_planta) values ('30-38520011-6', '2020-04-09', 70);
insert into traslada (cuit, fecha, id_planta) values ('34774729906', '2020-03-05', 71);
insert into traslada (cuit, fecha, id_planta) values ('30-08918048-9', '2020-07-24', 72);
insert into traslada (cuit, fecha, id_planta) values ('33071595216', '2020-07-09', 73);
insert into traslada (cuit, fecha, id_planta) values ('30226662435', '2019-03-18', 74);
insert into traslada (cuit, fecha, id_planta) values ('33-59810738-6', '2019-08-28', 75);
insert into traslada (cuit, fecha, id_planta) values ('30692992172', '2019-04-30', 76);
insert into traslada (cuit, fecha, id_planta) values ('34176149118', '2020-03-06', 77);
insert into traslada (cuit, fecha, id_planta) values ('34871965724', '2020-05-28', 78);
insert into traslada (cuit, fecha, id_planta) values ('34-84463822-0', '2020-09-18', 79);
insert into traslada (cuit, fecha, id_planta) values ('30-48695232-4', '2019-02-11', 80);
insert into traslada (cuit, fecha, id_planta) values ('30777037216', '2019-10-26', 81);
insert into traslada (cuit, fecha, id_planta) values ('30546457612', '2019-02-03', 82);
insert into traslada (cuit, fecha, id_planta) values ('30774152872', '2020-07-15', 83);
insert into traslada (cuit, fecha, id_planta) values ('34658800707', '2019-11-25', 84);
insert into traslada (cuit, fecha, id_planta) values ('33071450682', '2019-03-19', 85);
insert into traslada (cuit, fecha, id_planta) values ('30774152872', '2020-06-20', 86);
insert into traslada (cuit, fecha, id_planta) values ('33-09452420-5', '2019-10-28', 87);
insert into traslada (cuit, fecha, id_planta) values ('34176149118', '2019-02-12', 88);
insert into traslada (cuit, fecha, id_planta) values ('30-33631569-1', '2020-09-02', 89);
insert into traslada (cuit, fecha, id_planta) values ('30-40190760-7', '2019-05-28', 90);
insert into traslada (cuit, fecha, id_planta) values ('30545886416', '2020-05-17', 91);
insert into traslada (cuit, fecha, id_planta) values ('34774729906', '2020-08-22', 92);
insert into traslada (cuit, fecha, id_planta) values ('30-32898299-1', '2019-06-26', 93);
insert into traslada (cuit, fecha, id_planta) values ('30163285930', '2019-09-02', 94);
insert into traslada (cuit, fecha, id_planta) values ('30-81222572-6', '2019-10-26', 95);
insert into traslada (cuit, fecha, id_planta) values ('34176149118', '2020-01-07', 96);
insert into traslada (cuit, fecha, id_planta) values ('30233519035', '2020-05-14', 97);
insert into traslada (cuit, fecha, id_planta) values ('33071595216', '2019-05-04', 98);
insert into traslada (cuit, fecha, id_planta) values ('30774152872', '2019-10-12', 99);
insert into traslada (cuit, fecha, id_planta) values ('30546457612', '2019-06-17', 100);

insert into contrato (id_contrato, fecha_inicio, fecha_fin, descripcion, monto, cuit) values (1, '2019-12-03', '2020-06-02', null, 34738, '34176149228');
insert into contrato (id_contrato, fecha_inicio, fecha_fin, descripcion, monto, cuit) values (2, '2019-10-29', '2020-07-07', null, 12203, '34091274427');
insert into contrato (id_contrato, fecha_inicio, fecha_fin, descripcion, monto, cuit) values (3, '2019-12-11', '2020-06-01', null, 35761, '34-68683175-0');
insert into contrato (id_contrato, fecha_inicio, fecha_fin, descripcion, monto, cuit) values (4, '2019-10-31', '2020-09-22', null, 18558, '33-78821650-5');
insert into contrato (id_contrato, fecha_inicio, fecha_fin, descripcion, monto, cuit) values (5, '2019-10-10', '2020-01-11', 'Curabitur in libero ut massa volutpat convallis.', 29099, '34-41423522-9');
insert into contrato (id_contrato, fecha_inicio, fecha_fin, descripcion, monto, cuit) values (6, '2019-10-01', '2020-08-17', 'In congue.', 31521, '34-85612290-8');
insert into contrato (id_contrato, fecha_inicio, fecha_fin, descripcion, monto, cuit) values (7, '2019-12-26', '2020-02-19', null, 27719, '33-47165438-7');
insert into contrato (id_contrato, fecha_inicio, fecha_fin, descripcion, monto, cuit) values (8, '2019-10-07', '2020-04-08', 'Nullam molestie nibh in lectus.', 28906, '34-01633475-2');
insert into contrato (id_contrato, fecha_inicio, fecha_fin, descripcion, monto, cuit) values (9, '2019-11-25', '2020-07-12', 'Nulla facilisi.', 16703, '34932388098');
insert into contrato (id_contrato, fecha_inicio, fecha_fin, descripcion, monto, cuit) values (10, '2019-11-18', '2020-07-01', null, 27741, '34-65218293-2');
insert into contrato (id_contrato, fecha_inicio, fecha_fin, descripcion, monto, cuit) values (11, '2019-11-09', '2020-06-13', 'Curabitur at ipsum ac tellus semper interdum. Mauris ullamcorper purus sit amet nulla.', 13779, '33126121836');
insert into contrato (id_contrato, fecha_inicio, fecha_fin, descripcion, monto, cuit) values (12, '2019-10-11', '2020-07-09', 'Donec ut dolor.', 23947, '33-49452420-5');
insert into contrato (id_contrato, fecha_inicio, fecha_fin, descripcion, monto, cuit) values (13, '2019-11-11', '2020-01-01', 'Nam congue, risus semper porta volutpat, quam pede lobortis ligula, sit amet eleifend pede libero quis orci. Nullam molestie nibh in lectus. Pellentesque at nulla.', 12527, '30-20728527-1');
insert into contrato (id_contrato, fecha_inicio, fecha_fin, descripcion, monto, cuit) values (14, '2019-10-28', '2020-08-07', 'Nullam porttitor lacus at turpis. Donec posuere metus vitae ipsum. Aliquam non mauris.', 37996, '33245237869');
insert into contrato (id_contrato, fecha_inicio, fecha_fin, descripcion, monto, cuit) values (15, '2019-12-17', '2020-04-15', null, 26915, '34480289175');
insert into contrato (id_contrato, fecha_inicio, fecha_fin, descripcion, monto, cuit) values (16, '2019-10-09', '2020-03-27', null, 15669, '30542455612');
insert into contrato (id_contrato, fecha_inicio, fecha_fin, descripcion, monto, cuit) values (17, '2019-10-28', '2020-09-26', null, 32242, '34-72323186-7');
insert into contrato (id_contrato, fecha_inicio, fecha_fin, descripcion, monto, cuit) values (18, '2019-12-28', '2020-02-05', null, 11397, '33157365371');
insert into contrato (id_contrato, fecha_inicio, fecha_fin, descripcion, monto, cuit) values (19, '2019-12-02', '2020-03-17', 'Morbi vel lectus in quam fringilla rhoncus.', 28046, '33022450682');
insert into contrato (id_contrato, fecha_inicio, fecha_fin, descripcion, monto, cuit) values (20, '2019-11-21', '2020-07-08', null, 29198, '30-43339192-0');
insert into contrato (id_contrato, fecha_inicio, fecha_fin, descripcion, monto, cuit) values (21, '2019-10-08', '2020-02-19', null, 23567, '34176149228');
insert into contrato (id_contrato, fecha_inicio, fecha_fin, descripcion, monto, cuit) values (22, '2019-11-20', '2020-01-08', null, 21061, '34091274427');
insert into contrato (id_contrato, fecha_inicio, fecha_fin, descripcion, monto, cuit) values (23, '2019-12-14', '2020-07-15', null, 37440, '34-68683175-0');
insert into contrato (id_contrato, fecha_inicio, fecha_fin, descripcion, monto, cuit) values (24, '2019-12-09', '2020-07-26', null, 20340, '33-78821650-5');
insert into contrato (id_contrato, fecha_inicio, fecha_fin, descripcion, monto, cuit) values (25, '2019-11-24', '2020-09-02', 'Vivamus in felis eu sapien cursus vestibulum.', 15982, '34-41423522-9');
insert into contrato (id_contrato, fecha_inicio, fecha_fin, descripcion, monto, cuit) values (26, '2019-12-18', '2020-04-08', 'Donec ut mauris eget massa tempor convallis. Nulla neque libero, convallis eget, eleifend luctus, ultricies eu, nibh.', 38064, '34-85612290-8');
insert into contrato (id_contrato, fecha_inicio, fecha_fin, descripcion, monto, cuit) values (27, '2019-12-16', '2020-01-25', null, 13551, '33-47165438-7');
insert into contrato (id_contrato, fecha_inicio, fecha_fin, descripcion, monto, cuit) values (28, '2019-11-17', '2020-06-23', null, 37163, '34-01633475-2');
insert into contrato (id_contrato, fecha_inicio, fecha_fin, descripcion, monto, cuit) values (29, '2019-11-26', '2020-02-17', null, 24482, '34932388098');
insert into contrato (id_contrato, fecha_inicio, fecha_fin, descripcion, monto, cuit) values (30, '2019-12-11', '2020-05-16', null, 36639, '34-65218293-2');
insert into contrato (id_contrato, fecha_inicio, fecha_fin, descripcion, monto, cuit) values (31, '2019-11-16', '2020-05-28', 'Praesent lectus. Vestibulum quam sapien, varius ut, blandit non, interdum in, ante. Vestibulum ante ipsum primis in faucibus orci luctus et ultrices posuere cubilia Curae; Duis faucibus accumsan odio.', 23385, '33126121836');
insert into contrato (id_contrato, fecha_inicio, fecha_fin, descripcion, monto, cuit) values (32, '2019-12-05', '2020-02-29', 'Nunc nisl. Duis bibendum, felis sed interdum venenatis, turpis enim blandit mi, in porttitor pede justo eu massa. Donec dapibus.', 16174, '33-49452420-5');
insert into contrato (id_contrato, fecha_inicio, fecha_fin, descripcion, monto, cuit) values (33, '2019-12-27', '2020-01-12', null, 22391, '30-20728527-1');
insert into contrato (id_contrato, fecha_inicio, fecha_fin, descripcion, monto, cuit) values (34, '2019-12-04', '2020-05-04', 'Nunc purus.', 28725, '33245237869');
insert into contrato (id_contrato, fecha_inicio, fecha_fin, descripcion, monto, cuit) values (35, '2019-12-05', '2020-05-27', 'Fusce consequat. Nulla nisl.', 15042, '34480289175');
insert into contrato (id_contrato, fecha_inicio, fecha_fin, descripcion, monto, cuit) values (36, '2019-12-27', '2020-01-29', null, 13907, '30542455612');
insert into contrato (id_contrato, fecha_inicio, fecha_fin, descripcion, monto, cuit) values (37, '2019-10-17', '2020-05-15', null, 24610, '34-72323186-7');
insert into contrato (id_contrato, fecha_inicio, fecha_fin, descripcion, monto, cuit) values (38, '2019-12-09', '2020-01-23', null, 30418, '33157365371');
insert into contrato (id_contrato, fecha_inicio, fecha_fin, descripcion, monto, cuit) values (39, '2019-12-04', '2020-02-07', null, 27493, '33022450682');
insert into contrato (id_contrato, fecha_inicio, fecha_fin, descripcion, monto, cuit) values (40, '2019-12-03', '2020-03-23', 'Morbi porttitor lorem id ligula. Suspendisse ornare consequat lectus. In est risus, auctor sed, tristique in, tempus sit amet, sem.', 38702, '30-43339192-0');
insert into contrato (id_contrato, fecha_inicio, fecha_fin, descripcion, monto, cuit) values (41, '2019-11-08', '2020-05-18', null, 37696, '34176149228');
insert into contrato (id_contrato, fecha_inicio, fecha_fin, descripcion, monto, cuit) values (42, '2019-11-17', '2020-02-05', null, 10170, '34091274427');
insert into contrato (id_contrato, fecha_inicio, fecha_fin, descripcion, monto, cuit) values (43, '2019-11-02', '2020-05-19', 'Integer tincidunt ante vel ipsum. Praesent blandit lacinia erat. Vestibulum sed magna at nunc commodo placerat.', 12255, '34-68683175-0');
insert into contrato (id_contrato, fecha_inicio, fecha_fin, descripcion, monto, cuit) values (44, '2019-12-04', '2020-04-18', null, 34300, '33-78821650-5');
insert into contrato (id_contrato, fecha_inicio, fecha_fin, descripcion, monto, cuit) values (45, '2019-11-07', '2020-09-20', null, 29526, '34-41423522-9');
insert into contrato (id_contrato, fecha_inicio, fecha_fin, descripcion, monto, cuit) values (46, '2019-11-20', '2020-05-19', null, 19890, '34-85612290-8');
insert into contrato (id_contrato, fecha_inicio, fecha_fin, descripcion, monto, cuit) values (47, '2019-10-25', '2020-07-11', null, 20946, '33-47165438-7');
insert into contrato (id_contrato, fecha_inicio, fecha_fin, descripcion, monto, cuit) values (48, '2019-10-02', '2020-09-02', 'Praesent blandit.', 30191, '34-01633475-2');
insert into contrato (id_contrato, fecha_inicio, fecha_fin, descripcion, monto, cuit) values (49, '2019-11-07', '2020-05-03', 'Fusce lacus purus, aliquet at, feugiat non, pretium quis, lectus.', 34437, '34932388098');
insert into contrato (id_contrato, fecha_inicio, fecha_fin, descripcion, monto, cuit) values (50, '2019-10-12', '2020-02-17', 'Morbi a ipsum. Integer a nibh. In quis justo.', 28968, '34-65218293-2');
insert into contrato (id_contrato, fecha_inicio, fecha_fin, descripcion, monto, cuit) values (51, '2019-10-22', '2020-02-01', null, 15477, '33126121836');
insert into contrato (id_contrato, fecha_inicio, fecha_fin, descripcion, monto, cuit) values (52, '2019-10-15', '2020-03-21', null, 36822, '33-49452420-5');
insert into contrato (id_contrato, fecha_inicio, fecha_fin, descripcion, monto, cuit) values (53, '2019-12-12', '2020-02-08', null, 15118, '30-20728527-1');
insert into contrato (id_contrato, fecha_inicio, fecha_fin, descripcion, monto, cuit) values (54, '2019-10-23', '2020-04-08', null, 31416, '33245237869');
insert into contrato (id_contrato, fecha_inicio, fecha_fin, descripcion, monto, cuit) values (55, '2019-11-08', '2020-03-11', 'In sagittis dui vel nisl.', 29363, '34480289175');
insert into contrato (id_contrato, fecha_inicio, fecha_fin, descripcion, monto, cuit) values (56, '2019-12-29', '2020-09-04', null, 21018, '30542455612');
insert into contrato (id_contrato, fecha_inicio, fecha_fin, descripcion, monto, cuit) values (57, '2019-10-13', '2020-08-24', 'Aenean lectus. Pellentesque eget nunc.', 27885, '34-72323186-7');
insert into contrato (id_contrato, fecha_inicio, fecha_fin, descripcion, monto, cuit) values (58, '2019-12-12', '2020-03-03', 'Curabitur gravida nisi at nibh. In hac habitasse platea dictumst. Aliquam augue quam, sollicitudin vitae, consectetuer eget, rutrum at, lorem.', 12915, '33157365371');
insert into contrato (id_contrato, fecha_inicio, fecha_fin, descripcion, monto, cuit) values (59, '2019-10-15', '2020-05-09', null, 14119, '33022450682');
insert into contrato (id_contrato, fecha_inicio, fecha_fin, descripcion, monto, cuit) values (60, '2019-12-12', '2020-06-29', 'Pellentesque eget nunc. Donec quis orci eget orci vehicula condimentum.', 34660, '30-43339192-0');
insert into contrato (id_contrato, fecha_inicio, fecha_fin, descripcion, monto, cuit) values (61, '2019-11-28', '2020-06-23', null, 13489, '34176149228');
insert into contrato (id_contrato, fecha_inicio, fecha_fin, descripcion, monto, cuit) values (62, '2019-10-24', '2020-04-19', null, 16806, '34091274427');
insert into contrato (id_contrato, fecha_inicio, fecha_fin, descripcion, monto, cuit) values (63, '2019-12-18', '2020-09-20', null, 35041, '34-68683175-0');
insert into contrato (id_contrato, fecha_inicio, fecha_fin, descripcion, monto, cuit) values (64, '2019-12-09', '2020-07-11', null, 35203, '33-78821650-5');
insert into contrato (id_contrato, fecha_inicio, fecha_fin, descripcion, monto, cuit) values (65, '2019-12-04', '2020-01-13', null, 37038, '34-41423522-9');
insert into contrato (id_contrato, fecha_inicio, fecha_fin, descripcion, monto, cuit) values (66, '2019-10-23', '2020-08-28', null, 37911, '34-85612290-8');
insert into contrato (id_contrato, fecha_inicio, fecha_fin, descripcion, monto, cuit) values (67, '2019-10-22', '2020-08-10', null, 13671, '33-47165438-7');
insert into contrato (id_contrato, fecha_inicio, fecha_fin, descripcion, monto, cuit) values (68, '2019-12-30', '2020-07-01', 'Curabitur at ipsum ac tellus semper interdum.', 32934, '34-01633475-2');
insert into contrato (id_contrato, fecha_inicio, fecha_fin, descripcion, monto, cuit) values (69, '2019-11-06', '2020-09-02', null, 27100, '34932388098');
insert into contrato (id_contrato, fecha_inicio, fecha_fin, descripcion, monto, cuit) values (70, '2019-12-17', '2020-07-12', null, 33282, '34-65218293-2');
insert into contrato (id_contrato, fecha_inicio, fecha_fin, descripcion, monto, cuit) values (71, '2019-11-30', '2020-02-07', 'Sed accumsan felis.', 18341, '33126121836');
insert into contrato (id_contrato, fecha_inicio, fecha_fin, descripcion, monto, cuit) values (72, '2019-10-08', '2020-08-01', null, 23684, '33-49452420-5');
insert into contrato (id_contrato, fecha_inicio, fecha_fin, descripcion, monto, cuit) values (73, '2019-11-22', '2020-01-01', null, 37851, '30-20728527-1');
insert into contrato (id_contrato, fecha_inicio, fecha_fin, descripcion, monto, cuit) values (74, '2019-10-04', '2020-07-07', null, 13542, '33245237869');
insert into contrato (id_contrato, fecha_inicio, fecha_fin, descripcion, monto, cuit) values (75, '2019-11-09', '2020-03-10', 'Vivamus tortor. Duis mattis egestas metus. Aenean fermentum.', 21238, '34480289175');
insert into contrato (id_contrato, fecha_inicio, fecha_fin, descripcion, monto, cuit) values (76, '2019-11-15', '2020-06-18', null, 18915, '30542455612');
insert into contrato (id_contrato, fecha_inicio, fecha_fin, descripcion, monto, cuit) values (77, '2019-10-14', '2020-07-22', 'In quis justo.', 33353, '34-72323186-7');
insert into contrato (id_contrato, fecha_inicio, fecha_fin, descripcion, monto, cuit) values (78, '2019-12-21', '2020-06-30', null, 37202, '33157365371');
insert into contrato (id_contrato, fecha_inicio, fecha_fin, descripcion, monto, cuit) values (79, '2019-10-30', '2020-09-06', null, 26135, '33022450682');
insert into contrato (id_contrato, fecha_inicio, fecha_fin, descripcion, monto, cuit) values (80, '2019-10-26', '2020-01-15', 'Duis bibendum. Morbi non quam nec dui luctus rutrum. Nulla tellus.', 24474, '30-43339192-0');
insert into contrato (id_contrato, fecha_inicio, fecha_fin, descripcion, monto, cuit) values (81, '2019-10-17', '2020-06-07', null, 36458, '34176149228');
insert into contrato (id_contrato, fecha_inicio, fecha_fin, descripcion, monto, cuit) values (82, '2019-12-06', '2020-09-15', null, 24911, '34091274427');
insert into contrato (id_contrato, fecha_inicio, fecha_fin, descripcion, monto, cuit) values (83, '2019-12-08', '2020-03-21', 'Cras non velit nec nisi vulputate nonummy. Maecenas tincidunt lacus at velit.', 19623, '34-68683175-0');
insert into contrato (id_contrato, fecha_inicio, fecha_fin, descripcion, monto, cuit) values (84, '2019-11-09', '2020-03-04', null, 18121, '33-78821650-5');
insert into contrato (id_contrato, fecha_inicio, fecha_fin, descripcion, monto, cuit) values (85, '2019-10-18', '2020-06-24', null, 22660, '34-41423522-9');
insert into contrato (id_contrato, fecha_inicio, fecha_fin, descripcion, monto, cuit) values (86, '2019-12-08', '2020-04-10', null, 14485, '34-85612290-8');
insert into contrato (id_contrato, fecha_inicio, fecha_fin, descripcion, monto, cuit) values (87, '2019-12-07', '2020-07-11', null, 17258, '33-47165438-7');
insert into contrato (id_contrato, fecha_inicio, fecha_fin, descripcion, monto, cuit) values (88, '2019-10-30', '2020-05-18', null, 27173, '34-01633475-2');
insert into contrato (id_contrato, fecha_inicio, fecha_fin, descripcion, monto, cuit) values (89, '2019-10-06', '2020-05-06', null, 14628, '34932388098');
insert into contrato (id_contrato, fecha_inicio, fecha_fin, descripcion, monto, cuit) values (90, '2019-11-18', '2020-06-02', null, 17642, '34-65218293-2');
insert into contrato (id_contrato, fecha_inicio, fecha_fin, descripcion, monto, cuit) values (91, '2019-12-19', '2020-02-21', 'Vestibulum ac est lacinia nisi venenatis tristique. Fusce congue, diam id ornare imperdiet, sapien urna pretium nisl, ut volutpat sapien arcu sed augue. Aliquam erat volutpat.', 32573, '33126121836');
insert into contrato (id_contrato, fecha_inicio, fecha_fin, descripcion, monto, cuit) values (92, '2019-12-10', '2020-04-27', 'Curabitur gravida nisi at nibh. In hac habitasse platea dictumst. Aliquam augue quam, sollicitudin vitae, consectetuer eget, rutrum at, lorem.', 24304, '33-49452420-5');
insert into contrato (id_contrato, fecha_inicio, fecha_fin, descripcion, monto, cuit) values (93, '2019-12-16', '2020-01-04', null, 23845, '30-20728527-1');
insert into contrato (id_contrato, fecha_inicio, fecha_fin, descripcion, monto, cuit) values (94, '2019-12-02', '2020-02-08', null, 13016, '33245237869');
insert into contrato (id_contrato, fecha_inicio, fecha_fin, descripcion, monto, cuit) values (95, '2019-10-09', '2020-08-09', null, 34672, '34480289175');
insert into contrato (id_contrato, fecha_inicio, fecha_fin, descripcion, monto, cuit) values (96, '2019-10-08', '2020-09-22', 'Nulla ut erat id mauris vulputate elementum. Nullam varius. Nulla facilisi.', 32613, '30542455612');
insert into contrato (id_contrato, fecha_inicio, fecha_fin, descripcion, monto, cuit) values (97, '2019-12-09', '2020-03-25', null, 17489, '34-72323186-7');
insert into contrato (id_contrato, fecha_inicio, fecha_fin, descripcion, monto, cuit) values (98, '2019-09-30', '2020-09-05', null, 24923, '33157365371');
insert into contrato (id_contrato, fecha_inicio, fecha_fin, descripcion, monto, cuit) values (99, '2019-09-30', '2020-04-26', 'Morbi vestibulum, velit id pretium iaculis, diam erat fermentum justo, nec condimentum neque sapien placerat ante.', 24210, '33022450682');
insert into contrato (id_contrato, fecha_inicio, fecha_fin, descripcion, monto, cuit) values (100, '2019-12-03', '2020-08-27', null, 22361, '30-43339192-0');



insert into mantenimiento (id_mantenimiento, id_planta, fecha, hora, detalle) values (1, 16, '2020-09-01', '10:21', null);
insert into mantenimiento (id_mantenimiento, id_planta, fecha, hora, detalle) values (2, 59, '2019-07-31', '13:17', null);
insert into mantenimiento (id_mantenimiento, id_planta, fecha, hora, detalle) values (3, 81, '2020-03-25', '9:47', null);
insert into mantenimiento (id_mantenimiento, id_planta, fecha, hora, detalle) values (4, 40, '2020-05-17', '21:24', null);
insert into mantenimiento (id_mantenimiento, id_planta, fecha, hora, detalle) values (5, 15, '2019-01-24', '18:01', null);
insert into mantenimiento (id_mantenimiento, id_planta, fecha, hora, detalle) values (6, 42, '2019-08-11', '19:59', null);
insert into mantenimiento (id_mantenimiento, id_planta, fecha, hora, detalle) values (7, 47, '2019-10-19', '17:17', null);
insert into mantenimiento (id_mantenimiento, id_planta, fecha, hora, detalle) values (8, 5, '2019-03-20', '10:08', null);
insert into mantenimiento (id_mantenimiento, id_planta, fecha, hora, detalle) values (9, 10, '2020-09-19', '21:27', null);
insert into mantenimiento (id_mantenimiento, id_planta, fecha, hora, detalle) values (10, 72, '2019-05-24', '9:16', null);
insert into mantenimiento (id_mantenimiento, id_planta, fecha, hora, detalle) values (11, 59, '2019-07-07', '20:24', null);
insert into mantenimiento (id_mantenimiento, id_planta, fecha, hora, detalle) values (12, 76, '2019-04-09', '10:10', null);
insert into mantenimiento (id_mantenimiento, id_planta, fecha, hora, detalle) values (13, 42, '2019-03-12', '7:07', null);
insert into mantenimiento (id_mantenimiento, id_planta, fecha, hora, detalle) values (14, 70, '2019-03-28', '12:26', null);
insert into mantenimiento (id_mantenimiento, id_planta, fecha, hora, detalle) values (15, 78, '2019-02-25', '6:34', null);
insert into mantenimiento (id_mantenimiento, id_planta, fecha, hora, detalle) values (16, 99, '2019-12-17', '20:47', 'In hac habitasse platea dictumst.');
insert into mantenimiento (id_mantenimiento, id_planta, fecha, hora, detalle) values (17, 77, '2019-12-30', '19:35', 'Nulla ac enim.');
insert into mantenimiento (id_mantenimiento, id_planta, fecha, hora, detalle) values (18, 23, '2019-12-29', '17:01', null);
insert into mantenimiento (id_mantenimiento, id_planta, fecha, hora, detalle) values (19, 39, '2019-05-13', '7:35', null);
insert into mantenimiento (id_mantenimiento, id_planta, fecha, hora, detalle) values (20, 38, '2020-02-20', '10:19', null);
insert into mantenimiento (id_mantenimiento, id_planta, fecha, hora, detalle) values (21, 59, '2019-09-09', '5:04', null);
insert into mantenimiento (id_mantenimiento, id_planta, fecha, hora, detalle) values (22, 83, '2019-01-12', '11:16', null);
insert into mantenimiento (id_mantenimiento, id_planta, fecha, hora, detalle) values (23, 88, '2020-07-09', '9:25', null);
insert into mantenimiento (id_mantenimiento, id_planta, fecha, hora, detalle) values (24, 52, '2019-07-02', '1:02', null);
insert into mantenimiento (id_mantenimiento, id_planta, fecha, hora, detalle) values (25, 67, '2020-02-08', '2:45', null);
insert into mantenimiento (id_mantenimiento, id_planta, fecha, hora, detalle) values (26, 64, '2019-01-28', '19:39', null);
insert into mantenimiento (id_mantenimiento, id_planta, fecha, hora, detalle) values (27, 77, '2019-08-07', '1:06', null);
insert into mantenimiento (id_mantenimiento, id_planta, fecha, hora, detalle) values (28, 83, '2019-05-13', '23:13', null);
insert into mantenimiento (id_mantenimiento, id_planta, fecha, hora, detalle) values (29, 19, '2019-07-08', '6:15', null);
insert into mantenimiento (id_mantenimiento, id_planta, fecha, hora, detalle) values (30, 94, '2019-04-19', '22:02', null);
insert into mantenimiento (id_mantenimiento, id_planta, fecha, hora, detalle) values (31, 9, '2019-03-07', '5:52', null);
insert into mantenimiento (id_mantenimiento, id_planta, fecha, hora, detalle) values (32, 66, '2019-08-27', '5:32', null);
insert into mantenimiento (id_mantenimiento, id_planta, fecha, hora, detalle) values (33, 50, '2019-07-16', '3:43', null);
insert into mantenimiento (id_mantenimiento, id_planta, fecha, hora, detalle) values (34, 15, '2020-05-15', '3:10', null);
insert into mantenimiento (id_mantenimiento, id_planta, fecha, hora, detalle) values (35, 28, '2019-11-13', '3:21', null);
insert into mantenimiento (id_mantenimiento, id_planta, fecha, hora, detalle) values (36, 54, '2019-07-04', '12:59', 'Nullam molestie nibh in lectus.');
insert into mantenimiento (id_mantenimiento, id_planta, fecha, hora, detalle) values (37, 89, '2020-04-26', '2:52', 'Curabitur convallis. Duis consequat dui nec nisi volutpat eleifend.');
insert into mantenimiento (id_mantenimiento, id_planta, fecha, hora, detalle) values (38, 70, '2019-05-07', '7:36', null);
insert into mantenimiento (id_mantenimiento, id_planta, fecha, hora, detalle) values (39, 7, '2019-08-06', '10:29', 'Duis consequat dui nec nisi volutpat eleifend.');
insert into mantenimiento (id_mantenimiento, id_planta, fecha, hora, detalle) values (40, 40, '2020-03-27', '0:15', null);
insert into mantenimiento (id_mantenimiento, id_planta, fecha, hora, detalle) values (41, 70, '2019-07-07', '2:41', 'Donec posuere metus vitae ipsum. Aliquam non mauris. Morbi non lectus.');
insert into mantenimiento (id_mantenimiento, id_planta, fecha, hora, detalle) values (42, 80, '2020-07-01', '10:05', null);
insert into mantenimiento (id_mantenimiento, id_planta, fecha, hora, detalle) values (43, 38, '2020-07-02', '9:58', null);
insert into mantenimiento (id_mantenimiento, id_planta, fecha, hora, detalle) values (44, 25, '2019-03-03', '12:26', null);
insert into mantenimiento (id_mantenimiento, id_planta, fecha, hora, detalle) values (45, 7, '2020-06-21', '20:54', null);
insert into mantenimiento (id_mantenimiento, id_planta, fecha, hora, detalle) values (46, 75, '2019-01-19', '4:16', null);
insert into mantenimiento (id_mantenimiento, id_planta, fecha, hora, detalle) values (47, 66, '2020-07-23', '7:53', 'Nam congue, risus semper porta volutpat, quam pede lobortis ligula, sit amet eleifend pede libero quis orci. Nullam molestie nibh in lectus.');
insert into mantenimiento (id_mantenimiento, id_planta, fecha, hora, detalle) values (48, 68, '2019-08-30', '9:35', null);
insert into mantenimiento (id_mantenimiento, id_planta, fecha, hora, detalle) values (49, 30, '2019-11-24', '2:12', null);
insert into mantenimiento (id_mantenimiento, id_planta, fecha, hora, detalle) values (50, 47, '2019-07-24', '12:17', null);
insert into mantenimiento (id_mantenimiento, id_planta, fecha, hora, detalle) values (51, 29, '2020-02-21', '12:18', null);
insert into mantenimiento (id_mantenimiento, id_planta, fecha, hora, detalle) values (52, 38, '2020-08-06', '17:56', 'Maecenas ut massa quis augue luctus tincidunt. Nulla mollis molestie lorem. Quisque ut erat.');
insert into mantenimiento (id_mantenimiento, id_planta, fecha, hora, detalle) values (53, 68, '2019-09-26', '10:00', null);
insert into mantenimiento (id_mantenimiento, id_planta, fecha, hora, detalle) values (54, 56, '2020-03-28', '11:41', null);
insert into mantenimiento (id_mantenimiento, id_planta, fecha, hora, detalle) values (55, 17, '2020-02-21', '21:52', 'Vestibulum ante ipsum primis in faucibus orci luctus et ultrices posuere cubilia Curae; Nulla dapibus dolor vel est. Donec odio justo, sollicitudin ut, suscipit a, feugiat et, eros.');
insert into mantenimiento (id_mantenimiento, id_planta, fecha, hora, detalle) values (56, 28, '2019-05-04', '3:00', null);
insert into mantenimiento (id_mantenimiento, id_planta, fecha, hora, detalle) values (57, 81, '2019-10-14', '5:43', null);
insert into mantenimiento (id_mantenimiento, id_planta, fecha, hora, detalle) values (58, 49, '2019-10-02', '17:08', null);
insert into mantenimiento (id_mantenimiento, id_planta, fecha, hora, detalle) values (59, 14, '2019-09-18', '15:30', null);
insert into mantenimiento (id_mantenimiento, id_planta, fecha, hora, detalle) values (60, 87, '2019-09-01', '18:26', null);
insert into mantenimiento (id_mantenimiento, id_planta, fecha, hora, detalle) values (61, 95, '2019-02-11', '16:39', null);
insert into mantenimiento (id_mantenimiento, id_planta, fecha, hora, detalle) values (62, 25, '2019-10-05', '8:52', null);
insert into mantenimiento (id_mantenimiento, id_planta, fecha, hora, detalle) values (63, 71, '2019-04-19', '7:15', null);
insert into mantenimiento (id_mantenimiento, id_planta, fecha, hora, detalle) values (64, 36, '2019-05-28', '7:50', null);
insert into mantenimiento (id_mantenimiento, id_planta, fecha, hora, detalle) values (65, 28, '2020-08-18', '3:27', 'Morbi odio odio, elementum eu, interdum eu, tincidunt in, leo. Maecenas pulvinar lobortis est. Phasellus sit amet erat.');
insert into mantenimiento (id_mantenimiento, id_planta, fecha, hora, detalle) values (66, 94, '2020-06-27', '23:20', null);
insert into mantenimiento (id_mantenimiento, id_planta, fecha, hora, detalle) values (67, 40, '2019-08-26', '0:54', null);
insert into mantenimiento (id_mantenimiento, id_planta, fecha, hora, detalle) values (68, 4, '2019-08-21', '8:48', null);
insert into mantenimiento (id_mantenimiento, id_planta, fecha, hora, detalle) values (69, 87, '2019-02-07', '0:39', null);
insert into mantenimiento (id_mantenimiento, id_planta, fecha, hora, detalle) values (70, 88, '2019-07-01', '17:30', null);
insert into mantenimiento (id_mantenimiento, id_planta, fecha, hora, detalle) values (71, 21, '2019-10-19', '12:37', null);
insert into mantenimiento (id_mantenimiento, id_planta, fecha, hora, detalle) values (72, 72, '2019-05-29', '19:14', null);
insert into mantenimiento (id_mantenimiento, id_planta, fecha, hora, detalle) values (73, 92, '2020-08-08', '21:52', null);
insert into mantenimiento (id_mantenimiento, id_planta, fecha, hora, detalle) values (74, 48, '2019-04-01', '14:27', null);
insert into mantenimiento (id_mantenimiento, id_planta, fecha, hora, detalle) values (75, 99, '2020-09-08', '2:29', 'In est risus, auctor sed, tristique in, tempus sit amet, sem.');
insert into mantenimiento (id_mantenimiento, id_planta, fecha, hora, detalle) values (76, 34, '2020-02-14', '1:44', null);
insert into mantenimiento (id_mantenimiento, id_planta, fecha, hora, detalle) values (77, 39, '2019-03-23', '3:14', null);
insert into mantenimiento (id_mantenimiento, id_planta, fecha, hora, detalle) values (78, 94, '2019-07-22', '5:37', null);
insert into mantenimiento (id_mantenimiento, id_planta, fecha, hora, detalle) values (79, 94, '2020-09-04', '21:10', null);
insert into mantenimiento (id_mantenimiento, id_planta, fecha, hora, detalle) values (80, 56, '2020-02-22', '16:54', null);
insert into mantenimiento (id_mantenimiento, id_planta, fecha, hora, detalle) values (81, 13, '2020-02-01', '8:02', null);
insert into mantenimiento (id_mantenimiento, id_planta, fecha, hora, detalle) values (82, 89, '2020-02-26', '20:41', null);
insert into mantenimiento (id_mantenimiento, id_planta, fecha, hora, detalle) values (83, 78, '2019-01-19', '3:36', null);
insert into mantenimiento (id_mantenimiento, id_planta, fecha, hora, detalle) values (84, 18, '2019-10-10', '1:44', null);
insert into mantenimiento (id_mantenimiento, id_planta, fecha, hora, detalle) values (85, 65, '2019-08-03', '15:41', null);
insert into mantenimiento (id_mantenimiento, id_planta, fecha, hora, detalle) values (86, 20, '2020-05-02', '3:00', null);
insert into mantenimiento (id_mantenimiento, id_planta, fecha, hora, detalle) values (87, 1, '2019-03-05', '1:08', null);
insert into mantenimiento (id_mantenimiento, id_planta, fecha, hora, detalle) values (88, 17, '2019-08-04', '5:04', 'Suspendisse potenti. In eleifend quam a odio.');
insert into mantenimiento (id_mantenimiento, id_planta, fecha, hora, detalle) values (89, 98, '2020-04-11', '10:47', 'In hac habitasse platea dictumst. Morbi vestibulum, velit id pretium iaculis, diam erat fermentum justo, nec condimentum neque sapien placerat ante.');
insert into mantenimiento (id_mantenimiento, id_planta, fecha, hora, detalle) values (90, 21, '2020-05-03', '9:58', null);
insert into mantenimiento (id_mantenimiento, id_planta, fecha, hora, detalle) values (91, 93, '2020-04-02', '9:32', null);
insert into mantenimiento (id_mantenimiento, id_planta, fecha, hora, detalle) values (92, 20, '2019-01-12', '16:11', null);
insert into mantenimiento (id_mantenimiento, id_planta, fecha, hora, detalle) values (93, 35, '2020-03-24', '9:50', 'Suspendisse ornare consequat lectus. In est risus, auctor sed, tristique in, tempus sit amet, sem.');
insert into mantenimiento (id_mantenimiento, id_planta, fecha, hora, detalle) values (94, 45, '2019-01-30', '13:47', null);
insert into mantenimiento (id_mantenimiento, id_planta, fecha, hora, detalle) values (95, 28, '2019-07-12', '14:08', null);
insert into mantenimiento (id_mantenimiento, id_planta, fecha, hora, detalle) values (96, 91, '2019-11-23', '21:19', null);
insert into mantenimiento (id_mantenimiento, id_planta, fecha, hora, detalle) values (97, 67, '2019-08-26', '19:17', 'Maecenas tincidunt lacus at velit.');
insert into mantenimiento (id_mantenimiento, id_planta, fecha, hora, detalle) values (98, 19, '2020-03-09', '22:04', null);
insert into mantenimiento (id_mantenimiento, id_planta, fecha, hora, detalle) values (99, 75, '2019-10-13', '20:53', null);
insert into mantenimiento (id_mantenimiento, id_planta, fecha, hora, detalle) values (100, 66, '2020-07-11', '10:25', null);


insert into realiza (legajo_operador, id_mantenimiento) values (4, 1);
insert into realiza (legajo_operador, id_mantenimiento) values (3, 2);
insert into realiza (legajo_operador, id_mantenimiento) values (5, 3);
insert into realiza (legajo_operador, id_mantenimiento) values (15, 4);
insert into realiza (legajo_operador, id_mantenimiento) values (18, 5);
insert into realiza (legajo_operador, id_mantenimiento) values (14, 6);
insert into realiza (legajo_operador, id_mantenimiento) values (18, 7);
insert into realiza (legajo_operador, id_mantenimiento) values (7, 8);
insert into realiza (legajo_operador, id_mantenimiento) values (8, 9);
insert into realiza (legajo_operador, id_mantenimiento) values (14, 10);
insert into realiza (legajo_operador, id_mantenimiento) values (10, 11);
insert into realiza (legajo_operador, id_mantenimiento) values (6, 12);
insert into realiza (legajo_operador, id_mantenimiento) values (11, 13);
insert into realiza (legajo_operador, id_mantenimiento) values (26, 14);
insert into realiza (legajo_operador, id_mantenimiento) values (21, 15);
insert into realiza (legajo_operador, id_mantenimiento) values (16, 16);
insert into realiza (legajo_operador, id_mantenimiento) values (38, 17);
insert into realiza (legajo_operador, id_mantenimiento) values (11, 18);
insert into realiza (legajo_operador, id_mantenimiento) values (30, 19);
insert into realiza (legajo_operador, id_mantenimiento) values (42, 20);
insert into realiza (legajo_operador, id_mantenimiento) values (26, 21);
insert into realiza (legajo_operador, id_mantenimiento) values (21, 22);
insert into realiza (legajo_operador, id_mantenimiento) values (35, 23);
insert into realiza (legajo_operador, id_mantenimiento) values (39, 24);
insert into realiza (legajo_operador, id_mantenimiento) values (21, 25);
insert into realiza (legajo_operador, id_mantenimiento) values (23, 26);
insert into realiza (legajo_operador, id_mantenimiento) values (11, 27);
insert into realiza (legajo_operador, id_mantenimiento) values (28, 28);
insert into realiza (legajo_operador, id_mantenimiento) values (27, 29);
insert into realiza (legajo_operador, id_mantenimiento) values (36, 30);
insert into realiza (legajo_operador, id_mantenimiento) values (22, 31);
insert into realiza (legajo_operador, id_mantenimiento) values (26, 32);
insert into realiza (legajo_operador, id_mantenimiento) values (17, 33);
insert into realiza (legajo_operador, id_mantenimiento) values (24, 34);
insert into realiza (legajo_operador, id_mantenimiento) values (32, 35);
insert into realiza (legajo_operador, id_mantenimiento) values (19, 36);
insert into realiza (legajo_operador, id_mantenimiento) values (42, 37);
insert into realiza (legajo_operador, id_mantenimiento) values (27, 38);
insert into realiza (legajo_operador, id_mantenimiento) values (39, 39);
insert into realiza (legajo_operador, id_mantenimiento) values (27, 40);
insert into realiza (legajo_operador, id_mantenimiento) values (24, 41);
insert into realiza (legajo_operador, id_mantenimiento) values (23, 42);
insert into realiza (legajo_operador, id_mantenimiento) values (24, 43);
insert into realiza (legajo_operador, id_mantenimiento) values (27, 44);
insert into realiza (legajo_operador, id_mantenimiento) values (23, 45);
insert into realiza (legajo_operador, id_mantenimiento) values (3, 46);
insert into realiza (legajo_operador, id_mantenimiento) values (25, 47);
insert into realiza (legajo_operador, id_mantenimiento) values (34, 48);
insert into realiza (legajo_operador, id_mantenimiento) values (30, 49);
insert into realiza (legajo_operador, id_mantenimiento) values (30, 50);
insert into realiza (legajo_operador, id_mantenimiento) values (35, 51);
insert into realiza (legajo_operador, id_mantenimiento) values (33, 52);
insert into realiza (legajo_operador, id_mantenimiento) values (31, 53);
insert into realiza (legajo_operador, id_mantenimiento) values (9, 54);
insert into realiza (legajo_operador, id_mantenimiento) values (38, 55);
insert into realiza (legajo_operador, id_mantenimiento) values (1, 56);
insert into realiza (legajo_operador, id_mantenimiento) values (26, 57);
insert into realiza (legajo_operador, id_mantenimiento) values (35, 58);
insert into realiza (legajo_operador, id_mantenimiento) values (37, 59);
insert into realiza (legajo_operador, id_mantenimiento) values (30, 60);
insert into realiza (legajo_operador, id_mantenimiento) values (7, 61);
insert into realiza (legajo_operador, id_mantenimiento) values (16, 62);
insert into realiza (legajo_operador, id_mantenimiento) values (40, 63);
insert into realiza (legajo_operador, id_mantenimiento) values (20, 64);
insert into realiza (legajo_operador, id_mantenimiento) values (12, 65);
insert into realiza (legajo_operador, id_mantenimiento) values (21, 66);
insert into realiza (legajo_operador, id_mantenimiento) values (17, 67);
insert into realiza (legajo_operador, id_mantenimiento) values (40, 68);
insert into realiza (legajo_operador, id_mantenimiento) values (37, 69);
insert into realiza (legajo_operador, id_mantenimiento) values (18, 70);
insert into realiza (legajo_operador, id_mantenimiento) values (17, 71);
insert into realiza (legajo_operador, id_mantenimiento) values (29, 72);
insert into realiza (legajo_operador, id_mantenimiento) values (46, 73);
insert into realiza (legajo_operador, id_mantenimiento) values (26, 74);
insert into realiza (legajo_operador, id_mantenimiento) values (28, 75);
insert into realiza (legajo_operador, id_mantenimiento) values (22, 76);
insert into realiza (legajo_operador, id_mantenimiento) values (32, 77);
insert into realiza (legajo_operador, id_mantenimiento) values (33, 78);
insert into realiza (legajo_operador, id_mantenimiento) values (31, 79);
insert into realiza (legajo_operador, id_mantenimiento) values (30, 80);
insert into realiza (legajo_operador, id_mantenimiento) values (34, 81);
insert into realiza (legajo_operador, id_mantenimiento) values (37, 82);
insert into realiza (legajo_operador, id_mantenimiento) values (37, 83);
insert into realiza (legajo_operador, id_mantenimiento) values (30, 84);
insert into realiza (legajo_operador, id_mantenimiento) values (8, 85);
insert into realiza (legajo_operador, id_mantenimiento) values (24, 86);
insert into realiza (legajo_operador, id_mantenimiento) values (40, 87);
insert into realiza (legajo_operador, id_mantenimiento) values (23, 88);
insert into realiza (legajo_operador, id_mantenimiento) values (39, 89);
insert into realiza (legajo_operador, id_mantenimiento) values (28, 90);
insert into realiza (legajo_operador, id_mantenimiento) values (11, 91);
insert into realiza (legajo_operador, id_mantenimiento) values (40, 92);
insert into realiza (legajo_operador, id_mantenimiento) values (12, 93);
insert into realiza (legajo_operador, id_mantenimiento) values (40, 94);
insert into realiza (legajo_operador, id_mantenimiento) values (4, 95);
insert into realiza (legajo_operador, id_mantenimiento) values (12, 96);
insert into realiza (legajo_operador, id_mantenimiento) values (10, 97);
insert into realiza (legajo_operador, id_mantenimiento) values (1, 98);
insert into realiza (legajo_operador, id_mantenimiento) values (20, 99);
insert into realiza (legajo_operador, id_mantenimiento) values (49, 100);

insert into tratamiento (id_tratamiento, id_planta, descripcion, duracion) values (1, 1, 'Nunc nisl. Duis bibendum, felis sed interdum venenatis, turpis enim blandit mi, in porttitor pede justo eu massa.', '6:00:00');
insert into tratamiento (id_tratamiento, id_planta, descripcion, duracion) values (2, 2, 'Proin at turpis a pede posuere nonummy. Integer non velit.', '3:00:00');
insert into tratamiento (id_tratamiento, id_planta, descripcion, duracion) values (3, 3, 'Nunc rhoncus dui vel sem. Sed sagittis.', '4:00:00');
insert into tratamiento (id_tratamiento, id_planta, descripcion, duracion) values (4, 4, 'In blandit ultrices enim.', '6:00:00');
insert into tratamiento (id_tratamiento, id_planta, descripcion, duracion) values (5, 5, null, '2:00:00');
insert into tratamiento (id_tratamiento, id_planta, descripcion, duracion) values (6, 6, 'Mauris enim leo, rhoncus sed, vestibulum sit amet, cursus id, turpis.', '7:00:00');
insert into tratamiento (id_tratamiento, id_planta, descripcion, duracion) values (7, 7, 'Sed vel enim sit amet nunc viverra dapibus. Nulla suscipit ligula in lacus.', '2:00:00');
insert into tratamiento (id_tratamiento, id_planta, descripcion, duracion) values (8, 8, 'Etiam justo.', '3:00:00');
insert into tratamiento (id_tratamiento, id_planta, descripcion, duracion) values (9, 9, 'Morbi vestibulum, velit id pretium iaculis, diam erat fermentum justo, nec condimentum neque sapien placerat ante. Nulla justo.', '8:00:00');
insert into tratamiento (id_tratamiento, id_planta, descripcion, duracion) values (10, 10, null, '8:00:00');
insert into tratamiento (id_tratamiento, id_planta, descripcion, duracion) values (11, 11, 'Nam tristique tortor eu pede.', '5:00:00');
insert into tratamiento (id_tratamiento, id_planta, descripcion, duracion) values (12, 12, 'In quis justo.', '5:00:00');
insert into tratamiento (id_tratamiento, id_planta, descripcion, duracion) values (13, 13, 'Etiam faucibus cursus urna.', '3:00:00');
insert into tratamiento (id_tratamiento, id_planta, descripcion, duracion) values (14, 14, 'Nulla tellus. In sagittis dui vel nisl.', '4:00:00');
insert into tratamiento (id_tratamiento, id_planta, descripcion, duracion) values (15, 15, 'In quis justo.', '3:00:00');
insert into tratamiento (id_tratamiento, id_planta, descripcion, duracion) values (16, 16, null, '7:00:00');
insert into tratamiento (id_tratamiento, id_planta, descripcion, duracion) values (17, 17, null, '8:00:00');
insert into tratamiento (id_tratamiento, id_planta, descripcion, duracion) values (18, 18, 'Duis bibendum, felis sed interdum venenatis, turpis enim blandit mi, in porttitor pede justo eu massa. Donec dapibus.', '3:00:00');
insert into tratamiento (id_tratamiento, id_planta, descripcion, duracion) values (19, 19, 'Sed accumsan felis.', '5:00:00');
insert into tratamiento (id_tratamiento, id_planta, descripcion, duracion) values (20, 20, null, '6:00:00');
insert into tratamiento (id_tratamiento, id_planta, descripcion, duracion) values (21, 21, 'In est risus, auctor sed, tristique in, tempus sit amet, sem.', '7:00:00');
insert into tratamiento (id_tratamiento, id_planta, descripcion, duracion) values (22, 22, 'In hac habitasse platea dictumst.', '7:00:00');
insert into tratamiento (id_tratamiento, id_planta, descripcion, duracion) values (23, 23, 'In tempor, turpis nec euismod scelerisque, quam turpis adipiscing lorem, vitae mattis nibh ligula nec sem. Duis aliquam convallis nunc.', '1:00:00');
insert into tratamiento (id_tratamiento, id_planta, descripcion, duracion) values (24, 24, null, '7:00:00');
insert into tratamiento (id_tratamiento, id_planta, descripcion, duracion) values (25, 25, 'Lorem ipsum dolor sit amet, consectetuer adipiscing elit. Proin interdum mauris non ligula pellentesque ultrices.', '6:00:00');
insert into tratamiento (id_tratamiento, id_planta, descripcion, duracion) values (26, 26, 'Sed ante.', '7:00:00');
insert into tratamiento (id_tratamiento, id_planta, descripcion, duracion) values (27, 27, 'Donec dapibus.', '7:00:00');
insert into tratamiento (id_tratamiento, id_planta, descripcion, duracion) values (28, 28, null, '8:00:00');
insert into tratamiento (id_tratamiento, id_planta, descripcion, duracion) values (29, 29, 'Morbi ut odio. Cras mi pede, malesuada in, imperdiet et, commodo vulputate, justo.', '4:00:00');
insert into tratamiento (id_tratamiento, id_planta, descripcion, duracion) values (30, 30, 'Nam tristique tortor eu pede.', '2:00:00');
insert into tratamiento (id_tratamiento, id_planta, descripcion, duracion) values (31, 31, null, '1:00:00');
insert into tratamiento (id_tratamiento, id_planta, descripcion, duracion) values (32, 32, null, '6:00:00');
insert into tratamiento (id_tratamiento, id_planta, descripcion, duracion) values (33, 33, 'Morbi sem mauris, laoreet ut, rhoncus aliquet, pulvinar sed, nisl. Nunc rhoncus dui vel sem.', '3:00:00');
insert into tratamiento (id_tratamiento, id_planta, descripcion, duracion) values (34, 34, 'Proin interdum mauris non ligula pellentesque ultrices.', '4:00:00');
insert into tratamiento (id_tratamiento, id_planta, descripcion, duracion) values (35, 35, 'Vestibulum ante ipsum primis faucibus orci luctus et ultrices posuere cubilia Curae; Donec pharetra, magna vestibulum aliquet ultrices, erat tortor sollicitudin mi, sit amet lobortis sapien sapien non mi.', '7:00:00');
insert into tratamiento (id_tratamiento, id_planta, descripcion, duracion) values (36, 36, null, '8:00:00');
insert into tratamiento (id_tratamiento, id_planta, descripcion, duracion) values (37, 37, null, '6:00:00');
insert into tratamiento (id_tratamiento, id_planta, descripcion, duracion) values (38, 38, 'Praesent blandit. Nam nulla.', '1:00:00');
insert into tratamiento (id_tratamiento, id_planta, descripcion, duracion) values (39, 39, 'Donec posuere metus vitae ipsum. Aliquam non mauris.', '4:00:00');
insert into tratamiento (id_tratamiento, id_planta, descripcion, duracion) values (40, 40, 'Donec odio justo, sollicitudin ut, suscipit a, feugiat et, eros. Vestibulum ac est lacinia nisi venenatis tristique.', '5:00:00');
insert into tratamiento (id_tratamiento, id_planta, descripcion, duracion) values (41, 41, 'Donec odio justo, sollicitudin ut, suscipit a, feugiat et, eros.', '5:00:00');
insert into tratamiento (id_tratamiento, id_planta, descripcion, duracion) values (42, 42, 'Etiam vel augue. Vestibulum rutrum rutrum neque.', '8:00:00');
insert into tratamiento (id_tratamiento, id_planta, descripcion, duracion) values (43, 43, 'Sed accumsan felis. Ut at dolor quis odio consequat varius.', '1:00:00');
insert into tratamiento (id_tratamiento, id_planta, descripcion, duracion) values (44, 44, 'Maecenas leo odio, condimentum id, luctus nec, molestie sed, justo. Pellentesque viverra pede ac diam.', '2:00:00');
insert into tratamiento (id_tratamiento, id_planta, descripcion, duracion) values (45, 45, 'Sed ante. Vivamus tortor.', '1:00:00');
insert into tratamiento (id_tratamiento, id_planta, descripcion, duracion) values (46, 46, 'Quisque erat eros, viverra eget, congue eget, semper rutrum, nulla.', '4:00:00');
insert into tratamiento (id_tratamiento, id_planta, descripcion, duracion) values (47, 47, 'Aliquam sit amet diam in magna bibendum imperdiet.', '8:00:00');
insert into tratamiento (id_tratamiento, id_planta, descripcion, duracion) values (48, 48, null, '2:00:00');
insert into tratamiento (id_tratamiento, id_planta, descripcion, duracion) values (49, 49, 'In congue.', '7:00:00');
insert into tratamiento (id_tratamiento, id_planta, descripcion, duracion) values (50, 50, null, '6:00:00');
insert into tratamiento (id_tratamiento, id_planta, descripcion, duracion) values (51, 51, 'Vestibulum quam sapien, varius ut, blandit non, interdum in, ante. Vestibulum ante ipsum primis in faucibus orci luctus et ultrices posuere cubilia Curae; Duis faucibus accumsan odio.', '5:00:00');
insert into tratamiento (id_tratamiento, id_planta, descripcion, duracion) values (52, 52, 'In tempor, turpis nec euismod scelerisque, quam turpis adipiscing lorem, vitae mattis nibh ligula nec sem. Duis aliquam convallis nunc.', '7:00:00');
insert into tratamiento (id_tratamiento, id_planta, descripcion, duracion) values (53, 53, null, '8:00:00');
insert into tratamiento (id_tratamiento, id_planta, descripcion, duracion) values (54, 54, 'Morbi a ipsum.', '3:00:00');
insert into tratamiento (id_tratamiento, id_planta, descripcion, duracion) values (55, 55, 'Etiam faucibus cursus urna.', '5:00:00');
insert into tratamiento (id_tratamiento, id_planta, descripcion, duracion) values (56, 56, 'Nam ultrices, libero non mattis pulvinar, nulla pede ullamcorper augue, a suscipit nulla elit ac nulla.', '2:00:00');
insert into tratamiento (id_tratamiento, id_planta, descripcion, duracion) values (57, 57, 'Quisque porta volutpat erat. Quisque erat eros, viverra eget, congue eget, semper rutrum, nulla.', '5:00:00');
insert into tratamiento (id_tratamiento, id_planta, descripcion, duracion) values (58, 58, 'Phasellus id sapien in sapien iaculis congue. Vivamus metus arcu, adipiscing molestie, hendrerit at, vulputate vitae, nisl.', '4:00:00');
insert into tratamiento (id_tratamiento, id_planta, descripcion, duracion) values (59, 59, 'Sed vel enim sit amet nunc viverra dapibus. Nulla suscipit ligula in lacus.', '6:00:00');
insert into tratamiento (id_tratamiento, id_planta, descripcion, duracion) values (60, 60, 'Nulla justo.', '1:00:00');
insert into tratamiento (id_tratamiento, id_planta, descripcion, duracion) values (61, 61, null, '7:00:00');
insert into tratamiento (id_tratamiento, id_planta, descripcion, duracion) values (62, 62, 'Nulla mollis molestie lorem.', '3:00:00');
insert into tratamiento (id_tratamiento, id_planta, descripcion, duracion) values (63, 63, 'Sed vel enim sit amet nunc viverra dapibus.', '1:00:00');
insert into tratamiento (id_tratamiento, id_planta, descripcion, duracion) values (64, 64, 'Nulla mollis molestie lorem.', '2:00:00');
insert into tratamiento (id_tratamiento, id_planta, descripcion, duracion) values (65, 65, null, '6:00:00');
insert into tratamiento (id_tratamiento, id_planta, descripcion, duracion) values (66, 66, null, '1:00:00');
insert into tratamiento (id_tratamiento, id_planta, descripcion, duracion) values (67, 67, 'Vivamus vel nulla eget eros elementum pellentesque. Quisque porta volutpat erat.', '6:00:00');
insert into tratamiento (id_tratamiento, id_planta, descripcion, duracion) values (68, 68, 'Donec vitae nisi.', '3:00:00');
insert into tratamiento (id_tratamiento, id_planta, descripcion, duracion) values (69, 69, 'In blandit ultrices enim. Lorem ipsum dolor sit amet, consectetuer adipiscing elit.', '2:00:00');
insert into tratamiento (id_tratamiento, id_planta, descripcion, duracion) values (70, 70, 'Curabitur gravida nisi at nibh. In hac habitasse platea dictumst.', '6:00:00');
insert into tratamiento (id_tratamiento, id_planta, descripcion, duracion) values (71, 71, 'Phasellus sit amet erat. Nulla tempus.', '2:00:00');
insert into tratamiento (id_tratamiento, id_planta, descripcion, duracion) values (72, 72, 'Quisque arcu libero, rutrum ac, lobortis vel, dapibus at, diam.', '6:00:00');
insert into tratamiento (id_tratamiento, id_planta, descripcion, duracion) values (73, 73, null, '5:00:00');
insert into tratamiento (id_tratamiento, id_planta, descripcion, duracion) values (74, 74, 'Morbi non lectus.', '7:00:00');
insert into tratamiento (id_tratamiento, id_planta, descripcion, duracion) values (75, 75, 'Mauris ullamcorper purus sit amet nulla.', '8:00:00');
insert into tratamiento (id_tratamiento, id_planta, descripcion, duracion) values (76, 76, null, '5:00:00');
insert into tratamiento (id_tratamiento, id_planta, descripcion, duracion) values (77, 77, 'Nam nulla.', '7:00:00');
insert into tratamiento (id_tratamiento, id_planta, descripcion, duracion) values (78, 78, 'In hac habitasse platea dictumst. Etiam faucibus cursus urna.', '6:00:00');
insert into tratamiento (id_tratamiento, id_planta, descripcion, duracion) values (79, 79, null, '7:00:00');
insert into tratamiento (id_tratamiento, id_planta, descripcion, duracion) values (80, 80, 'Integer ac leo. Pellentesque ultrices mattis odio.', '1:00:00');
insert into tratamiento (id_tratamiento, id_planta, descripcion, duracion) values (81, 81, 'In hac habitasse platea dictumst.', '1:00:00');
insert into tratamiento (id_tratamiento, id_planta, descripcion, duracion) values (82, 82, 'Curabitur at ipsum ac tellus semper interdum. Mauris ullamcorper purus sit amet nulla.', '4:00:00');
insert into tratamiento (id_tratamiento, id_planta, descripcion, duracion) values (83, 83, 'Praesent blandit lacinia erat.', '1:00:00');
insert into tratamiento (id_tratamiento, id_planta, descripcion, duracion) values (84, 84, 'Suspendisse ornare consequat lectus. In est risus, auctor sed, tristique in, tempus sit amet, sem.', '5:00:00');
insert into tratamiento (id_tratamiento, id_planta, descripcion, duracion) values (85, 85, 'Pellentesque at nulla.', '4:00:00');
insert into tratamiento (id_tratamiento, id_planta, descripcion, duracion) values (86, 86, 'Proin at turpis a pede posuere nonummy. Integer non velit.', '7:00:00');
insert into tratamiento (id_tratamiento, id_planta, descripcion, duracion) values (87, 87, null, '8:00:00');
insert into tratamiento (id_tratamiento, id_planta, descripcion, duracion) values (88, 88, 'Proin interdum mauris non ligula pellentesque ultrices. Phasellus id sapien in sapien iaculis congue.', '6:00:00');
insert into tratamiento (id_tratamiento, id_planta, descripcion, duracion) values (89, 89, 'Proin interdum mauris non ligula pellentesque ultrices.', '6:00:00');
insert into tratamiento (id_tratamiento, id_planta, descripcion, duracion) values (90, 90, null, '3:00:00');
insert into tratamiento (id_tratamiento, id_planta, descripcion, duracion) values (91, 91, null, '8:00:00');
insert into tratamiento (id_tratamiento, id_planta, descripcion, duracion) values (92, 92, 'Aliquam erat volutpat.', '8:00:00');
insert into tratamiento (id_tratamiento, id_planta, descripcion, duracion) values (93, 93, 'Pellentesque viverra pede ac diam.', '2:00:00');
insert into tratamiento (id_tratamiento, id_planta, descripcion, duracion) values (94, 94, 'Suspendisse potenti.', '7:00:00');
insert into tratamiento (id_tratamiento, id_planta, descripcion, duracion) values (95, 95, null, '2:00:00');
insert into tratamiento (id_tratamiento, id_planta, descripcion, duracion) values (96, 96, null, '8:00:00');
insert into tratamiento (id_tratamiento, id_planta, descripcion, duracion) values (97, 97, 'Ut at dolor quis odio consequat varius. Integer ac leo.', '4:00:00');
insert into tratamiento (id_tratamiento, id_planta, descripcion, duracion) values (98, 98, 'Nunc purus.', '2:00:00');
insert into tratamiento (id_tratamiento, id_planta, descripcion, duracion) values (99, 99, 'In est risus, auctor sed, tristique in, tempus sit amet, sem.', '8:00:00');
insert into tratamiento (id_tratamiento, id_planta, descripcion, duracion) values (100, 100, 'Nunc purus. Phasellus in felis.', '2:00:00');

insert into analisis_bacteriologico (id_planta, id_tratamiento, numero, fecha, descripcion) values (1, 1, 29, '2018-10-18', 'sed vestibulum sit amet cursus id turpis integer aliquet massa');
insert into analisis_bacteriologico (id_planta, id_tratamiento, numero, fecha, descripcion) values (2, 2, 35, '2019-01-29', 'vel lectus in quam fringilla rhoncus mauris enim leo rhoncus sed vestibulum sit amet cursus');
insert into analisis_bacteriologico (id_planta, id_tratamiento, numero, fecha, descripcion) values (3, 3, 11, '2018-11-28', 'sed vel enim sit amet nunc viverra dapibus nulla suscipit ligula in lacus curabitur at ipsum');
insert into analisis_bacteriologico (id_planta, id_tratamiento, numero, fecha, descripcion) values (4, 4, 43, '2016-04-07', 'ut at dolor quis odio consequat varius integer ac leo pellentesque ultrices mattis');
insert into analisis_bacteriologico (id_planta, id_tratamiento, numero, fecha, descripcion) values (5, 5, 56, '2017-09-25', 'in lacus curabitur at ipsum ac tellus semper interdum mauris ullamcorper');
insert into analisis_bacteriologico (id_planta, id_tratamiento, numero, fecha, descripcion) values (6, 6, 95, '2016-01-01', null);
insert into analisis_bacteriologico (id_planta, id_tratamiento, numero, fecha, descripcion) values (7, 7, 95, '2015-04-23', 'eget rutrum at lorem integer tincidunt ante vel ipsum praesent blandit lacinia erat vestibulum sed');
insert into analisis_bacteriologico (id_planta, id_tratamiento, numero, fecha, descripcion) values (8, 8, 67, '2020-03-19', 'eu magna vulputate luctus cum sociis natoque penatibus et magnis dis parturient montes nascetur ridiculus mus vivamus vestibulum sagittis sapien');
insert into analisis_bacteriologico (id_planta, id_tratamiento, numero, fecha, descripcion) values (9, 9, 30, '2016-07-11', 'sed tincidunt eu felis fusce posuere felis sed lacus morbi sem mauris laoreet');
insert into analisis_bacteriologico (id_planta, id_tratamiento, numero, fecha, descripcion) values (10, 10, 98, '2020-03-03', 'erat curabitur gravida nisi at nibh in hac habitasse platea dictumst aliquam augue quam');
insert into analisis_bacteriologico (id_planta, id_tratamiento, numero, fecha, descripcion) values (11, 11, 26, '2020-01-16', 'sapien sapien non mi integer ac neque duis bibendum morbi non quam nec dui luctus rutrum nulla tellus in');
insert into analisis_bacteriologico (id_planta, id_tratamiento, numero, fecha, descripcion) values (12, 12, 19, '2018-11-06', 'etiam pretium iaculis justo in hac habitasse platea dictumst etiam faucibus cursus');
insert into analisis_bacteriologico (id_planta, id_tratamiento, numero, fecha, descripcion) values (13, 13, 65, '2020-01-21', null);
insert into analisis_bacteriologico (id_planta, id_tratamiento, numero, fecha, descripcion) values (14, 14, 45, '2016-07-24', 'diam neque vestibulum eget vulputate ut ultrices vel augue vestibulum ante');
insert into analisis_bacteriologico (id_planta, id_tratamiento, numero, fecha, descripcion) values (15, 15, 59, '2019-02-02', 'sem praesent id massa id nisl venenatis lacinia aenean sit amet justo morbi');
insert into analisis_bacteriologico (id_planta, id_tratamiento, numero, fecha, descripcion) values (16, 16, 90, '2017-03-28', 'quam a odio in hac habitasse platea dictumst maecenas ut');
insert into analisis_bacteriologico (id_planta, id_tratamiento, numero, fecha, descripcion) values (17, 17, 65, '2018-04-30', 'pede posuere nonummy integer non velit donec diam neque vestibulum eget');
insert into analisis_bacteriologico (id_planta, id_tratamiento, numero, fecha, descripcion) values (18, 18, 59, '2017-05-18', 'tellus nisi eu orci mauris lacinia sapien quis libero nullam sit amet turpis elementum ligula vehicula consequat morbi');
insert into analisis_bacteriologico (id_planta, id_tratamiento, numero, fecha, descripcion) values (19, 19, 84, '2019-01-29', 'aliquam sit amet diam in magna bibendum imperdiet nullam orci pede venenatis non sodales sed tincidunt eu');
insert into analisis_bacteriologico (id_planta, id_tratamiento, numero, fecha, descripcion) values (20, 20, 76, '2018-03-23', 'volutpat quam pede lobortis ligula sit amet eleifend pede libero quis orci nullam molestie nibh in lectus');
insert into analisis_bacteriologico (id_planta, id_tratamiento, numero, fecha, descripcion) values (21, 21, 16, '2019-04-04', 'ligula pellentesque ultrices phasellus id sapien in sapien iaculis congue vivamus metus');
insert into analisis_bacteriologico (id_planta, id_tratamiento, numero, fecha, descripcion) values (22, 22, 26, '2018-03-21', 'non ligula pellentesque ultrices phasellus id sapien in sapien iaculis congue vivamus metus arcu');
insert into analisis_bacteriologico (id_planta, id_tratamiento, numero, fecha, descripcion) values (23, 23, 64, '2017-11-11', 'lectus in est risus auctor sed tristique in tempus sit amet sem fusce consequat');
insert into analisis_bacteriologico (id_planta, id_tratamiento, numero, fecha, descripcion) values (24, 24, 71, '2020-02-14', 'consequat morbi a ipsum integer a nibh in quis justo');
insert into analisis_bacteriologico (id_planta, id_tratamiento, numero, fecha, descripcion) values (25, 25, 68, '2016-07-13', 'consectetuer adipiscing elit proin risus praesent lectus vestibulum quam sapien varius ut blandit non interdum in ante');
insert into analisis_bacteriologico (id_planta, id_tratamiento, numero, fecha, descripcion) values (26, 26, 21, '2015-08-08', 'facilisi cras non velit nec nisi vulputate nonummy maecenas tincidunt lacus at velit vivamus vel nulla eget');
insert into analisis_bacteriologico (id_planta, id_tratamiento, numero, fecha, descripcion) values (27, 27, 26, '2016-08-29', 'hac habitasse platea dictumst maecenas ut massa quis augue luctus tincidunt nulla mollis molestie lorem quisque ut');
insert into analisis_bacteriologico (id_planta, id_tratamiento, numero, fecha, descripcion) values (28, 28, 18, '2020-09-25', 'pede ac diam cras pellentesque volutpat dui maecenas tristique est et tempus semper est quam pharetra magna ac');
insert into analisis_bacteriologico (id_planta, id_tratamiento, numero, fecha, descripcion) values (29, 29, 100, '2018-04-20', null);
insert into analisis_bacteriologico (id_planta, id_tratamiento, numero, fecha, descripcion) values (30, 30, 10, '2016-11-03', 'vitae nisl aenean lectus pellentesque eget nunc donec quis orci eget orci vehicula condimentum curabitur in');
insert into analisis_bacteriologico (id_planta, id_tratamiento, numero, fecha, descripcion) values (31, 31, 84, '2017-12-04', null);
insert into analisis_bacteriologico (id_planta, id_tratamiento, numero, fecha, descripcion) values (32, 32, 17, '2016-12-15', 'odio curabitur convallis duis consequat dui nec nisi volutpat eleifend donec ut dolor');
insert into analisis_bacteriologico (id_planta, id_tratamiento, numero, fecha, descripcion) values (33, 33, 21, '2015-10-26', 'donec odio justo sollicitudin ut suscipit a feugiat et eros vestibulum ac');
insert into analisis_bacteriologico (id_planta, id_tratamiento, numero, fecha, descripcion) values (34, 34, 68, '2016-08-10', 'elementum eu interdum eu tincidunt in leo maecenas pulvinar lobortis est phasellus sit amet erat nulla tempus vivamus in felis');
insert into analisis_bacteriologico (id_planta, id_tratamiento, numero, fecha, descripcion) values (35, 35, 88, '2019-08-08', 'morbi vestibulum velit id pretium iaculis diam erat fermentum justo nec condimentum');
insert into analisis_bacteriologico (id_planta, id_tratamiento, numero, fecha, descripcion) values (36, 36, 47, '2016-04-17', 'platea dictumst morbi vestibulum velit id pretium iaculis diam erat fermentum justo nec condimentum neque sapien');
insert into analisis_bacteriologico (id_planta, id_tratamiento, numero, fecha, descripcion) values (37, 37, 62, '2015-01-26', 'odio consequat varius integer ac leo pellentesque ultrices mattis odio donec vitae nisi nam ultrices libero non mattis');
insert into analisis_bacteriologico (id_planta, id_tratamiento, numero, fecha, descripcion) values (38, 38, 45, '2015-02-22', null);
insert into analisis_bacteriologico (id_planta, id_tratamiento, numero, fecha, descripcion) values (39, 39, 2, '2020-05-03', 'in eleifend quam a odio in hac habitasse platea dictumst maecenas ut massa quis augue luctus tincidunt');
insert into analisis_bacteriologico (id_planta, id_tratamiento, numero, fecha, descripcion) values (40, 40, 59, '2018-06-07', null);
insert into analisis_bacteriologico (id_planta, id_tratamiento, numero, fecha, descripcion) values (41, 41, 55, '2016-05-12', 'tempus vel pede morbi porttitor lorem id ligula suspendisse ornare consequat lectus in');
insert into analisis_bacteriologico (id_planta, id_tratamiento, numero, fecha, descripcion) values (42, 42, 100, '2016-05-29', 'elementum eu interdum eu tincidunt in leo maecenas pulvinar lobortis est phasellus sit amet erat nulla tempus vivamus in felis');
insert into analisis_bacteriologico (id_planta, id_tratamiento, numero, fecha, descripcion) values (43, 43, 11, '2016-05-23', 'justo morbi ut odio cras mi pede malesuada in imperdiet');
insert into analisis_bacteriologico (id_planta, id_tratamiento, numero, fecha, descripcion) values (44, 44, 9, '2017-01-30', 'pede libero quis orci nullam molestie nibh in lectus pellentesque at nulla');
insert into analisis_bacteriologico (id_planta, id_tratamiento, numero, fecha, descripcion) values (45, 45, 91, '2018-05-04', 'maecenas tincidunt lacus at velit vivamus vel nulla eget eros elementum pellentesque');
insert into analisis_bacteriologico (id_planta, id_tratamiento, numero, fecha, descripcion) values (46, 46, 95, '2018-08-03', null);
insert into analisis_bacteriologico (id_planta, id_tratamiento, numero, fecha, descripcion) values (47, 47, 10, '2018-05-01', 'imperdiet et commodo vulputate justo in blandit ultrices enim lorem ipsum dolor sit amet consectetuer adipiscing elit proin');
insert into analisis_bacteriologico (id_planta, id_tratamiento, numero, fecha, descripcion) values (48, 48, 7, '2018-09-26', 'vel pede morbi porttitor lorem id ligula suspendisse ornare consequat lectus in est risus auctor sed tristique');
insert into analisis_bacteriologico (id_planta, id_tratamiento, numero, fecha, descripcion) values (49, 49, 27, '2019-06-02', null);
insert into analisis_bacteriologico (id_planta, id_tratamiento, numero, fecha, descripcion) values (50, 50, 60, '2019-03-17', 'mi sit amet lobortis sapien sapien non mi integer ac neque duis');
insert into analisis_bacteriologico (id_planta, id_tratamiento, numero, fecha, descripcion) values (51, 51, 27, '2016-04-23', 'non mi integer ac neque duis bibendum morbi non quam nec dui luctus rutrum nulla tellus in sagittis');
insert into analisis_bacteriologico (id_planta, id_tratamiento, numero, fecha, descripcion) values (52, 52, 59, '2018-09-02', null);
insert into analisis_bacteriologico (id_planta, id_tratamiento, numero, fecha, descripcion) values (53, 53, 26, '2017-06-04', 'erat fermentum justo nec condimentum neque sapien placerat ante nulla justo aliquam quis turpis');
insert into analisis_bacteriologico (id_planta, id_tratamiento, numero, fecha, descripcion) values (54, 54, 10, '2020-02-13', 'blandit lacinia erat vestibulum sed magna at nunc commodo placerat praesent');
insert into analisis_bacteriologico (id_planta, id_tratamiento, numero, fecha, descripcion) values (55, 55, 98, '2015-05-04', 'ipsum dolor sit amet consectetuer adipiscing elit proin risus praesent');
insert into analisis_bacteriologico (id_planta, id_tratamiento, numero, fecha, descripcion) values (56, 56, 92, '2018-07-18', 'nulla nisl nunc nisl duis bibendum felis sed interdum venenatis turpis enim blandit mi in porttitor pede justo eu massa');
insert into analisis_bacteriologico (id_planta, id_tratamiento, numero, fecha, descripcion) values (57, 57, 39, '2016-08-24', 'amet lobortis sapien sapien non mi integer ac neque duis bibendum morbi non quam nec');
insert into analisis_bacteriologico (id_planta, id_tratamiento, numero, fecha, descripcion) values (58, 58, 23, '2019-05-29', 'duis faucibus accumsan odio curabitur convallis duis consequat dui nec nisi volutpat eleifend');
insert into analisis_bacteriologico (id_planta, id_tratamiento, numero, fecha, descripcion) values (59, 59, 6, '2017-10-10', 'aenean fermentum donec ut mauris eget massa tempor convallis nulla');
insert into analisis_bacteriologico (id_planta, id_tratamiento, numero, fecha, descripcion) values (60, 60, 13, '2018-05-18', null);
insert into analisis_bacteriologico (id_planta, id_tratamiento, numero, fecha, descripcion) values (61, 61, 31, '2019-11-01', 'praesent id massa id nisl venenatis lacinia aenean sit amet justo morbi ut odio cras mi pede malesuada in imperdiet');
insert into analisis_bacteriologico (id_planta, id_tratamiento, numero, fecha, descripcion) values (62, 62, 79, '2017-10-23', null);
insert into analisis_bacteriologico (id_planta, id_tratamiento, numero, fecha, descripcion) values (63, 63, 8, '2017-08-09', null);
insert into analisis_bacteriologico (id_planta, id_tratamiento, numero, fecha, descripcion) values (64, 64, 93, '2019-02-03', 'nulla suspendisse potenti cras in purus eu magna vulputate luctus cum sociis natoque penatibus et magnis dis parturient montes');
insert into analisis_bacteriologico (id_planta, id_tratamiento, numero, fecha, descripcion) values (65, 65, 35, '2015-02-09', 'sodales scelerisque mauris sit amet eros suspendisse accumsan tortor quis turpis sed ante vivamus tortor duis mattis');
insert into analisis_bacteriologico (id_planta, id_tratamiento, numero, fecha, descripcion) values (66, 66, 80, '2017-11-25', 'quis turpis eget elit sodales scelerisque mauris sit amet eros suspendisse accumsan tortor quis');
insert into analisis_bacteriologico (id_planta, id_tratamiento, numero, fecha, descripcion) values (67, 67, 41, '2016-08-20', 'fringilla rhoncus mauris enim leo rhoncus sed vestibulum sit amet cursus id turpis integer');
insert into analisis_bacteriologico (id_planta, id_tratamiento, numero, fecha, descripcion) values (68, 68, 2, '2016-11-25', 'semper sapien a libero nam dui proin leo odio porttitor id consequat in consequat ut nulla sed accumsan felis ut');
insert into analisis_bacteriologico (id_planta, id_tratamiento, numero, fecha, descripcion) values (69, 69, 98, '2015-04-24', null);
insert into analisis_bacteriologico (id_planta, id_tratamiento, numero, fecha, descripcion) values (70, 70, 45, '2015-06-17', 'a nibh in quis justo maecenas rhoncus aliquam lacus morbi quis tortor');
insert into analisis_bacteriologico (id_planta, id_tratamiento, numero, fecha, descripcion) values (71, 71, 38, '2016-07-16', 'erat nulla tempus vivamus in felis eu sapien cursus vestibulum');
insert into analisis_bacteriologico (id_planta, id_tratamiento, numero, fecha, descripcion) values (72, 72, 63, '2016-07-19', null);
insert into analisis_bacteriologico (id_planta, id_tratamiento, numero, fecha, descripcion) values (73, 73, 83, '2017-08-14', null);
insert into analisis_bacteriologico (id_planta, id_tratamiento, numero, fecha, descripcion) values (74, 74, 100, '2020-04-13', 'sit amet consectetuer adipiscing elit proin interdum mauris non ligula pellentesque ultrices');
insert into analisis_bacteriologico (id_planta, id_tratamiento, numero, fecha, descripcion) values (75, 75, 72, '2015-04-03', 'quis odio consequat varius integer ac leo pellentesque ultrices mattis odio donec vitae nisi nam ultrices libero non mattis pulvinar');
insert into analisis_bacteriologico (id_planta, id_tratamiento, numero, fecha, descripcion) values (76, 76, 40, '2017-03-09', null);
insert into analisis_bacteriologico (id_planta, id_tratamiento, numero, fecha, descripcion) values (77, 77, 40, '2017-01-30', 'quam fringilla rhoncus mauris enim leo rhoncus sed vestibulum sit amet');
insert into analisis_bacteriologico (id_planta, id_tratamiento, numero, fecha, descripcion) values (78, 78, 76, '2015-07-03', 'pede lobortis ligula sit amet eleifend pede libero quis orci nullam molestie nibh');
insert into analisis_bacteriologico (id_planta, id_tratamiento, numero, fecha, descripcion) values (79, 79, 82, '2015-06-28', 'at velit vivamus vel nulla eget eros elementum pellentesque quisque porta volutpat erat quisque erat eros');
insert into analisis_bacteriologico (id_planta, id_tratamiento, numero, fecha, descripcion) values (80, 80, 17, '2015-07-25', null);
insert into analisis_bacteriologico (id_planta, id_tratamiento, numero, fecha, descripcion) values (81, 81, 65, '2018-02-09', 'quis orci nullam molestie nibh in lectus pellentesque at nulla suspendisse potenti cras in purus eu');
insert into analisis_bacteriologico (id_planta, id_tratamiento, numero, fecha, descripcion) values (82, 82, 17, '2015-06-16', 'arcu libero rutrum ac lobortis vel dapibus at diam nam tristique');
insert into analisis_bacteriologico (id_planta, id_tratamiento, numero, fecha, descripcion) values (83, 83, 75, '2017-06-14', 'dictumst etiam faucibus cursus urna ut tellus nulla ut erat id mauris vulputate elementum nullam varius');
insert into analisis_bacteriologico (id_planta, id_tratamiento, numero, fecha, descripcion) values (84, 84, 47, '2017-09-03', null);
insert into analisis_bacteriologico (id_planta, id_tratamiento, numero, fecha, descripcion) values (85, 85, 92, '2020-07-18', 'vel accumsan tellus nisi eu orci mauris lacinia sapien quis libero nullam sit amet');
insert into analisis_bacteriologico (id_planta, id_tratamiento, numero, fecha, descripcion) values (86, 86, 85, '2016-03-15', 'quam pede lobortis ligula sit amet eleifend pede libero quis orci nullam molestie nibh in lectus pellentesque at nulla suspendisse');
insert into analisis_bacteriologico (id_planta, id_tratamiento, numero, fecha, descripcion) values (87, 87, 43, '2016-05-31', 'dui luctus rutrum nulla tellus in sagittis dui vel nisl duis ac nibh fusce');
insert into analisis_bacteriologico (id_planta, id_tratamiento, numero, fecha, descripcion) values (88, 88, 60, '2020-04-10', 'amet nulla quisque arcu libero rutrum ac lobortis vel dapibus at diam nam tristique tortor');
insert into analisis_bacteriologico (id_planta, id_tratamiento, numero, fecha, descripcion) values (89, 89, 4, '2017-02-25', null);
insert into analisis_bacteriologico (id_planta, id_tratamiento, numero, fecha, descripcion) values (90, 90, 74, '2017-06-19', 'posuere cubilia curae duis faucibus accumsan odio curabitur convallis duis consequat dui nec nisi');
insert into analisis_bacteriologico (id_planta, id_tratamiento, numero, fecha, descripcion) values (91, 91, 39, '2019-04-05', 'feugiat et eros vestibulum ac est lacinia nisi venenatis tristique fusce congue');
insert into analisis_bacteriologico (id_planta, id_tratamiento, numero, fecha, descripcion) values (92, 92, 48, '2019-01-31', 'hac habitasse platea dictumst etiam faucibus cursus urna ut tellus nulla ut erat id mauris vulputate elementum');
insert into analisis_bacteriologico (id_planta, id_tratamiento, numero, fecha, descripcion) values (93, 93, 14, '2015-02-16', 'risus praesent lectus vestibulum quam sapien varius ut blandit non interdum in ante vestibulum ante ipsum primis');
insert into analisis_bacteriologico (id_planta, id_tratamiento, numero, fecha, descripcion) values (94, 94, 54, '2018-07-08', null);
insert into analisis_bacteriologico (id_planta, id_tratamiento, numero, fecha, descripcion) values (95, 95, 80, '2015-01-19', null);
insert into analisis_bacteriologico (id_planta, id_tratamiento, numero, fecha, descripcion) values (96, 96, 42, '2020-05-16', 'cubilia curae duis faucibus accumsan odio curabitur convallis duis consequat dui');
insert into analisis_bacteriologico (id_planta, id_tratamiento, numero, fecha, descripcion) values (97, 97, 66, '2017-06-17', null);
insert into analisis_bacteriologico (id_planta, id_tratamiento, numero, fecha, descripcion) values (98, 98, 84, '2015-01-31', 'a suscipit nulla elit ac nulla sed vel enim sit amet');
insert into analisis_bacteriologico (id_planta, id_tratamiento, numero, fecha, descripcion) values (99, 99, 77, '2017-12-17', 'eget massa tempor convallis nulla neque libero convallis eget eleifend luctus ultricies eu nibh quisque');
insert into analisis_bacteriologico (id_planta, id_tratamiento, numero, fecha, descripcion) values (100, 100, 22, '2015-03-07', null);


insert into concreta (id_planta, id_tratamiento, fecha) values (1, 1, '2019-05-14');
insert into concreta (id_planta, id_tratamiento, fecha) values (2, 2, '2020-02-04');
insert into concreta (id_planta, id_tratamiento, fecha) values (3, 3, '2019-01-17');
insert into concreta (id_planta, id_tratamiento, fecha) values (4, 4, '2019-12-22');
insert into concreta (id_planta, id_tratamiento, fecha) values (5, 5, '2020-03-31');
insert into concreta (id_planta, id_tratamiento, fecha) values (6, 6, '2019-08-05');
insert into concreta (id_planta, id_tratamiento, fecha) values (7, 7, '2019-04-23');
insert into concreta (id_planta, id_tratamiento, fecha) values (8, 8, '2020-09-14');
insert into concreta (id_planta, id_tratamiento, fecha) values (9, 9, '2019-12-09');
insert into concreta (id_planta, id_tratamiento, fecha) values (10, 10, '2019-07-08');
insert into concreta (id_planta, id_tratamiento, fecha) values (11, 11, '2019-02-17');
insert into concreta (id_planta, id_tratamiento, fecha) values (12, 12, '2019-05-21');
insert into concreta (id_planta, id_tratamiento, fecha) values (13, 13, '2020-08-25');
insert into concreta (id_planta, id_tratamiento, fecha) values (14, 14, '2019-08-25');
insert into concreta (id_planta, id_tratamiento, fecha) values (15, 15, '2019-12-17');
insert into concreta (id_planta, id_tratamiento, fecha) values (16, 16, '2020-01-15');
insert into concreta (id_planta, id_tratamiento, fecha) values (17, 17, '2020-09-14');
insert into concreta (id_planta, id_tratamiento, fecha) values (18, 18, '2020-05-13');
insert into concreta (id_planta, id_tratamiento, fecha) values (19, 19, '2020-05-06');
insert into concreta (id_planta, id_tratamiento, fecha) values (20, 20, '2020-02-21');
insert into concreta (id_planta, id_tratamiento, fecha) values (21, 21, '2019-11-13');
insert into concreta (id_planta, id_tratamiento, fecha) values (22, 22, '2020-03-17');
insert into concreta (id_planta, id_tratamiento, fecha) values (23, 23, '2019-07-08');
insert into concreta (id_planta, id_tratamiento, fecha) values (24, 24, '2019-09-13');
insert into concreta (id_planta, id_tratamiento, fecha) values (25, 25, '2020-06-19');
insert into concreta (id_planta, id_tratamiento, fecha) values (26, 26, '2020-09-13');
insert into concreta (id_planta, id_tratamiento, fecha) values (27, 27, '2020-01-14');
insert into concreta (id_planta, id_tratamiento, fecha) values (28, 28, '2020-03-22');
insert into concreta (id_planta, id_tratamiento, fecha) values (29, 29, '2019-02-08');
insert into concreta (id_planta, id_tratamiento, fecha) values (30, 30, '2019-09-15');
insert into concreta (id_planta, id_tratamiento, fecha) values (31, 31, '2020-04-01');
insert into concreta (id_planta, id_tratamiento, fecha) values (32, 32, '2020-03-13');
insert into concreta (id_planta, id_tratamiento, fecha) values (33, 33, '2019-01-21');
insert into concreta (id_planta, id_tratamiento, fecha) values (34, 34, '2020-02-07');
insert into concreta (id_planta, id_tratamiento, fecha) values (35, 35, '2020-01-12');
insert into concreta (id_planta, id_tratamiento, fecha) values (36, 36, '2020-02-13');
insert into concreta (id_planta, id_tratamiento, fecha) values (37, 37, '2020-01-07');
insert into concreta (id_planta, id_tratamiento, fecha) values (38, 38, '2019-11-30');
insert into concreta (id_planta, id_tratamiento, fecha) values (39, 39, '2020-08-20');
insert into concreta (id_planta, id_tratamiento, fecha) values (40, 40, '2019-07-11');
insert into concreta (id_planta, id_tratamiento, fecha) values (41, 41, '2019-11-05');
insert into concreta (id_planta, id_tratamiento, fecha) values (42, 42, '2020-06-27');
insert into concreta (id_planta, id_tratamiento, fecha) values (43, 43, '2019-03-23');
insert into concreta (id_planta, id_tratamiento, fecha) values (44, 44, '2019-11-13');
insert into concreta (id_planta, id_tratamiento, fecha) values (45, 45, '2019-07-28');
insert into concreta (id_planta, id_tratamiento, fecha) values (46, 46, '2020-01-30');
insert into concreta (id_planta, id_tratamiento, fecha) values (47, 47, '2020-08-18');
insert into concreta (id_planta, id_tratamiento, fecha) values (48, 48, '2019-05-24');
insert into concreta (id_planta, id_tratamiento, fecha) values (49, 49, '2020-03-19');
insert into concreta (id_planta, id_tratamiento, fecha) values (50, 50, '2020-03-16');
insert into concreta (id_planta, id_tratamiento, fecha) values (51, 51, '2019-07-07');
insert into concreta (id_planta, id_tratamiento, fecha) values (52, 52, '2019-12-17');
insert into concreta (id_planta, id_tratamiento, fecha) values (53, 53, '2020-04-12');
insert into concreta (id_planta, id_tratamiento, fecha) values (54, 54, '2019-03-07');
insert into concreta (id_planta, id_tratamiento, fecha) values (55, 55, '2019-04-16');
insert into concreta (id_planta, id_tratamiento, fecha) values (56, 56, '2019-01-03');
insert into concreta (id_planta, id_tratamiento, fecha) values (57, 57, '2019-09-17');
insert into concreta (id_planta, id_tratamiento, fecha) values (58, 58, '2020-02-17');
insert into concreta (id_planta, id_tratamiento, fecha) values (59, 59, '2019-05-10');
insert into concreta (id_planta, id_tratamiento, fecha) values (60, 60, '2019-06-03');
insert into concreta (id_planta, id_tratamiento, fecha) values (61, 61, '2020-09-02');
insert into concreta (id_planta, id_tratamiento, fecha) values (62, 62, '2019-12-25');
insert into concreta (id_planta, id_tratamiento, fecha) values (63, 63, '2020-07-20');
insert into concreta (id_planta, id_tratamiento, fecha) values (64, 64, '2020-04-18');
insert into concreta (id_planta, id_tratamiento, fecha) values (65, 65, '2019-08-07');
insert into concreta (id_planta, id_tratamiento, fecha) values (66, 66, '2019-07-10');
insert into concreta (id_planta, id_tratamiento, fecha) values (67, 67, '2019-10-18');
insert into concreta (id_planta, id_tratamiento, fecha) values (68, 68, '2019-04-14');
insert into concreta (id_planta, id_tratamiento, fecha) values (69, 69, '2020-06-18');
insert into concreta (id_planta, id_tratamiento, fecha) values (70, 70, '2019-06-21');
insert into concreta (id_planta, id_tratamiento, fecha) values (71, 71, '2019-12-29');
insert into concreta (id_planta, id_tratamiento, fecha) values (72, 72, '2020-09-12');
insert into concreta (id_planta, id_tratamiento, fecha) values (73, 73, '2020-03-06');
insert into concreta (id_planta, id_tratamiento, fecha) values (74, 74, '2020-07-02');
insert into concreta (id_planta, id_tratamiento, fecha) values (75, 75, '2019-01-30');
insert into concreta (id_planta, id_tratamiento, fecha) values (76, 76, '2019-05-25');
insert into concreta (id_planta, id_tratamiento, fecha) values (77, 77, '2020-01-03');
insert into concreta (id_planta, id_tratamiento, fecha) values (78, 78, '2019-12-17');
insert into concreta (id_planta, id_tratamiento, fecha) values (79, 79, '2019-06-07');
insert into concreta (id_planta, id_tratamiento, fecha) values (80, 80, '2020-08-11');
insert into concreta (id_planta, id_tratamiento, fecha) values (81, 81, '2020-01-27');
insert into concreta (id_planta, id_tratamiento, fecha) values (82, 82, '2020-09-05');
insert into concreta (id_planta, id_tratamiento, fecha) values (83, 83, '2019-01-26');
insert into concreta (id_planta, id_tratamiento, fecha) values (84, 84, '2020-08-19');
insert into concreta (id_planta, id_tratamiento, fecha) values (85, 85, '2020-08-29');
insert into concreta (id_planta, id_tratamiento, fecha) values (86, 86, '2019-01-26');
insert into concreta (id_planta, id_tratamiento, fecha) values (87, 87, '2019-02-03');
insert into concreta (id_planta, id_tratamiento, fecha) values (88, 88, '2020-08-22');
insert into concreta (id_planta, id_tratamiento, fecha) values (89, 89, '2019-04-04');
insert into concreta (id_planta, id_tratamiento, fecha) values (90, 90, '2020-06-30');
insert into concreta (id_planta, id_tratamiento, fecha) values (91, 91, '2019-08-04');
insert into concreta (id_planta, id_tratamiento, fecha) values (92, 92, '2019-01-08');
insert into concreta (id_planta, id_tratamiento, fecha) values (93, 93, '2020-09-05');
insert into concreta (id_planta, id_tratamiento, fecha) values (94, 94, '2020-01-12');
insert into concreta (id_planta, id_tratamiento, fecha) values (95, 95, '2019-01-08');
insert into concreta (id_planta, id_tratamiento, fecha) values (96, 96, '2020-04-15');
insert into concreta (id_planta, id_tratamiento, fecha) values (97, 97, '2019-05-03');
insert into concreta (id_planta, id_tratamiento, fecha) values (98, 98, '2019-06-15');
insert into concreta (id_planta, id_tratamiento, fecha) values (99, 99, '2019-08-17');
insert into concreta (id_planta, id_tratamiento, fecha) values (100, 100, '2020-01-24');

insert into quimico (tipo_quimico, id_tratamiento) values ('Valsartan and hydrochlorothiazide', 1);
insert into quimico (tipo_quimico, id_tratamiento) values ('Milk of Magnesia Wild Cherry', 2);
insert into quimico (tipo_quimico, id_tratamiento) values ('MEDROX', 3);
insert into quimico (tipo_quimico, id_tratamiento) values ('Phendimetrazine Tartrate', 4);
insert into quimico (tipo_quimico, id_tratamiento) values ('JANUMET', 5);
insert into quimico (tipo_quimico, id_tratamiento) values ('Otis Clapp Back Quell', 6);
insert into quimico (tipo_quimico, id_tratamiento) values ('Ketorolac Tromethamine', 7);
insert into quimico (tipo_quimico, id_tratamiento) values ('Hevert', 8);
insert into quimico (tipo_quimico, id_tratamiento) values ('Nifedipine', 9);
insert into quimico (tipo_quimico, id_tratamiento) values ('NEOMYCIN SULFATE', 10);
insert into quimico (tipo_quimico, id_tratamiento) values ('DESPEC', 11);
insert into quimico (tipo_quimico, id_tratamiento) values ('Klor-Con M', 12);
insert into quimico (tipo_quimico, id_tratamiento) values ('SPEEDGEL RX', 13);
insert into quimico (tipo_quimico, id_tratamiento) values ('Multi-Vitamin With Fluoride', 14);
insert into quimico (tipo_quimico, id_tratamiento) values ('Linkus Lozenges', 15);
insert into quimico (tipo_quimico, id_tratamiento) values ('care one acid reducer', 16);
insert into quimico (tipo_quimico, id_tratamiento) values ('Loratadine and Pseudoephedrine', 17);
insert into quimico (tipo_quimico, id_tratamiento) values ('ANTIBACTERIAL FOAMING', 18);
insert into quimico (tipo_quimico, id_tratamiento) values ('Solar Protection Formula TiZO Body', 19);
insert into quimico (tipo_quimico, id_tratamiento) values ('SUN Solar Defense Oil-free Gel SPF 15', 20);
insert into quimico (tipo_quimico, id_tratamiento) values ('Naproxen Sodium', 21);
insert into quimico (tipo_quimico, id_tratamiento) values ('SODIUM SULFACETAMIDE and SULFUR', 22);
insert into quimico (tipo_quimico, id_tratamiento) values ('Clindamycin Hydrochloride', 23);
insert into quimico (tipo_quimico, id_tratamiento) values ('gas relief', 24);
insert into quimico (tipo_quimico, id_tratamiento) values ('Cilostazol', 25);
insert into quimico (tipo_quimico, id_tratamiento) values ('Simethicone Cherry Flavored Chewable', 26);
insert into quimico (tipo_quimico, id_tratamiento) values ('Furosemide', 27);
insert into quimico (tipo_quimico, id_tratamiento) values ('Equaline Nicotine', 28);
insert into quimico (tipo_quimico, id_tratamiento) values ('Tarka', 29);
insert into quimico (tipo_quimico, id_tratamiento) values ('SERTRALINE HYDROCHLORIDE', 30);
insert into quimico (tipo_quimico, id_tratamiento) values ('Niaspan', 31);
insert into quimico (tipo_quimico, id_tratamiento) values ('LBEL', 32);
insert into quimico (tipo_quimico, id_tratamiento) values ('Thioridazine Hydrochloride', 33);
insert into quimico (tipo_quimico, id_tratamiento) values ('Generlac', 34);
insert into quimico (tipo_quimico, id_tratamiento) values ('simvastatin', 35);
insert into quimico (tipo_quimico, id_tratamiento) values ('Quality Choice Anti-Itch Clear', 36);
insert into quimico (tipo_quimico, id_tratamiento) values ('SINECCH', 37);
insert into quimico (tipo_quimico, id_tratamiento) values ('Finasteride', 38);
insert into quimico (tipo_quimico, id_tratamiento) values ('Barley Grain', 39);
insert into quimico (tipo_quimico, id_tratamiento) values ('Relieve Remedy No. 21', 40);
insert into quimico (tipo_quimico, id_tratamiento) values ('HORSERADISH', 41);
insert into quimico (tipo_quimico, id_tratamiento) values ('ESIKA', 42);
insert into quimico (tipo_quimico, id_tratamiento) values ('Sunscreen Mist Broad Spectrum SPF 30', 43);
insert into quimico (tipo_quimico, id_tratamiento) values ('Pleo Zinc', 44);
insert into quimico (tipo_quimico, id_tratamiento) values ('Humicola grisea', 45);
insert into quimico (tipo_quimico, id_tratamiento) values ('Extra Strength Pain Reliever PM', 46);
insert into quimico (tipo_quimico, id_tratamiento) values ('Ropinirole', 47);
insert into quimico (tipo_quimico, id_tratamiento) values ('Doxycycline Hyclate', 48);
insert into quimico (tipo_quimico, id_tratamiento) values ('PERCOCET', 49);
insert into quimico (tipo_quimico, id_tratamiento) values ('PureLife APF', 50);
insert into quimico (tipo_quimico, id_tratamiento) values ('EUPATORIUM CAPILLIFOLIUM POLLEN', 51);
insert into quimico (tipo_quimico, id_tratamiento) values ('Pleo Muc Ex', 52);
insert into quimico (tipo_quimico, id_tratamiento) values ('ANTIBACTERIAL FOAMING', 53);
insert into quimico (tipo_quimico, id_tratamiento) values ('Naproxen', 54);
insert into quimico (tipo_quimico, id_tratamiento) values ('Baclofen', 55);
insert into quimico (tipo_quimico, id_tratamiento) values ('Sweet Golden Pear Antibacterial Hand Wash', 56);
insert into quimico (tipo_quimico, id_tratamiento) values ('Folic Acid', 57);
insert into quimico (tipo_quimico, id_tratamiento) values ('PlusPharma Extra Strength', 58);
insert into quimico (tipo_quimico, id_tratamiento) values ('TOFRANIL-PM', 59);
insert into quimico (tipo_quimico, id_tratamiento) values ('AMIODARONE HYDROCHLORIDE', 60);
insert into quimico (tipo_quimico, id_tratamiento) values ('Furosemide', 61);
insert into quimico (tipo_quimico, id_tratamiento) values ('Repaglinide', 62);
insert into quimico (tipo_quimico, id_tratamiento) values ('Duane Reade', 63);
insert into quimico (tipo_quimico, id_tratamiento) values ('DenTek Instant Pain Relief', 64);
insert into quimico (tipo_quimico, id_tratamiento) values ('Dove', 65);
insert into quimico (tipo_quimico, id_tratamiento) values ('Allergy Composition', 66);
insert into quimico (tipo_quimico, id_tratamiento) values ('SENNA TIME', 67);
insert into quimico (tipo_quimico, id_tratamiento) values ('good sense flu and severe cold and cough', 68);
insert into quimico (tipo_quimico, id_tratamiento) values ('Gerbil Epithelium', 69);
insert into quimico (tipo_quimico, id_tratamiento) values ('FOAMING ALOEGUARD ANTIMICROBIAL', 70);
insert into quimico (tipo_quimico, id_tratamiento) values ('ETHYL ALCOHOL', 71);
insert into quimico (tipo_quimico, id_tratamiento) values ('TOPIRAMATE', 72);
insert into quimico (tipo_quimico, id_tratamiento) values ('Jantoven', 73);
insert into quimico (tipo_quimico, id_tratamiento) values ('Omeprazole', 74);
insert into quimico (tipo_quimico, id_tratamiento) values ('Diovan HCT', 75);
insert into quimico (tipo_quimico, id_tratamiento) values ('Cortizone 10 Cooling Cream Anti-Itch', 76);
insert into quimico (tipo_quimico, id_tratamiento) values ('Fusilev', 77);
insert into quimico (tipo_quimico, id_tratamiento) values ('Promethazine Hydrochloride', 78);
insert into quimico (tipo_quimico, id_tratamiento) values ('Diazepam', 79);
insert into quimico (tipo_quimico, id_tratamiento) values ('Oraverse', 80);
insert into quimico (tipo_quimico, id_tratamiento) values ('RIBASPHERE RibaPak', 81);
insert into quimico (tipo_quimico, id_tratamiento) values ('Health Mart Pharmacy Childrens Loratadine', 82);
insert into quimico (tipo_quimico, id_tratamiento) values ('Phenobarbital', 83);
insert into quimico (tipo_quimico, id_tratamiento) values ('City Sunscreen serum SPF 30', 84);
insert into quimico (tipo_quimico, id_tratamiento) values ('METHADONE HYDROCHLORIDE', 85);
insert into quimico (tipo_quimico, id_tratamiento) values ('Atracurium Besylate', 86);
insert into quimico (tipo_quimico, id_tratamiento) values ('Alcohol', 87);
insert into quimico (tipo_quimico, id_tratamiento) values ('Haloperidol', 88);
insert into quimico (tipo_quimico, id_tratamiento) values ('Pigweed Mixture', 89);
insert into quimico (tipo_quimico, id_tratamiento) values ('LIVESTS', 90);
insert into quimico (tipo_quimico, id_tratamiento) values ('Alprazolam', 91);
insert into quimico (tipo_quimico, id_tratamiento) values ('SOTALOL HYDROCHLORIDE', 92);
insert into quimico (tipo_quimico, id_tratamiento) values ('Terrasil Skin Repair', 93);
insert into quimico (tipo_quimico, id_tratamiento) values ('Oxytocin', 94);
insert into quimico (tipo_quimico, id_tratamiento) values ('Enoxaparin Sodium', 95);
insert into quimico (tipo_quimico, id_tratamiento) values ('Migranade', 96);
insert into quimico (tipo_quimico, id_tratamiento) values ('PROLASTIN-C', 97);
insert into quimico (tipo_quimico, id_tratamiento) values ('Rx Act Gas Relief', 98);
insert into quimico (tipo_quimico, id_tratamiento) values ('Acremonium strictum', 99);
insert into quimico (tipo_quimico, id_tratamiento) values ('Acetaminophen and Codeine Phosphate', 100);

insert into aplica (id_tratamiento, legajo_operador, fecha) values (1, 10, '2015-06-14');
insert into aplica (id_tratamiento, legajo_operador, fecha) values (2, 44, '2020-05-24');
insert into aplica (id_tratamiento, legajo_operador, fecha) values (3, 34, '2019-11-03');
insert into aplica (id_tratamiento, legajo_operador, fecha) values (4, 32, '2015-07-30');
insert into aplica (id_tratamiento, legajo_operador, fecha) values (5, 15, '2020-06-29');
insert into aplica (id_tratamiento, legajo_operador, fecha) values (6, 31, '2016-10-30');
insert into aplica (id_tratamiento, legajo_operador, fecha) values (7, 18, '2015-11-30');
insert into aplica (id_tratamiento, legajo_operador, fecha) values (8, 37, '2019-04-14');
insert into aplica (id_tratamiento, legajo_operador, fecha) values (9, 8, '2015-12-21');
insert into aplica (id_tratamiento, legajo_operador, fecha) values (10, 27, '2018-01-09');
insert into aplica (id_tratamiento, legajo_operador, fecha) values (11, 39, '2019-08-16');
insert into aplica (id_tratamiento, legajo_operador, fecha) values (12, 14, '2016-02-07');
insert into aplica (id_tratamiento, legajo_operador, fecha) values (13, 38, '2018-08-31');
insert into aplica (id_tratamiento, legajo_operador, fecha) values (14, 8, '2020-04-26');
insert into aplica (id_tratamiento, legajo_operador, fecha) values (15, 31, '2018-06-10');
insert into aplica (id_tratamiento, legajo_operador, fecha) values (16, 33, '2017-05-21');
insert into aplica (id_tratamiento, legajo_operador, fecha) values (17, 6, '2016-04-27');
insert into aplica (id_tratamiento, legajo_operador, fecha) values (18, 36, '2020-04-06');
insert into aplica (id_tratamiento, legajo_operador, fecha) values (19, 38, '2017-01-14');
insert into aplica (id_tratamiento, legajo_operador, fecha) values (20, 17, '2015-07-04');
insert into aplica (id_tratamiento, legajo_operador, fecha) values (21, 28, '2019-05-07');
insert into aplica (id_tratamiento, legajo_operador, fecha) values (22, 10, '2016-10-28');
insert into aplica (id_tratamiento, legajo_operador, fecha) values (23, 17, '2018-11-30');
insert into aplica (id_tratamiento, legajo_operador, fecha) values (24, 20, '2016-08-20');
insert into aplica (id_tratamiento, legajo_operador, fecha) values (25, 14, '2018-12-28');
insert into aplica (id_tratamiento, legajo_operador, fecha) values (26, 25, '2017-12-20');
insert into aplica (id_tratamiento, legajo_operador, fecha) values (27, 28, '2017-10-06');
insert into aplica (id_tratamiento, legajo_operador, fecha) values (28, 20, '2016-05-05');
insert into aplica (id_tratamiento, legajo_operador, fecha) values (29, 29, '2020-02-27');
insert into aplica (id_tratamiento, legajo_operador, fecha) values (30, 18, '2015-05-16');
insert into aplica (id_tratamiento, legajo_operador, fecha) values (31, 12, '2018-04-22');
insert into aplica (id_tratamiento, legajo_operador, fecha) values (32, 14, '2017-08-29');
insert into aplica (id_tratamiento, legajo_operador, fecha) values (33, 7, '2017-07-21');
insert into aplica (id_tratamiento, legajo_operador, fecha) values (34, 14, '2015-09-10');
insert into aplica (id_tratamiento, legajo_operador, fecha) values (35, 16, '2019-05-31');
insert into aplica (id_tratamiento, legajo_operador, fecha) values (36, 19, '2015-04-09');
insert into aplica (id_tratamiento, legajo_operador, fecha) values (37, 28, '2016-09-19');
insert into aplica (id_tratamiento, legajo_operador, fecha) values (38, 18, '2017-10-17');
insert into aplica (id_tratamiento, legajo_operador, fecha) values (39, 42, '2019-08-25');
insert into aplica (id_tratamiento, legajo_operador, fecha) values (40, 25, '2018-06-26');
insert into aplica (id_tratamiento, legajo_operador, fecha) values (41, 28, '2016-09-21');
insert into aplica (id_tratamiento, legajo_operador, fecha) values (42, 6, '2015-02-03');
insert into aplica (id_tratamiento, legajo_operador, fecha) values (43, 3, '2015-05-31');
insert into aplica (id_tratamiento, legajo_operador, fecha) values (44, 1, '2020-07-04');
insert into aplica (id_tratamiento, legajo_operador, fecha) values (45, 7, '2018-09-15');
insert into aplica (id_tratamiento, legajo_operador, fecha) values (46, 5, '2016-05-02');
insert into aplica (id_tratamiento, legajo_operador, fecha) values (47, 48, '2016-02-09');
insert into aplica (id_tratamiento, legajo_operador, fecha) values (48, 26, '2019-03-21');
insert into aplica (id_tratamiento, legajo_operador, fecha) values (49, 6, '2017-02-20');
insert into aplica (id_tratamiento, legajo_operador, fecha) values (50, 27, '2019-12-09');
insert into aplica (id_tratamiento, legajo_operador, fecha) values (51, 4, '2018-07-22');
insert into aplica (id_tratamiento, legajo_operador, fecha) values (52, 25, '2020-07-18');
insert into aplica (id_tratamiento, legajo_operador, fecha) values (53, 8, '2020-04-18');
insert into aplica (id_tratamiento, legajo_operador, fecha) values (54, 38, '2016-06-05');
insert into aplica (id_tratamiento, legajo_operador, fecha) values (55, 39, '2019-05-18');
insert into aplica (id_tratamiento, legajo_operador, fecha) values (56, 31, '2019-07-10');
insert into aplica (id_tratamiento, legajo_operador, fecha) values (57, 33, '2019-01-02');
insert into aplica (id_tratamiento, legajo_operador, fecha) values (58, 13, '2017-12-16');
insert into aplica (id_tratamiento, legajo_operador, fecha) values (59, 34, '2018-05-03');
insert into aplica (id_tratamiento, legajo_operador, fecha) values (60, 38, '2018-04-05');
insert into aplica (id_tratamiento, legajo_operador, fecha) values (61, 31, '2015-05-24');
insert into aplica (id_tratamiento, legajo_operador, fecha) values (62, 33, '2017-08-03');
insert into aplica (id_tratamiento, legajo_operador, fecha) values (63, 33, '2019-12-11');
insert into aplica (id_tratamiento, legajo_operador, fecha) values (64, 34, '2016-08-11');
insert into aplica (id_tratamiento, legajo_operador, fecha) values (65, 36, '2019-11-19');
insert into aplica (id_tratamiento, legajo_operador, fecha) values (66, 30, '2018-12-17');
insert into aplica (id_tratamiento, legajo_operador, fecha) values (67, 42, '2018-07-25');
insert into aplica (id_tratamiento, legajo_operador, fecha) values (68, 4, '2018-07-27');
insert into aplica (id_tratamiento, legajo_operador, fecha) values (69, 30, '2016-08-07');
insert into aplica (id_tratamiento, legajo_operador, fecha) values (70, 36, '2015-02-12');
insert into aplica (id_tratamiento, legajo_operador, fecha) values (71, 39, '2018-02-21');
insert into aplica (id_tratamiento, legajo_operador, fecha) values (72, 10, '2019-10-14');
insert into aplica (id_tratamiento, legajo_operador, fecha) values (73, 36, '2018-07-05');
insert into aplica (id_tratamiento, legajo_operador, fecha) values (74, 37, '2016-10-29');
insert into aplica (id_tratamiento, legajo_operador, fecha) values (75, 29, '2018-10-05');
insert into aplica (id_tratamiento, legajo_operador, fecha) values (76, 42, '2015-01-08');
insert into aplica (id_tratamiento, legajo_operador, fecha) values (77, 27, '2020-04-24');
insert into aplica (id_tratamiento, legajo_operador, fecha) values (78, 28, '2018-12-09');
insert into aplica (id_tratamiento, legajo_operador, fecha) values (79, 2, '2017-02-07');
insert into aplica (id_tratamiento, legajo_operador, fecha) values (80, 26, '2016-08-17');
insert into aplica (id_tratamiento, legajo_operador, fecha) values (81, 26, '2015-03-29');
insert into aplica (id_tratamiento, legajo_operador, fecha) values (82, 27, '2018-04-20');
insert into aplica (id_tratamiento, legajo_operador, fecha) values (83, 25, '2017-09-25');
insert into aplica (id_tratamiento, legajo_operador, fecha) values (84, 29, '2016-02-18');
insert into aplica (id_tratamiento, legajo_operador, fecha) values (85, 46, '2019-10-01');
insert into aplica (id_tratamiento, legajo_operador, fecha) values (86, 11, '2016-07-18');
insert into aplica (id_tratamiento, legajo_operador, fecha) values (87, 26, '2016-10-26');
insert into aplica (id_tratamiento, legajo_operador, fecha) values (88, 5, '2015-08-08');
insert into aplica (id_tratamiento, legajo_operador, fecha) values (89, 29, '2020-05-19');
insert into aplica (id_tratamiento, legajo_operador, fecha) values (90, 26, '2018-11-26');
insert into aplica (id_tratamiento, legajo_operador, fecha) values (91, 24, '2020-08-17');
insert into aplica (id_tratamiento, legajo_operador, fecha) values (92, 47, '2019-06-01');
insert into aplica (id_tratamiento, legajo_operador, fecha) values (93, 45, '2015-06-01');
insert into aplica (id_tratamiento, legajo_operador, fecha) values (94, 46, '2016-09-14');
insert into aplica (id_tratamiento, legajo_operador, fecha) values (95, 29, '2016-12-25');
insert into aplica (id_tratamiento, legajo_operador, fecha) values (96, 43, '2018-10-16');
insert into aplica (id_tratamiento, legajo_operador, fecha) values (97, 42, '2019-10-17');
insert into aplica (id_tratamiento, legajo_operador, fecha) values (98, 10, '2019-01-27');
insert into aplica (id_tratamiento, legajo_operador, fecha) values (99, 27, '2019-11-11');
insert into aplica (id_tratamiento, legajo_operador, fecha) values (100, 42, '2019-02-22');

insert into se_ubica (fecha, id_planta, id_campamento) values ('2020-03-12', 1, 1);
insert into se_ubica (fecha, id_planta, id_campamento) values ('2019-10-29', 2, 2);
insert into se_ubica (fecha, id_planta, id_campamento) values ('2020-05-04', 3, 3);
insert into se_ubica (fecha, id_planta, id_campamento) values ('2019-08-20', 4, 4);
insert into se_ubica (fecha, id_planta, id_campamento) values ('2019-06-19', 5, 5);
insert into se_ubica (fecha, id_planta, id_campamento) values ('2020-07-08', 6, 6);
insert into se_ubica (fecha, id_planta, id_campamento) values ('2020-08-05', 7, 7);
insert into se_ubica (fecha, id_planta, id_campamento) values ('2019-04-24', 8, 8);
insert into se_ubica (fecha, id_planta, id_campamento) values ('2020-02-22', 9, 9);
insert into se_ubica (fecha, id_planta, id_campamento) values ('2020-03-06', 10, 10);
insert into se_ubica (fecha, id_planta, id_campamento) values ('2020-01-04', 11, 11);
insert into se_ubica (fecha, id_planta, id_campamento) values ('2020-01-08', 12, 12);
insert into se_ubica (fecha, id_planta, id_campamento) values ('2019-05-25', 13, 13);
insert into se_ubica (fecha, id_planta, id_campamento) values ('2020-06-08', 14, 14);
insert into se_ubica (fecha, id_planta, id_campamento) values ('2020-04-15', 15, 15);
insert into se_ubica (fecha, id_planta, id_campamento) values ('2019-08-16', 16, 16);
insert into se_ubica (fecha, id_planta, id_campamento) values ('2020-06-08', 17, 17);
insert into se_ubica (fecha, id_planta, id_campamento) values ('2019-01-07', 18, 18);
insert into se_ubica (fecha, id_planta, id_campamento) values ('2019-08-23', 19, 19);
insert into se_ubica (fecha, id_planta, id_campamento) values ('2019-05-10', 20, 20);
insert into se_ubica (fecha, id_planta, id_campamento) values ('2019-08-19', 21, 21);
insert into se_ubica (fecha, id_planta, id_campamento) values ('2019-05-25', 22, 22);
insert into se_ubica (fecha, id_planta, id_campamento) values ('2020-03-14', 23, 23);
insert into se_ubica (fecha, id_planta, id_campamento) values ('2020-09-24', 24, 24);
insert into se_ubica (fecha, id_planta, id_campamento) values ('2019-01-14', 25, 25);
insert into se_ubica (fecha, id_planta, id_campamento) values ('2019-01-14', 26, 26);
insert into se_ubica (fecha, id_planta, id_campamento) values ('2020-08-26', 27, 27);
insert into se_ubica (fecha, id_planta, id_campamento) values ('2020-06-04', 28, 28);
insert into se_ubica (fecha, id_planta, id_campamento) values ('2019-09-27', 29, 29);
insert into se_ubica (fecha, id_planta, id_campamento) values ('2019-12-15', 30, 30);
insert into se_ubica (fecha, id_planta, id_campamento) values ('2020-02-07', 31, 31);
insert into se_ubica (fecha, id_planta, id_campamento) values ('2019-07-28', 32, 32);
insert into se_ubica (fecha, id_planta, id_campamento) values ('2019-12-18', 33, 33);
insert into se_ubica (fecha, id_planta, id_campamento) values ('2019-12-27', 34, 34);
insert into se_ubica (fecha, id_planta, id_campamento) values ('2019-06-19', 35, 35);
insert into se_ubica (fecha, id_planta, id_campamento) values ('2019-08-24', 36, 36);
insert into se_ubica (fecha, id_planta, id_campamento) values ('2019-07-02', 37, 37);
insert into se_ubica (fecha, id_planta, id_campamento) values ('2019-06-04', 38, 38);
insert into se_ubica (fecha, id_planta, id_campamento) values ('2019-06-03', 39, 39);
insert into se_ubica (fecha, id_planta, id_campamento) values ('2020-01-01', 40, 40);
insert into se_ubica (fecha, id_planta, id_campamento) values ('2020-09-16', 41, 41);
insert into se_ubica (fecha, id_planta, id_campamento) values ('2019-08-25', 42, 42);
insert into se_ubica (fecha, id_planta, id_campamento) values ('2019-10-28', 43, 43);
insert into se_ubica (fecha, id_planta, id_campamento) values ('2019-06-11', 44, 44);
insert into se_ubica (fecha, id_planta, id_campamento) values ('2020-01-18', 45, 45);
insert into se_ubica (fecha, id_planta, id_campamento) values ('2020-08-12', 46, 46);
insert into se_ubica (fecha, id_planta, id_campamento) values ('2020-08-15', 47, 47);
insert into se_ubica (fecha, id_planta, id_campamento) values ('2019-10-16', 48, 48);
insert into se_ubica (fecha, id_planta, id_campamento) values ('2020-04-18', 49, 49);
insert into se_ubica (fecha, id_planta, id_campamento) values ('2019-10-10', 50, 50);
insert into se_ubica (fecha, id_planta, id_campamento) values ('2019-11-04', 51, 51);
insert into se_ubica (fecha, id_planta, id_campamento) values ('2019-12-10', 52, 52);
insert into se_ubica (fecha, id_planta, id_campamento) values ('2019-12-13', 53, 53);
insert into se_ubica (fecha, id_planta, id_campamento) values ('2019-04-22', 54, 54);
insert into se_ubica (fecha, id_planta, id_campamento) values ('2020-06-28', 55, 55);
insert into se_ubica (fecha, id_planta, id_campamento) values ('2020-06-13', 56, 56);
insert into se_ubica (fecha, id_planta, id_campamento) values ('2019-01-03', 57, 57);
insert into se_ubica (fecha, id_planta, id_campamento) values ('2019-07-15', 58, 58);
insert into se_ubica (fecha, id_planta, id_campamento) values ('2020-01-17', 59, 59);
insert into se_ubica (fecha, id_planta, id_campamento) values ('2019-08-21', 60, 60);
insert into se_ubica (fecha, id_planta, id_campamento) values ('2019-10-14', 61, 61);
insert into se_ubica (fecha, id_planta, id_campamento) values ('2020-08-22', 62, 62);
insert into se_ubica (fecha, id_planta, id_campamento) values ('2020-09-28', 63, 63);
insert into se_ubica (fecha, id_planta, id_campamento) values ('2020-03-13', 64, 64);
insert into se_ubica (fecha, id_planta, id_campamento) values ('2020-04-11', 65, 65);
insert into se_ubica (fecha, id_planta, id_campamento) values ('2020-02-14', 66, 66);
insert into se_ubica (fecha, id_planta, id_campamento) values ('2020-08-06', 67, 67);
insert into se_ubica (fecha, id_planta, id_campamento) values ('2019-12-05', 68, 68);
insert into se_ubica (fecha, id_planta, id_campamento) values ('2019-06-07', 69, 69);
insert into se_ubica (fecha, id_planta, id_campamento) values ('2019-11-29', 70, 70);
insert into se_ubica (fecha, id_planta, id_campamento) values ('2019-08-01', 71, 71);
insert into se_ubica (fecha, id_planta, id_campamento) values ('2019-07-16', 72, 72);
insert into se_ubica (fecha, id_planta, id_campamento) values ('2019-10-10', 73, 73);
insert into se_ubica (fecha, id_planta, id_campamento) values ('2019-07-30', 74, 74);
insert into se_ubica (fecha, id_planta, id_campamento) values ('2019-07-29', 75, 75);
insert into se_ubica (fecha, id_planta, id_campamento) values ('2020-07-29', 76, 76);
insert into se_ubica (fecha, id_planta, id_campamento) values ('2020-01-03', 77, 77);
insert into se_ubica (fecha, id_planta, id_campamento) values ('2020-09-10', 78, 78);
insert into se_ubica (fecha, id_planta, id_campamento) values ('2019-06-06', 79, 79);
insert into se_ubica (fecha, id_planta, id_campamento) values ('2019-11-09', 80, 80);
insert into se_ubica (fecha, id_planta, id_campamento) values ('2020-05-09', 81, 81);
insert into se_ubica (fecha, id_planta, id_campamento) values ('2019-09-12', 82, 82);
insert into se_ubica (fecha, id_planta, id_campamento) values ('2019-11-07', 83, 83);
insert into se_ubica (fecha, id_planta, id_campamento) values ('2019-06-23', 84, 84);
insert into se_ubica (fecha, id_planta, id_campamento) values ('2019-03-17', 85, 85);
insert into se_ubica (fecha, id_planta, id_campamento) values ('2019-12-08', 86, 86);
insert into se_ubica (fecha, id_planta, id_campamento) values ('2020-04-04', 87, 87);
insert into se_ubica (fecha, id_planta, id_campamento) values ('2019-05-30', 88, 88);
insert into se_ubica (fecha, id_planta, id_campamento) values ('2020-01-28', 89, 89);
insert into se_ubica (fecha, id_planta, id_campamento) values ('2019-02-26', 90, 90);
insert into se_ubica (fecha, id_planta, id_campamento) values ('2020-02-24', 91, 91);
insert into se_ubica (fecha, id_planta, id_campamento) values ('2020-04-06', 92, 92);
insert into se_ubica (fecha, id_planta, id_campamento) values ('2020-01-13', 93, 93);
insert into se_ubica (fecha, id_planta, id_campamento) values ('2019-07-31', 94, 94);
insert into se_ubica (fecha, id_planta, id_campamento) values ('2019-12-14', 95, 95);
insert into se_ubica (fecha, id_planta, id_campamento) values ('2019-09-13', 96, 96);
insert into se_ubica (fecha, id_planta, id_campamento) values ('2020-04-24', 97, 97);
insert into se_ubica (fecha, id_planta, id_campamento) values ('2020-07-11', 98, 98);
insert into se_ubica (fecha, id_planta, id_campamento) values ('2019-02-22', 99, 99);
insert into se_ubica (fecha, id_planta, id_campamento) values ('2020-06-28', 100, 100);





