insert into persona (legajo, nombre, apellido, email, direccion) values (1, 'Janessa', 'Skinner', 'jskinner0@msu.edu', '4 Farwell Alley');
insert into persona (legajo, nombre, apellido, email, direccion) values (2, 'Anallise', 'MacCardle', 'amaccardle1@163.com', '2390 Duke Point');
insert into persona (legajo, nombre, apellido, email, direccion) values (3, 'Deloria', 'Zoppie', 'dzoppie2@washington.edu', '22095 Anthes Lane');
insert into persona (legajo, nombre, apellido, email, direccion) values (4, 'Morganne', 'Bullingham', 'mbullingham3@unicef.org', '4535 Reinke Plaza');
insert into persona (legajo, nombre, apellido, email, direccion) values (5, 'Karla', 'McElvine', 'kmcelvine4@naver.com', '995 Northport Junction');
insert into persona (legajo, nombre, apellido, email, direccion) values (6, 'Corey', 'Beagan', 'cbeagan5@domainmarket.com', '83820 Hanover Court');
insert into persona (legajo, nombre, apellido, email, direccion) values (7, 'Maryann', 'Bielefeld', 'mbielefeld6@youku.com', '004 Lukken Hill');
insert into persona (legajo, nombre, apellido, email, direccion) values (8, 'Cirstoforo', 'Trewhella', 'ctrewhella7@wisc.edu', '5043 Granby Trail');
insert into persona (legajo, nombre, apellido, email, direccion) values (9, 'Salomone', 'Grabiec', 'sgrabiec8@sitemeter.com', '75956 Russell Pass');
insert into persona (legajo, nombre, apellido, email, direccion) values (10, 'Obidiah', 'Tregaskis', 'otregaskis9@weather.com', '659 Blue Bill Park Hill');
insert into persona (legajo, nombre, apellido, email, direccion) values (11, 'Cal', 'Delouch', 'cdeloucha@free.fr', '53824 Susan Crossing');
insert into persona (legajo, nombre, apellido, email, direccion) values (12, 'Sig', 'Gallon', 'sgallonb@delicious.com', '66 Ridgeway Center');
insert into persona (legajo, nombre, apellido, email, direccion) values (13, 'Rochester', 'Spoure', 'rspourec@hubpages.com', '8768 Messerschmidt Center');
insert into persona (legajo, nombre, apellido, email, direccion) values (14, 'Inglis', 'Caw', 'icawd@ustream.tv', '22 Mayfield Road');
insert into persona (legajo, nombre, apellido, email, direccion) values (15, 'Iris', 'Ubsdell', 'iubsdelle@aboutads.info', '19 Continental Junction');
insert into persona (legajo, nombre, apellido, email, direccion) values (16, 'Mathe', 'Oldred', 'moldredf@ehow.com', '581 Derek Plaza');
insert into persona (legajo, nombre, apellido, email, direccion) values (17, 'Ximenes', 'Pecey', 'xpeceyg@geocities.com', '027 Miller Terrace');
insert into persona (legajo, nombre, apellido, email, direccion) values (18, 'Giovanni', 'Bartolomeazzi', 'gbartolomeazzih@people.com.cn', '07296 Hoepker Parkway');
insert into persona (legajo, nombre, apellido, email, direccion) values (19, 'Vida', 'Douch', 'vdouchi@geocities.jp', '44 Sundown Way');
insert into persona (legajo, nombre, apellido, email, direccion) values (20, 'Sisile', 'Sheringham', 'ssheringhamj@gravatar.com', '605 Packers Point');
insert into persona (legajo, nombre, apellido, email, direccion) values (21, 'Caye', 'Onthank', 'conthankk@51.la', '774 Toban Road');
insert into persona (legajo, nombre, apellido, email, direccion) values (22, 'Tobye', 'Flowerden', 'tflowerdenl@japanpost.jp', '6490 Heffernan Way');
insert into persona (legajo, nombre, apellido, email, direccion) values (23, 'Bellanca', 'Cleynman', 'bcleynmanm@delicious.com', '8822 Bluejay Drive');
insert into persona (legajo, nombre, apellido, email, direccion) values (24, 'Libby', 'Ruddock', 'lruddockn@github.io', '61101 Holy Cross Place');
insert into persona (legajo, nombre, apellido, email, direccion) values (25, 'Jeffry', 'Godin', 'jgodino@merriam-webster.com', '822 New Castle Lane');
insert into persona (legajo, nombre, apellido, email, direccion) values (26, 'Rochelle', 'Diviney', 'rdivineyp@scientificamerican.com', '5 Schiller Parkway');
insert into persona (legajo, nombre, apellido, email, direccion) values (27, 'Daisy', 'Lafrentz', 'dlafrentzq@bing.com', '67194 Hauk Trail');
insert into persona (legajo, nombre, apellido, email, direccion) values (28, 'Elise', 'Silcock', 'esilcockr@mozilla.com', '0 Karstens Road');
insert into persona (legajo, nombre, apellido, email, direccion) values (29, 'Ethelbert', 'Cancellieri', 'ecancellieris@paypal.com', '0 Surrey Way');
insert into persona (legajo, nombre, apellido, email, direccion) values (30, 'Ulric', 'Dood', 'udoodt@hao123.com', '25230 Debra Street');
insert into persona (legajo, nombre, apellido, email, direccion) values (31, 'Alejandra', 'Bricknell', 'abricknellu@freewebs.com', '081 Eliot Place');
insert into persona (legajo, nombre, apellido, email, direccion) values (32, 'Hilary', 'Goaks', 'hgoaksv@weibo.com', '1724 Wayridge Road');
insert into persona (legajo, nombre, apellido, email, direccion) values (33, 'Perceval', 'Flukes', 'pflukesw@example.com', '395 Iowa Place');
insert into persona (legajo, nombre, apellido, email, direccion) values (34, 'Irina', 'Elverstone', 'ielverstonex@dailymotion.com', '82927 Alpine Point');
insert into persona (legajo, nombre, apellido, email, direccion) values (35, 'Nanci', 'Gookey', 'ngookeyy@reverbnation.com', '28 Fairview Parkway');
insert into persona (legajo, nombre, apellido, email, direccion) values (36, 'Grannie', 'Dumbellow', 'gdumbellowz@delicious.com', '8 Corry Junction');
insert into persona (legajo, nombre, apellido, email, direccion) values (37, 'Gris', 'Andor', 'gandor10@shareasale.com', '96 Cardinal Junction');
insert into persona (legajo, nombre, apellido, email, direccion) values (38, 'Julius', 'Loughrey', 'jloughrey11@zimbio.com', '8 Elmside Place');
insert into persona (legajo, nombre, apellido, email, direccion) values (39, 'Diann', 'Silver', 'dsilver12@hostgator.com', '56 Barnett Alley');
insert into persona (legajo, nombre, apellido, email, direccion) values (40, 'Ollie', 'Ramstead', 'oramstead13@engadget.com', '64244 Knutson Plaza');
insert into persona (legajo, nombre, apellido, email, direccion) values (41, 'Neal', 'Linnemann', 'nlinnemann14@imgur.com', '27 Gerald Junction');
insert into persona (legajo, nombre, apellido, email, direccion) values (42, 'Averyl', 'MacKenzie', 'amackenzie15@t.co', '13 Ronald Regan Point');
insert into persona (legajo, nombre, apellido, email, direccion) values (43, 'Frants', 'Eagers', 'feagers16@reverbnation.com', '605 Summer Ridge Circle');
insert into persona (legajo, nombre, apellido, email, direccion) values (44, 'Waylen', 'Bourbon', 'wbourbon17@virginia.edu', '528 Roxbury Way');
insert into persona (legajo, nombre, apellido, email, direccion) values (45, 'Celestine', 'Stirrup', 'cstirrup18@surveymonkey.com', '5 Armistice Plaza');
insert into persona (legajo, nombre, apellido, email, direccion) values (46, 'Agosto', 'Kaiser', 'akaiser19@wix.com', '60 Darwin Point');
insert into persona (legajo, nombre, apellido, email, direccion) values (47, 'Dennie', 'Scrivener', 'dscrivener1a@tripod.com', '461 Leroy Center');
insert into persona (legajo, nombre, apellido, email, direccion) values (48, 'Chance', 'Paulmann', 'cpaulmann1b@microsoft.com', '4 Hooker Lane');
insert into persona (legajo, nombre, apellido, email, direccion) values (49, 'Merry', 'Ackermann', 'mackermann1c@w3.org', '194 Wayridge Lane');
insert into persona (legajo, nombre, apellido, email, direccion) values (50, 'Ciro', 'Kemmett', 'ckemmett1d@sogou.com', '716 Valley Edge Center');
insert into persona (legajo, nombre, apellido, email, direccion) values (51, 'Mahala', 'Temperley', 'mtemperley1e@netvibes.com', '1429 Corry Crossing');
insert into persona (legajo, nombre, apellido, email, direccion) values (52, 'Kimbell', 'Osmon', 'kosmon1f@gizmodo.com', '02394 Rockefeller Circle');
insert into persona (legajo, nombre, apellido, email, direccion) values (53, 'Lebbie', 'Gillimgham', 'lgillimgham1g@chicagotribune.com', '833 Sutteridge Plaza');
insert into persona (legajo, nombre, apellido, email, direccion) values (54, 'Gigi', 'MacKenzie', 'gmackenzie1h@tripadvisor.com', '3 6th Pass');
insert into persona (legajo, nombre, apellido, email, direccion) values (55, 'Lory', 'McFayden', 'lmcfayden1i@free.fr', '749 Ryan Alley');
insert into persona (legajo, nombre, apellido, email, direccion) values (56, 'Joana', 'Van Vuuren', 'jvanvuuren1j@wp.com', '2083 Packers Circle');
insert into persona (legajo, nombre, apellido, email, direccion) values (57, 'Horst', 'Wesgate', 'hwesgate1k@opensource.org', '5 Dakota Crossing');
insert into persona (legajo, nombre, apellido, email, direccion) values (58, 'Pennie', 'Erangy', 'perangy1l@delicious.com', '1809 Golf Course Road');
insert into persona (legajo, nombre, apellido, email, direccion) values (59, 'Koenraad', 'Kohrt', 'kkohrt1m@vimeo.com', '194 Mesta Avenue');
insert into persona (legajo, nombre, apellido, email, direccion) values (60, 'Tanya', 'Prestie', 'tprestie1n@devhub.com', '56784 Rieder Hill');
insert into persona (legajo, nombre, apellido, email, direccion) values (61, 'Odo', 'Sibbons', 'osibbons1o@privacy.gov.au', '36307 Donald Place');
insert into persona (legajo, nombre, apellido, email, direccion) values (62, 'Sindee', 'Rankling', 'srankling1p@apple.com', '2 Claremont Alley');
insert into persona (legajo, nombre, apellido, email, direccion) values (63, 'Alana', 'Shippam', 'ashippam1q@constantcontact.com', '0 Maple Wood Road');
insert into persona (legajo, nombre, apellido, email, direccion) values (64, 'Conrado', 'Bamlett', 'cbamlett1r@smh.com.au', '73 5th Alley');
insert into persona (legajo, nombre, apellido, email, direccion) values (65, 'Lenka', 'Kettel', 'lkettel1s@jugem.jp', '00258 Superior Court');
insert into persona (legajo, nombre, apellido, email, direccion) values (66, 'Brigg', 'Hunnisett', 'bhunnisett1t@bloglovin.com', '15 Steensland Street');
insert into persona (legajo, nombre, apellido, email, direccion) values (67, 'Jeffry', 'Klimp', 'jklimp1u@unesco.org', '712 Schurz Road');
insert into persona (legajo, nombre, apellido, email, direccion) values (68, 'Dudley', 'Andriesse', 'dandriesse1v@free.fr', '978 Huxley Place');
insert into persona (legajo, nombre, apellido, email, direccion) values (69, 'Abbie', 'Argent', 'aargent1w@tiny.cc', '21456 2nd Pass');
insert into persona (legajo, nombre, apellido, email, direccion) values (70, 'Fraze', 'Burnhard', 'fburnhard1x@prnewswire.com', '4 Artisan Lane');
insert into persona (legajo, nombre, apellido, email, direccion) values (71, 'Shelby', 'Beddo', 'sbeddo1y@businessinsider.com', '2 Mallard Street');
insert into persona (legajo, nombre, apellido, email, direccion) values (72, 'Seward', 'Deluze', 'sdeluze1z@csmonitor.com', '108 Schmedeman Way');
insert into persona (legajo, nombre, apellido, email, direccion) values (73, 'Benni', 'Reilingen', 'breilingen20@unc.edu', '4693 Londonderry Avenue');
insert into persona (legajo, nombre, apellido, email, direccion) values (74, 'Rutger', 'Norgate', 'rnorgate21@geocities.com', '3589 Cherokee Way');
insert into persona (legajo, nombre, apellido, email, direccion) values (75, 'Giacinta', 'Cavanaugh', 'gcavanaugh22@chicagotribune.com', '201 Green Center');
insert into persona (legajo, nombre, apellido, email, direccion) values (76, 'Kimble', 'Locker', 'klocker23@independent.co.uk', '102 Stoughton Street');
insert into persona (legajo, nombre, apellido, email, direccion) values (77, 'Nikolaus', 'Commings', 'ncommings24@senate.gov', '0 Larry Road');
insert into persona (legajo, nombre, apellido, email, direccion) values (78, 'Livia', 'Tumasian', 'ltumasian25@oracle.com', '72 Sunfield Trail');
insert into persona (legajo, nombre, apellido, email, direccion) values (79, 'Domini', 'Ridler', 'dridler26@va.gov', '64011 Declaration Plaza');
insert into persona (legajo, nombre, apellido, email, direccion) values (80, 'Chan', 'Venditti', 'cvenditti27@reddit.com', '12923 Elgar Hill');
insert into persona (legajo, nombre, apellido, email, direccion) values (81, 'Byrann', 'Tinham', 'btinham28@jugem.jp', '97829 Forest Run Junction');
insert into persona (legajo, nombre, apellido, email, direccion) values (82, 'Datha', 'Claringbold', 'dclaringbold29@dell.com', '93833 Spohn Plaza');
insert into persona (legajo, nombre, apellido, email, direccion) values (83, 'Lynett', 'Chomley', 'lchomley2a@army.mil', '74 Ruskin Trail');
insert into persona (legajo, nombre, apellido, email, direccion) values (84, 'Jessie', 'Torrecilla', 'jtorrecilla2b@google.com.au', '93224 Northview Road');
insert into persona (legajo, nombre, apellido, email, direccion) values (85, 'Cecil', 'Paunsford', 'cpaunsford2c@unc.edu', '1 Merry Way');
insert into persona (legajo, nombre, apellido, email, direccion) values (86, 'Anissa', 'Shenton', 'ashenton2d@webs.com', '3197 Marquette Road');
insert into persona (legajo, nombre, apellido, email, direccion) values (87, 'Cynthea', 'Mainson', 'cmainson2e@kickstarter.com', '2 Clemons Drive');
insert into persona (legajo, nombre, apellido, email, direccion) values (88, 'Sybille', 'Kelk', 'skelk2f@360.cn', '294 Stone Corner Trail');
insert into persona (legajo, nombre, apellido, email, direccion) values (89, 'Allie', 'Asson', 'aasson2g@purevolume.com', '244 Cordelia Road');
insert into persona (legajo, nombre, apellido, email, direccion) values (90, 'Glynnis', 'Serrell', 'gserrell2h@google.cn', '1308 Lukken Point');
insert into persona (legajo, nombre, apellido, email, direccion) values (91, 'Francesco', 'Ridsdell', 'fridsdell2i@reuters.com', '7 Golden Leaf Terrace');
insert into persona (legajo, nombre, apellido, email, direccion) values (92, 'Ruby', 'New', 'rnew2j@mashable.com', '79 4th Plaza');
insert into persona (legajo, nombre, apellido, email, direccion) values (93, 'Gracie', 'Fullegar', 'gfullegar2k@ameblo.jp', '733 Holy Cross Crossing');
insert into persona (legajo, nombre, apellido, email, direccion) values (94, 'Padraic', 'Chennells', 'pchennells2l@about.com', '3824 Delladonna Park');
insert into persona (legajo, nombre, apellido, email, direccion) values (95, 'Jasen', 'Hastler', 'jhastler2m@usatoday.com', '192 Coleman Street');
insert into persona (legajo, nombre, apellido, email, direccion) values (96, 'Renee', 'Mieville', 'rmieville2n@ezinearticles.com', '660 Monterey Terrace');
insert into persona (legajo, nombre, apellido, email, direccion) values (97, 'Bertina', 'Kelsall', 'bkelsall2o@artisteer.com', '61 Lunder Alley');
insert into persona (legajo, nombre, apellido, email, direccion) values (98, 'Diena', 'More', 'dmore2p@wiley.com', '1 Monument Junction');
insert into persona (legajo, nombre, apellido, email, direccion) values (99, 'Archy', 'Loomis', 'aloomis2q@wunderground.com', '64 Gale Lane');
insert into persona (legajo, nombre, apellido, email, direccion) values (100, 'Diahann', 'Nadin', 'dnadin2r@google.es', '028 Dunning Crossing');


insert into telefono (legajo, telefono) values (67, '454-285-6861');
insert into telefono (legajo, telefono) values (42, '551-286-3659');
insert into telefono (legajo, telefono) values (10, '847-182-2330');
insert into telefono (legajo, telefono) values (15, '655-712-0685');
insert into telefono (legajo, telefono) values (78, '203-363-0095');
insert into telefono (legajo, telefono) values (83, '712-276-1942');
insert into telefono (legajo, telefono) values (80, '336-360-2408');
insert into telefono (legajo, telefono) values (22, '533-926-0913');
insert into telefono (legajo, telefono) values (20, '178-625-9824');
insert into telefono (legajo, telefono) values (89, '713-429-5170');
insert into telefono (legajo, telefono) values (9, '319-134-4330');
insert into telefono (legajo, telefono) values (74, '624-763-0274');
insert into telefono (legajo, telefono) values (50, '805-799-9253');
insert into telefono (legajo, telefono) values (74, '671-622-4916');
insert into telefono (legajo, telefono) values (45, '782-141-2433');
insert into telefono (legajo, telefono) values (14, '794-650-7883');
insert into telefono (legajo, telefono) values (33, '156-955-3637');
insert into telefono (legajo, telefono) values (75, '395-885-5731');
insert into telefono (legajo, telefono) values (35, '811-727-0360');
insert into telefono (legajo, telefono) values (52, '674-966-1091');
insert into telefono (legajo, telefono) values (2, '731-395-3907');
insert into telefono (legajo, telefono) values (53, '589-762-9778');
insert into telefono (legajo, telefono) values (44, '885-166-6764');
insert into telefono (legajo, telefono) values (26, '595-340-4254');
insert into telefono (legajo, telefono) values (91, '483-181-6517');
insert into telefono (legajo, telefono) values (80, '379-906-2847');
insert into telefono (legajo, telefono) values (83, '414-983-5549');
insert into telefono (legajo, telefono) values (54, '333-390-3128');
insert into telefono (legajo, telefono) values (12, '824-520-9563');
insert into telefono (legajo, telefono) values (48, '588-279-3122');
insert into telefono (legajo, telefono) values (76, '146-194-4452');
insert into telefono (legajo, telefono) values (88, '854-200-6966');
insert into telefono (legajo, telefono) values (38, '138-325-4771');
insert into telefono (legajo, telefono) values (76, '312-603-0049');
insert into telefono (legajo, telefono) values (98, '892-475-9246');
insert into telefono (legajo, telefono) values (98, '254-188-6013');
insert into telefono (legajo, telefono) values (24, '620-997-1373');
insert into telefono (legajo, telefono) values (87, '916-547-6321');
insert into telefono (legajo, telefono) values (49, '775-722-5110');
insert into telefono (legajo, telefono) values (51, '652-370-0621');
insert into telefono (legajo, telefono) values (78, '823-748-9837');
insert into telefono (legajo, telefono) values (45, '611-793-5835');
insert into telefono (legajo, telefono) values (70, '383-918-4482');
insert into telefono (legajo, telefono) values (1, '719-918-0913');
insert into telefono (legajo, telefono) values (75, '494-483-8829');
insert into telefono (legajo, telefono) values (45, '384-430-6875');
insert into telefono (legajo, telefono) values (39, '127-253-3799');
insert into telefono (legajo, telefono) values (90, '935-542-3779');
insert into telefono (legajo, telefono) values (3, '298-990-7124');
insert into telefono (legajo, telefono) values (22, '955-392-5398');
insert into telefono (legajo, telefono) values (8, '879-726-7733');
insert into telefono (legajo, telefono) values (67, '291-112-9914');
insert into telefono (legajo, telefono) values (70, '727-760-5454');
insert into telefono (legajo, telefono) values (37, '461-708-7745');
insert into telefono (legajo, telefono) values (53, '454-746-8465');
insert into telefono (legajo, telefono) values (22, '535-362-6579');
insert into telefono (legajo, telefono) values (36, '993-320-3782');
insert into telefono (legajo, telefono) values (91, '174-387-4542');
insert into telefono (legajo, telefono) values (60, '312-637-1460');
insert into telefono (legajo, telefono) values (67, '899-345-9505');
insert into telefono (legajo, telefono) values (58, '617-553-6814');
insert into telefono (legajo, telefono) values (21, '591-456-6137');
insert into telefono (legajo, telefono) values (35, '179-909-7804');
insert into telefono (legajo, telefono) values (41, '730-118-8725');
insert into telefono (legajo, telefono) values (12, '213-935-7145');
insert into telefono (legajo, telefono) values (91, '714-315-0376');
insert into telefono (legajo, telefono) values (78, '756-877-2762');
insert into telefono (legajo, telefono) values (27, '930-914-5997');
insert into telefono (legajo, telefono) values (33, '360-214-1066');
insert into telefono (legajo, telefono) values (81, '233-227-7006');
insert into telefono (legajo, telefono) values (97, '160-561-4743');
insert into telefono (legajo, telefono) values (56, '397-652-1174');
insert into telefono (legajo, telefono) values (40, '402-194-6042');
insert into telefono (legajo, telefono) values (52, '234-560-4095');
insert into telefono (legajo, telefono) values (9, '412-105-2332');
insert into telefono (legajo, telefono) values (5, '723-345-7683');
insert into telefono (legajo, telefono) values (92, '964-998-8178');
insert into telefono (legajo, telefono) values (13, '488-244-3555');
insert into telefono (legajo, telefono) values (27, '768-470-9037');
insert into telefono (legajo, telefono) values (19, '714-319-4748');
insert into telefono (legajo, telefono) values (60, '399-117-7903');
insert into telefono (legajo, telefono) values (15, '180-572-3838');
insert into telefono (legajo, telefono) values (2, '919-623-2057');
insert into telefono (legajo, telefono) values (67, '413-713-0656');
insert into telefono (legajo, telefono) values (53, '679-555-4488');
insert into telefono (legajo, telefono) values (47, '452-258-1039');
insert into telefono (legajo, telefono) values (19, '398-522-6897');
insert into telefono (legajo, telefono) values (59, '301-701-8193');
insert into telefono (legajo, telefono) values (13, '114-702-2756');
insert into telefono (legajo, telefono) values (68, '923-482-1670');
insert into telefono (legajo, telefono) values (90, '115-359-0062');
insert into telefono (legajo, telefono) values (77, '470-799-9260');
insert into telefono (legajo, telefono) values (59, '472-140-6215');
insert into telefono (legajo, telefono) values (88, '610-792-4992');
insert into telefono (legajo, telefono) values (74, '688-753-6421');
insert into telefono (legajo, telefono) values (82, '280-658-2113');
insert into telefono (legajo, telefono) values (1, '831-609-2267');
insert into telefono (legajo, telefono) values (14, '519-955-7085');
insert into telefono (legajo, telefono) values (89, '571-946-0096');
insert into telefono (legajo, telefono) values (22, '633-115-6904');
insert into telefono (legajo, telefono) values (13, '736-740-4792');
insert into telefono (legajo, telefono) values (13, '461-140-2342');
insert into telefono (legajo, telefono) values (2, '479-296-8637');
insert into telefono (legajo, telefono) values (80, '241-908-8590');
insert into telefono (legajo, telefono) values (39, '460-366-9669');
insert into telefono (legajo, telefono) values (15, '592-662-5611');
insert into telefono (legajo, telefono) values (21, '148-423-3518');
insert into telefono (legajo, telefono) values (47, '673-980-6972');
insert into telefono (legajo, telefono) values (84, '265-390-8007');
insert into telefono (legajo, telefono) values (40, '520-283-7145');
insert into telefono (legajo, telefono) values (6, '409-160-9911');
insert into telefono (legajo, telefono) values (24, '546-682-2363');
insert into telefono (legajo, telefono) values (53, '748-776-4560');
insert into telefono (legajo, telefono) values (31, '105-922-3873');
insert into telefono (legajo, telefono) values (97, '883-602-1374');
insert into telefono (legajo, telefono) values (12, '165-511-7298');
insert into telefono (legajo, telefono) values (67, '234-985-3266');
insert into telefono (legajo, telefono) values (77, '964-277-1371');
insert into telefono (legajo, telefono) values (32, '509-299-3844');
insert into telefono (legajo, telefono) values (72, '906-195-1532');
insert into telefono (legajo, telefono) values (64, '475-922-9509');
insert into telefono (legajo, telefono) values (54, '685-644-5762');
insert into telefono (legajo, telefono) values (41, '570-555-8155');
insert into telefono (legajo, telefono) values (39, '809-465-8367');
insert into telefono (legajo, telefono) values (81, '486-406-0282');
insert into telefono (legajo, telefono) values (56, '245-585-1647');
insert into telefono (legajo, telefono) values (88, '232-422-8190');
insert into telefono (legajo, telefono) values (53, '898-178-4177');
insert into telefono (legajo, telefono) values (85, '338-311-9823');
insert into telefono (legajo, telefono) values (94, '599-774-8206');
insert into telefono (legajo, telefono) values (48, '331-642-4946');
insert into telefono (legajo, telefono) values (42, '902-226-9245');
insert into telefono (legajo, telefono) values (40, '476-224-2912');
insert into telefono (legajo, telefono) values (18, '780-665-2387');
insert into telefono (legajo, telefono) values (13, '576-548-5520');
insert into telefono (legajo, telefono) values (33, '925-497-7119');
insert into telefono (legajo, telefono) values (94, '718-118-9387');
insert into telefono (legajo, telefono) values (16, '404-643-4030');
insert into telefono (legajo, telefono) values (94, '910-284-3741');
insert into telefono (legajo, telefono) values (29, '865-141-0380');
insert into telefono (legajo, telefono) values (36, '735-102-5979');
insert into telefono (legajo, telefono) values (63, '682-103-9025');
insert into telefono (legajo, telefono) values (76, '753-910-6526');
insert into telefono (legajo, telefono) values (41, '803-126-8656');
insert into telefono (legajo, telefono) values (2, '674-431-9742');
insert into telefono (legajo, telefono) values (33, '700-680-7357');
insert into telefono (legajo, telefono) values (44, '626-773-4220');
insert into telefono (legajo, telefono) values (6, '177-544-9824');
insert into telefono (legajo, telefono) values (16, '278-454-3684');
insert into telefono (legajo, telefono) values (55, '214-515-2507');


insert into operario (legajo, actividad) values (1, 'VP Quality Control');
insert into operario (legajo, actividad) values (2, 'Occupational Therapist');
insert into operario (legajo, actividad) values (3, 'VP Marketing');
insert into operario (legajo, actividad) values (4, 'Health Coach IV');
insert into operario (legajo, actividad) values (5, 'Professor');
insert into operario (legajo, actividad) values (6, 'Compensation Analyst');
insert into operario (legajo, actividad) values (7, 'Actuary');
insert into operario (legajo, actividad) values (8, 'Media Manager II');
insert into operario (legajo, actividad) values (9, 'Programmer Analyst II');
insert into operario (legajo, actividad) values (10, 'Accounting Assistant II');
insert into operario (legajo, actividad) values (11, 'Biostatistician III');
insert into operario (legajo, actividad) values (12, 'Mechanical Systems Engineer');
insert into operario (legajo, actividad) values (13, 'Civil Engineer');
insert into operario (legajo, actividad) values (14, 'Project Manager');
insert into operario (legajo, actividad) values (15, 'Help Desk Operator');
insert into operario (legajo, actividad) values (16, 'Nurse Practicioner');
insert into operario (legajo, actividad) values (17, 'Data Coordiator');
insert into operario (legajo, actividad) values (18, 'Clinical Specialist');
insert into operario (legajo, actividad) values (19, 'Quality Engineer');
insert into operario (legajo, actividad) values (20, 'Tax Accountant');
insert into operario (legajo, actividad) values (21, 'Electrical Engineer');
insert into operario (legajo, actividad) values (22, 'Assistant Professor');
insert into operario (legajo, actividad) values (23, 'VP Marketing');
insert into operario (legajo, actividad) values (24, 'VP Product Management');
insert into operario (legajo, actividad) values (25, 'Statistician II');
insert into operario (legajo, actividad) values (26, 'Research Associate');
insert into operario (legajo, actividad) values (27, 'Financial Advisor');
insert into operario (legajo, actividad) values (28, 'Professor');
insert into operario (legajo, actividad) values (29, 'Civil Engineer');
insert into operario (legajo, actividad) values (30, 'Senior Financial Analyst');
insert into operario (legajo, actividad) values (31, 'Research Nurse');
insert into operario (legajo, actividad) values (32, 'Food Chemist');
insert into operario (legajo, actividad) values (33, 'Structural Analysis Engineer');
insert into operario (legajo, actividad) values (34, 'Desktop Support Technician');
insert into operario (legajo, actividad) values (35, 'Assistant Manager');
insert into operario (legajo, actividad) values (36, 'Staff Accountant II');
insert into operario (legajo, actividad) values (37, 'Cost Accountant');
insert into operario (legajo, actividad) values (38, 'VP Accounting');
insert into operario (legajo, actividad) values (39, 'Safety Technician IV');
insert into operario (legajo, actividad) values (40, 'Accounting Assistant IV');
insert into operario (legajo, actividad) values (41, 'Staff Scientist');
insert into operario (legajo, actividad) values (42, 'Help Desk Operator');
insert into operario (legajo, actividad) values (43, 'Human Resources Assistant IV');
insert into operario (legajo, actividad) values (44, 'Research Assistant II');
insert into operario (legajo, actividad) values (45, 'Senior Financial Analyst');
insert into operario (legajo, actividad) values (46, 'Programmer III');
insert into operario (legajo, actividad) values (47, 'Business Systems Development Analyst');
insert into operario (legajo, actividad) values (48, 'Data Coordiator');
insert into operario (legajo, actividad) values (49, 'Food Chemist');
insert into operario (legajo, actividad) values (50, 'Budget/Accounting Analyst IV');
insert into operario (legajo, actividad) values (51, 'VP Quality Control');
insert into operario (legajo, actividad) values (52, 'Senior Developer');
insert into operario (legajo, actividad) values (53, 'Recruiting Manager');
insert into operario (legajo, actividad) values (54, 'Programmer Analyst II');
insert into operario (legajo, actividad) values (55, 'Administrative Officer');
insert into operario (legajo, actividad) values (56, 'Analog Circuit Design manager');
insert into operario (legajo, actividad) values (57, 'Assistant Professor');
insert into operario (legajo, actividad) values (58, 'Information Systems Manager');
insert into operario (legajo, actividad) values (59, 'Tax Accountant');
insert into operario (legajo, actividad) values (60, 'Senior Quality Engineer');
insert into operario (legajo, actividad) values (61, 'Sales Representative');
insert into operario (legajo, actividad) values (62, 'Physical Therapy Assistant');
insert into operario (legajo, actividad) values (63, 'Payment Adjustment Coordinator');
insert into operario (legajo, actividad) values (64, 'Programmer Analyst IV');
insert into operario (legajo, actividad) values (65, 'Environmental Specialist');
insert into operario (legajo, actividad) values (66, 'Administrative Officer');
insert into operario (legajo, actividad) values (67, 'Financial Analyst');
insert into operario (legajo, actividad) values (68, 'Nurse');
insert into operario (legajo, actividad) values (69, 'Nuclear Power Engineer');
insert into operario (legajo, actividad) values (70, 'Sales Representative');
insert into operario (legajo, actividad) values (71, 'Speech Pathologist');
insert into operario (legajo, actividad) values (72, 'VP Accounting');
insert into operario (legajo, actividad) values (73, 'Information Systems Manager');
insert into operario (legajo, actividad) values (74, 'Database Administrator II');
insert into operario (legajo, actividad) values (75, 'Software Test Engineer III');
insert into operario (legajo, actividad) values (76, 'Dental Hygienist');
insert into operario (legajo, actividad) values (77, 'Desktop Support Technician');
insert into operario (legajo, actividad) values (78, 'Senior Editor');
insert into operario (legajo, actividad) values (79, 'Senior Cost Accountant');
insert into operario (legajo, actividad) values (80, 'Cost Accountant');
insert into operario (legajo, actividad) values (81, 'Web Designer III');
insert into operario (legajo, actividad) values (82, 'Marketing Manager');
insert into operario (legajo, actividad) values (83, 'Geological Engineer');
insert into operario (legajo, actividad) values (84, 'Human Resources Manager');
insert into operario (legajo, actividad) values (85, 'Structural Analysis Engineer');
insert into operario (legajo, actividad) values (86, 'Developer II');
insert into operario (legajo, actividad) values (87, 'Quality Engineer');
insert into operario (legajo, actividad) values (88, 'Marketing Assistant');
insert into operario (legajo, actividad) values (89, 'Staff Scientist');


insert into administrador (legajo) values (90);
insert into administrador (legajo) values (91);
insert into administrador (legajo) values (92);
insert into administrador (legajo) values (93);
insert into administrador (legajo) values (94);
insert into administrador (legajo) values (95);
insert into administrador (legajo) values (96);
insert into administrador (legajo) values (97);
insert into administrador (legajo) values (98);
insert into administrador (legajo) values (99);
insert into administrador (legajo) values (100);


insert into empresa (cuit, razon_social, direccion) values ('34176149118', 'Stark, Abshire and Haley', '197 Hudson Terrace');
insert into empresa (cuit, razon_social, direccion) values ('34094474427', 'Hessel, Predovic and Dietrich', '28065 Schiller Alley');
insert into empresa (cuit, razon_social, direccion) values ('34-68863175-0', 'Nolan, Bogisich and Prosacco', '78731 Ryan Way');
insert into empresa (cuit, razon_social, direccion) values ('33-68825650-5', 'Adams LLC', '30065 Leroy Parkway');
insert into empresa (cuit, razon_social, direccion) values ('34-41400522-9', 'Bashirian-Haag', '76 Comanche Road');
insert into empresa (cuit, razon_social, direccion) values ('34-85512290-8', 'Schumm Inc', '30 Utah Circle');
insert into empresa (cuit, razon_social, direccion) values ('33-17165438-7', 'Pfannerstill-Gorczany', '04648 Garrison Plaza');
insert into empresa (cuit, razon_social, direccion) values ('34-01033475-2', 'Erdman LLC', '874 Memorial Crossing');
insert into empresa (cuit, razon_social, direccion) values ('34932488098', 'Bashirian, Welch and Rau', '95922 Union Street');
insert into empresa (cuit, razon_social, direccion) values ('34-00218293-6', 'Berge Group', '868 Melrose Trail');
insert into empresa (cuit, razon_social, direccion) values ('33006121836', 'Zulauf-Considine', '243 Ryan Park');
insert into empresa (cuit, razon_social, direccion) values ('33-09452420-5', 'Konopelski-Parisian', '16 Boyd Point');
insert into empresa (cuit, razon_social, direccion) values ('30-20738827-1', 'Sawayn Group', '3983 Holmberg Pass');
insert into empresa (cuit, razon_social, direccion) values ('33240037869', 'Connelly Group', '5779 Jay Trail');
insert into empresa (cuit, razon_social, direccion) values ('34480219175', 'Hagenes, Altenwerth and Trantow', '5544 Grasskamp Lane');
insert into empresa (cuit, razon_social, direccion) values ('30546457612', 'Bernhard-Dare', '07 Randy Point');
insert into empresa (cuit, razon_social, direccion) values ('34-72376186-7', 'Zemlak, Wehner and Murphy', '51 Everett Crossing');
insert into empresa (cuit, razon_social, direccion) values ('33157935371', 'Haag, Waters and Little', '3 Dixon Alley');
insert into empresa (cuit, razon_social, direccion) values ('33071450682', 'Batz, Purdy and Schuppe', '781 Golf Crossing');
insert into empresa (cuit, razon_social, direccion) values ('30-43489192-0', 'Howell-Simonis', '65527 Oakridge Circle');
insert into empresa (cuit, razon_social, direccion) values ('34-95629388-4', 'Greenholt, Brown and Sporer', '6 Paget Hill');
insert into empresa (cuit, razon_social, direccion) values ('34-45770144-8', 'Friesen Inc', '3629 Mayer Lane');
insert into empresa (cuit, razon_social, direccion) values ('30163285930', 'Veum LLC', '600 Anthes Pass');
insert into empresa (cuit, razon_social, direccion) values ('30-40190760-7', 'Lang-Wuckert', '70507 Kedzie Street');
insert into empresa (cuit, razon_social, direccion) values ('34861264039', 'Donnelly, Oberbrunner and Hackett', '9 Shoshone Drive');
insert into empresa (cuit, razon_social, direccion) values ('34099455780', 'Zboncak, Wyman and White', '163 Hazelcrest Parkway');
insert into empresa (cuit, razon_social, direccion) values ('34-50210560-0', 'Langworth-Moore', '426 Talmadge Way');
insert into empresa (cuit, razon_social, direccion) values ('34673904949', 'Johns LLC', '85041 Mariners Cove Plaza');
insert into empresa (cuit, razon_social, direccion) values ('34694063270', 'Crist, Kozey and Kassulke', '01 Butterfield Street');
insert into empresa (cuit, razon_social, direccion) values ('34-77867462-5', 'Gusikowski-Conn', '6 Bultman Trail');
insert into empresa (cuit, razon_social, direccion) values ('34774729906', 'Abernathy LLC', '750 Gina Terrace');
insert into empresa (cuit, razon_social, direccion) values ('33452338575', 'Macejkovic, Frami and Veum', '7 Morrow Crossing');
insert into empresa (cuit, razon_social, direccion) values ('34642564432', 'Shields Group', '960 Hoard Pass');
insert into empresa (cuit, razon_social, direccion) values ('33796333534', 'Watsica Group', '1 Kinsman Lane');
insert into empresa (cuit, razon_social, direccion) values ('34191441566', 'Ernser-Konopelski', '9495 Harper Terrace');
insert into empresa (cuit, razon_social, direccion) values ('34081098086', 'Flatley-Muller', '6 Butterfield Court');
insert into empresa (cuit, razon_social, direccion) values ('34-97029275-0', 'Graham, Mann and Schuster', '9 Roxbury Terrace');
insert into empresa (cuit, razon_social, direccion) values ('34662844483', 'Smith LLC', '992 Bonner Park');
insert into empresa (cuit, razon_social, direccion) values ('34526924822', 'Bayer-Dooley', '36613 Hudson Hill');
insert into empresa (cuit, razon_social, direccion) values ('30777037216', 'VonRueden, Sawayn and Steuber', '573 Graedel Place');
insert into empresa (cuit, razon_social, direccion) values ('34992630975', 'Lind LLC', '325 Nobel Way');
insert into empresa (cuit, razon_social, direccion) values ('34871965724', 'MacGyver Inc', '767 Paget Way');
insert into empresa (cuit, razon_social, direccion) values ('30226662435', 'Nikolaus and Sons', '4185 Jenna Plaza');
insert into empresa (cuit, razon_social, direccion) values ('34441012940', 'O''Kon Group', '42538 Chive Way');
insert into empresa (cuit, razon_social, direccion) values ('34284378395', 'Gulgowski Inc', '00009 Old Gate Junction');
insert into empresa (cuit, razon_social, direccion) values ('30-38520011-6', 'Cormier-Thiel', '420 Vahlen Way');
insert into empresa (cuit, razon_social, direccion) values ('30545886416', 'Bahringer-Hessel', '2 Dryden Way');
insert into empresa (cuit, razon_social, direccion) values ('34353696693', 'Jenkins LLC', '185 Charing Cross Alley');
insert into empresa (cuit, razon_social, direccion) values ('30383666589', 'Kozey Group', '26 Tennyson Trail');
insert into empresa (cuit, razon_social, direccion) values ('34-84463822-0', 'Adams, Kohler and Reynolds', '0 Forster Trail');
insert into empresa (cuit, razon_social, direccion) values ('33-48187145-3', 'Romaguera-Hegmann', '29 Summit Park');
insert into empresa (cuit, razon_social, direccion) values ('34-29412464-1', 'Lindgren LLC', '17223 Raven Point');
insert into empresa (cuit, razon_social, direccion) values ('34077757957', 'Kerluke-Botsford', '9557 Gina Crossing');
insert into empresa (cuit, razon_social, direccion) values ('30233519035', 'Medhurst and Sons', '3209 Pine View Center');
insert into empresa (cuit, razon_social, direccion) values ('33177553164', 'Hudson and Sons', '7 Comanche Court');
insert into empresa (cuit, razon_social, direccion) values ('30-44050128-9', 'Bartell and Sons', '8668 Brown Road');
insert into empresa (cuit, razon_social, direccion) values ('33663448407', 'Schultz-Berge', '1514 Becker Point');
insert into empresa (cuit, razon_social, direccion) values ('33071595216', 'Bernhard, Bergnaum and Zulauf', '63553 Sutherland Crossing');
insert into empresa (cuit, razon_social, direccion) values ('30-80160237-5', 'Crona Group', '2 Cardinal Court');
insert into empresa (cuit, razon_social, direccion) values ('34561008687', 'Marquardt and Sons', '4966 John Wall Lane');
insert into empresa (cuit, razon_social, direccion) values ('33-14465708-4', 'Macejkovic-Abbott', '244 Sachtjen Center');
insert into empresa (cuit, razon_social, direccion) values ('30521780732', 'Nicolas and Sons', '061 Walton Circle');
insert into empresa (cuit, razon_social, direccion) values ('30-48695232-4', 'Roob Inc', '2028 Talisman Way');
insert into empresa (cuit, razon_social, direccion) values ('34070778264', 'Morar-Gislason', '8069 Mifflin Point');
insert into empresa (cuit, razon_social, direccion) values ('30-32898299-1', 'Botsford, Rempel and Hessel', '556 Memorial Avenue');
insert into empresa (cuit, razon_social, direccion) values ('34840250888', 'Schulist, Conroy and Fay', '2 Knutson Hill');
insert into empresa (cuit, razon_social, direccion) values ('30-33631569-1', 'Morissette and Sons', '1 Hanover Trail');
insert into empresa (cuit, razon_social, direccion) values ('30774152872', 'Labadie, Crist and Wyman', '6797 Brown Pass');
insert into empresa (cuit, razon_social, direccion) values ('33-67662501-0', 'White, Torphy and Kiehn', '9 South Drive');
insert into empresa (cuit, razon_social, direccion) values ('34-60283065-1', 'Beier Inc', '7 Bunting Park');
insert into empresa (cuit, razon_social, direccion) values ('33470588176', 'Moore, Satterfield and Nikolaus', '91516 Center Drive');
insert into empresa (cuit, razon_social, direccion) values ('30936918409', 'Veum Inc', '40319 Lukken Trail');
insert into empresa (cuit, razon_social, direccion) values ('34476644037', 'Bayer, Schinner and Keeling', '3 Homewood Trail');
insert into empresa (cuit, razon_social, direccion) values ('30-08918048-9', 'Rosenbaum-Langosh', '21205 Sutteridge Pass');
insert into empresa (cuit, razon_social, direccion) values ('34658800707', 'Beer-Cronin', '6 Waywood Hill');
insert into empresa (cuit, razon_social, direccion) values ('33-96758750-3', 'Fritsch-Braun', '5039 Heath Court');
insert into empresa (cuit, razon_social, direccion) values ('34-81478409-6', 'MacGyver, Rippin and Douglas', '6 International Plaza');
insert into empresa (cuit, razon_social, direccion) values ('33-79593481-4', 'Littel and Sons', '9 Redwing Park');
insert into empresa (cuit, razon_social, direccion) values ('30-64006680-4', 'Schuster-Becker', '0801 Mesta Avenue');
insert into empresa (cuit, razon_social, direccion) values ('34062944285', 'Torphy Inc', '0 Beilfuss Place');
insert into empresa (cuit, razon_social, direccion) values ('34741767016', 'Mraz Group', '62 8th Trail');
insert into empresa (cuit, razon_social, direccion) values ('34469651350', 'Nicolas, Kessler and O''Connell', '861 Sachtjen Crossing');
insert into empresa (cuit, razon_social, direccion) values ('30692992172', 'Bartell-Schuppe', '59010 Mandrake Drive');
insert into empresa (cuit, razon_social, direccion) values ('34-01692998-4', 'Wyman, Altenwerth and Wisoky', '9428 Fulton Park');
insert into empresa (cuit, razon_social, direccion) values ('34-02310403-4', 'Davis and Sons', '56535 Crownhardt Center');
insert into empresa (cuit, razon_social, direccion) values ('34178609287', 'Strosin-Keeling', '56 Towne Plaza');
insert into empresa (cuit, razon_social, direccion) values ('33-59810738-6', 'Marks, Tromp and Schuster', '7 Moland Plaza');
insert into empresa (cuit, razon_social, direccion) values ('30-27080907-2', 'Kuvalis LLC', '366 Burning Wood Junction');
insert into empresa (cuit, razon_social, direccion) values ('33750482049', 'Hamill-Schulist', '3866 Thierer Trail');
insert into empresa (cuit, razon_social, direccion) values ('34228232944', 'McCullough Group', '8568 Surrey Plaza');
insert into empresa (cuit, razon_social, direccion) values ('30403039062', 'Johnson, Tromp and Halvorson', '27 2nd Court');
insert into empresa (cuit, razon_social, direccion) values ('30-49255805-7', 'Pollich Group', '02 Kinsman Park');
insert into empresa (cuit, razon_social, direccion) values ('34-45112908-6', 'O''Keefe Inc', '52 Hanson Hill');
insert into empresa (cuit, razon_social, direccion) values ('30-16724089-7', 'Goldner LLC', '13 Emmet Park');
insert into empresa (cuit, razon_social, direccion) values ('34-71947188-1', 'Boyer Inc', '00 Granby Alley');
insert into empresa (cuit, razon_social, direccion) values ('34-03288873-0', 'Bins-Nolan', '5028 Sycamore Lane');
insert into empresa (cuit, razon_social, direccion) values ('30-81222572-6', 'Lakin, Bechtelar and Rowe', '91358 Dixon Street');
insert into empresa (cuit, razon_social, direccion) values ('33953138693', 'Padberg-Jaskolski', '6153 Maryland Trail');
insert into empresa (cuit, razon_social, direccion) values ('34411388159', 'Dooley, Yundt and DuBuque', '41 Maple Wood Place');
insert into empresa (cuit, razon_social, direccion) values ('34014038736', 'Jerde, Kerluke and Treutel', '97670 Vernon Center');


insert into planta (id_planta, capacidad, disponibilidad) values (1, 6878, true);
insert into planta (id_planta, capacidad, disponibilidad) values (2, 5142, false);
insert into planta (id_planta, capacidad, disponibilidad) values (3, 8068, false);
insert into planta (id_planta, capacidad, disponibilidad) values (4, 8948, false);
insert into planta (id_planta, capacidad, disponibilidad) values (5, 5592, true);
insert into planta (id_planta, capacidad, disponibilidad) values (6, 6395, true);
insert into planta (id_planta, capacidad, disponibilidad) values (7, 6202, true);
insert into planta (id_planta, capacidad, disponibilidad) values (8, 1677, true);
insert into planta (id_planta, capacidad, disponibilidad) values (9, 4786, true);
insert into planta (id_planta, capacidad, disponibilidad) values (10, 4911, true);
insert into planta (id_planta, capacidad, disponibilidad) values (11, 5010, true);
insert into planta (id_planta, capacidad, disponibilidad) values (12, 2243, true);
insert into planta (id_planta, capacidad, disponibilidad) values (13, 9897, true);
insert into planta (id_planta, capacidad, disponibilidad) values (14, 8247, false);
insert into planta (id_planta, capacidad, disponibilidad) values (15, 1514, true);
insert into planta (id_planta, capacidad, disponibilidad) values (16, 2448, false);
insert into planta (id_planta, capacidad, disponibilidad) values (17, 9736, true);
insert into planta (id_planta, capacidad, disponibilidad) values (18, 8439, true);
insert into planta (id_planta, capacidad, disponibilidad) values (19, 7911, true);
insert into planta (id_planta, capacidad, disponibilidad) values (20, 8366, false);
insert into planta (id_planta, capacidad, disponibilidad) values (21, 1160, true);
insert into planta (id_planta, capacidad, disponibilidad) values (22, 6232, true);
insert into planta (id_planta, capacidad, disponibilidad) values (23, 5800, false);
insert into planta (id_planta, capacidad, disponibilidad) values (24, 1272, false);
insert into planta (id_planta, capacidad, disponibilidad) values (25, 6690, true);
insert into planta (id_planta, capacidad, disponibilidad) values (26, 6454, true);
insert into planta (id_planta, capacidad, disponibilidad) values (27, 2460, false);
insert into planta (id_planta, capacidad, disponibilidad) values (28, 1714, true);
insert into planta (id_planta, capacidad, disponibilidad) values (29, 8118, false);
insert into planta (id_planta, capacidad, disponibilidad) values (30, 8832, true);
insert into planta (id_planta, capacidad, disponibilidad) values (31, 2492, false);
insert into planta (id_planta, capacidad, disponibilidad) values (32, 7331, false);
insert into planta (id_planta, capacidad, disponibilidad) values (33, 1718, false);
insert into planta (id_planta, capacidad, disponibilidad) values (34, 9563, false);
insert into planta (id_planta, capacidad, disponibilidad) values (35, 3295, false);
insert into planta (id_planta, capacidad, disponibilidad) values (36, 6518, true);
insert into planta (id_planta, capacidad, disponibilidad) values (37, 5665, false);
insert into planta (id_planta, capacidad, disponibilidad) values (38, 4518, false);
insert into planta (id_planta, capacidad, disponibilidad) values (39, 8685, true);
insert into planta (id_planta, capacidad, disponibilidad) values (40, 2180, false);
insert into planta (id_planta, capacidad, disponibilidad) values (41, 1027, true);
insert into planta (id_planta, capacidad, disponibilidad) values (42, 7176, true);
insert into planta (id_planta, capacidad, disponibilidad) values (43, 5158, true);
insert into planta (id_planta, capacidad, disponibilidad) values (44, 1265, false);
insert into planta (id_planta, capacidad, disponibilidad) values (45, 8915, false);
insert into planta (id_planta, capacidad, disponibilidad) values (46, 9986, true);
insert into planta (id_planta, capacidad, disponibilidad) values (47, 5838, false);
insert into planta (id_planta, capacidad, disponibilidad) values (48, 5507, true);
insert into planta (id_planta, capacidad, disponibilidad) values (49, 8531, false);
insert into planta (id_planta, capacidad, disponibilidad) values (50, 7585, true);
insert into planta (id_planta, capacidad, disponibilidad) values (51, 4072, true);
insert into planta (id_planta, capacidad, disponibilidad) values (52, 4666, false);
insert into planta (id_planta, capacidad, disponibilidad) values (53, 9635, true);
insert into planta (id_planta, capacidad, disponibilidad) values (54, 1891, true);
insert into planta (id_planta, capacidad, disponibilidad) values (55, 2169, true);
insert into planta (id_planta, capacidad, disponibilidad) values (56, 9478, false);
insert into planta (id_planta, capacidad, disponibilidad) values (57, 2772, true);
insert into planta (id_planta, capacidad, disponibilidad) values (58, 7691, false);
insert into planta (id_planta, capacidad, disponibilidad) values (59, 7927, true);
insert into planta (id_planta, capacidad, disponibilidad) values (60, 8900, false);
insert into planta (id_planta, capacidad, disponibilidad) values (61, 8003, false);
insert into planta (id_planta, capacidad, disponibilidad) values (62, 7665, false);
insert into planta (id_planta, capacidad, disponibilidad) values (63, 5759, true);
insert into planta (id_planta, capacidad, disponibilidad) values (64, 9298, true);
insert into planta (id_planta, capacidad, disponibilidad) values (65, 1850, false);
insert into planta (id_planta, capacidad, disponibilidad) values (66, 5870, false);
insert into planta (id_planta, capacidad, disponibilidad) values (67, 3100, true);
insert into planta (id_planta, capacidad, disponibilidad) values (68, 1939, false);
insert into planta (id_planta, capacidad, disponibilidad) values (69, 4727, true);
insert into planta (id_planta, capacidad, disponibilidad) values (70, 4717, false);
insert into planta (id_planta, capacidad, disponibilidad) values (71, 5045, false);
insert into planta (id_planta, capacidad, disponibilidad) values (72, 3650, true);
insert into planta (id_planta, capacidad, disponibilidad) values (73, 2724, false);
insert into planta (id_planta, capacidad, disponibilidad) values (74, 9980, true);
insert into planta (id_planta, capacidad, disponibilidad) values (75, 7488, true);
insert into planta (id_planta, capacidad, disponibilidad) values (76, 1572, false);
insert into planta (id_planta, capacidad, disponibilidad) values (77, 9068, false);
insert into planta (id_planta, capacidad, disponibilidad) values (78, 6107, false);
insert into planta (id_planta, capacidad, disponibilidad) values (79, 6349, false);
insert into planta (id_planta, capacidad, disponibilidad) values (80, 9706, false);
insert into planta (id_planta, capacidad, disponibilidad) values (81, 3987, true);
insert into planta (id_planta, capacidad, disponibilidad) values (82, 6169, false);
insert into planta (id_planta, capacidad, disponibilidad) values (83, 8028, true);
insert into planta (id_planta, capacidad, disponibilidad) values (84, 5920, true);
insert into planta (id_planta, capacidad, disponibilidad) values (85, 2397, true);
insert into planta (id_planta, capacidad, disponibilidad) values (86, 8361, true);
insert into planta (id_planta, capacidad, disponibilidad) values (87, 6011, true);
insert into planta (id_planta, capacidad, disponibilidad) values (88, 4973, false);
insert into planta (id_planta, capacidad, disponibilidad) values (89, 9343, false);
insert into planta (id_planta, capacidad, disponibilidad) values (90, 2068, true);
insert into planta (id_planta, capacidad, disponibilidad) values (91, 8508, true);
insert into planta (id_planta, capacidad, disponibilidad) values (92, 1152, false);
insert into planta (id_planta, capacidad, disponibilidad) values (93, 5497, false);
insert into planta (id_planta, capacidad, disponibilidad) values (94, 3030, true);
insert into planta (id_planta, capacidad, disponibilidad) values (95, 9676, true);
insert into planta (id_planta, capacidad, disponibilidad) values (96, 5358, false);
insert into planta (id_planta, capacidad, disponibilidad) values (97, 3604, true);
insert into planta (id_planta, capacidad, disponibilidad) values (98, 4627, true);
insert into planta (id_planta, capacidad, disponibilidad) values (99, 6697, false);
insert into planta (id_planta, capacidad, disponibilidad) values (100, 6403, false);


insert into alquiler (id_alquiler, legajo, cuit, fecha_inicio, fecha_fin) values (1, 100, '30-80160237-5', '2016-03-21', '2020-08-04');
insert into alquiler (id_alquiler, legajo, cuit, fecha_inicio, fecha_fin) values (2, 97, '34861264039', '2018-06-06', '2020-05-10');
insert into alquiler (id_alquiler, legajo, cuit, fecha_inicio, fecha_fin) values (3, 99, '30-38520011-6', '2018-07-31', '2020-09-25');
insert into alquiler (id_alquiler, legajo, cuit, fecha_inicio, fecha_fin) values (4, 90, '34191441566', '2015-07-15', '2020-06-02');
insert into alquiler (id_alquiler, legajo, cuit, fecha_inicio, fecha_fin) values (5, 94, '34469651350', '2019-10-03', '2020-04-21');
insert into alquiler (id_alquiler, legajo, cuit, fecha_inicio, fecha_fin) values (6, 96, '33953138693', '2015-03-08', '2020-09-27');
insert into alquiler (id_alquiler, legajo, cuit, fecha_inicio, fecha_fin) values (7, 99, '34081098086', '2019-01-22', '2020-07-30');
insert into alquiler (id_alquiler, legajo, cuit, fecha_inicio, fecha_fin) values (8, 90, '30-20738827-1', '2016-09-07', '2020-01-28');
insert into alquiler (id_alquiler, legajo, cuit, fecha_inicio, fecha_fin) values (9, 97, '34861264039', '2019-06-24', '2020-03-07');
insert into alquiler (id_alquiler, legajo, cuit, fecha_inicio, fecha_fin) values (10, 97, '34441012940', '2016-10-17', '2020-04-14');
insert into alquiler (id_alquiler, legajo, cuit, fecha_inicio, fecha_fin) values (11, 92, '34014038736', '2019-07-13', '2020-05-05');
insert into alquiler (id_alquiler, legajo, cuit, fecha_inicio, fecha_fin) values (12, 91, '30-43489192-0', '2018-10-07', '2020-04-20');
insert into alquiler (id_alquiler, legajo, cuit, fecha_inicio, fecha_fin) values (13, 97, '30-08918048-9', '2015-10-12', '2020-02-20');
insert into alquiler (id_alquiler, legajo, cuit, fecha_inicio, fecha_fin) values (14, 99, '33470588176', '2018-10-07', '2020-09-06');
insert into alquiler (id_alquiler, legajo, cuit, fecha_inicio, fecha_fin) values (15, 91, '34-01692998-4', '2017-12-31', '2020-06-16');
insert into alquiler (id_alquiler, legajo, cuit, fecha_inicio, fecha_fin) values (16, 99, '34-77867462-5', '2016-07-17', '2020-04-13');
insert into alquiler (id_alquiler, legajo, cuit, fecha_inicio, fecha_fin) values (17, 91, '34353696693', '2019-09-04', '2020-03-28');
insert into alquiler (id_alquiler, legajo, cuit, fecha_inicio, fecha_fin) values (18, 95, '30692992172', '2017-10-22', '2020-03-31');
insert into alquiler (id_alquiler, legajo, cuit, fecha_inicio, fecha_fin) values (19, 97, '34081098086', '2017-07-31', '2020-03-18');
insert into alquiler (id_alquiler, legajo, cuit, fecha_inicio, fecha_fin) values (20, 95, '34992630975', '2016-03-12', '2020-06-12');
insert into alquiler (id_alquiler, legajo, cuit, fecha_inicio, fecha_fin) values (21, 97, '34094474427', '2017-02-02', '2020-02-02');
insert into alquiler (id_alquiler, legajo, cuit, fecha_inicio, fecha_fin) values (22, 99, '34-72376186-7', '2019-10-08', '2020-06-08');
insert into alquiler (id_alquiler, legajo, cuit, fecha_inicio, fecha_fin) values (23, 94, '34-95629388-4', '2019-05-05', '2020-01-27');
insert into alquiler (id_alquiler, legajo, cuit, fecha_inicio, fecha_fin) values (24, 100, '34-68863175-0', '2016-01-19', '2020-04-04');
insert into alquiler (id_alquiler, legajo, cuit, fecha_inicio, fecha_fin) values (25, 96, '30-38520011-6', '2017-05-05', '2020-06-28');
insert into alquiler (id_alquiler, legajo, cuit, fecha_inicio, fecha_fin) values (26, 96, '34774729906', '2019-02-06', '2020-09-05');
insert into alquiler (id_alquiler, legajo, cuit, fecha_inicio, fecha_fin) values (27, 91, '34673904949', '2017-05-18', '2020-02-13');
insert into alquiler (id_alquiler, legajo, cuit, fecha_inicio, fecha_fin) values (28, 91, '34-41400522-9', '2015-07-11', '2020-06-04');
insert into alquiler (id_alquiler, legajo, cuit, fecha_inicio, fecha_fin) values (29, 98, '34353696693', '2015-11-16', '2020-08-22');
insert into alquiler (id_alquiler, legajo, cuit, fecha_inicio, fecha_fin) values (30, 96, '33663448407', '2019-09-26', '2020-06-29');
insert into alquiler (id_alquiler, legajo, cuit, fecha_inicio, fecha_fin) values (31, 91, '33177553164', '2018-01-12', '2020-01-31');
insert into alquiler (id_alquiler, legajo, cuit, fecha_inicio, fecha_fin) values (32, 91, '30-44050128-9', '2015-11-09', '2020-04-21');
insert into alquiler (id_alquiler, legajo, cuit, fecha_inicio, fecha_fin) values (33, 90, '34191441566', '2015-12-21', '2020-08-29');
insert into alquiler (id_alquiler, legajo, cuit, fecha_inicio, fecha_fin) values (34, 91, '34658800707', '2018-02-12', '2020-07-24');
insert into alquiler (id_alquiler, legajo, cuit, fecha_inicio, fecha_fin) values (35, 98, '30692992172', '2019-09-18', '2020-06-20');
insert into alquiler (id_alquiler, legajo, cuit, fecha_inicio, fecha_fin) values (36, 100, '30-40190760-7', '2017-03-18', '2020-04-02');
insert into alquiler (id_alquiler, legajo, cuit, fecha_inicio, fecha_fin) values (37, 91, '34228232944', '2017-10-13', '2020-02-12');
insert into alquiler (id_alquiler, legajo, cuit, fecha_inicio, fecha_fin) values (38, 95, '34-45770144-8', '2015-11-09', '2020-06-07');
insert into alquiler (id_alquiler, legajo, cuit, fecha_inicio, fecha_fin) values (39, 99, '30-38520011-6', '2016-11-28', '2020-07-21');
insert into alquiler (id_alquiler, legajo, cuit, fecha_inicio, fecha_fin) values (40, 90, '34-68863175-0', '2015-06-14', '2020-05-31');
insert into alquiler (id_alquiler, legajo, cuit, fecha_inicio, fecha_fin) values (41, 100, '30521780732', '2019-04-17', '2020-02-08');
insert into alquiler (id_alquiler, legajo, cuit, fecha_inicio, fecha_fin) values (42, 100, '34-77867462-5', '2018-11-11', '2020-08-07');
insert into alquiler (id_alquiler, legajo, cuit, fecha_inicio, fecha_fin) values (43, 92, '33-09452420-5', '2015-12-30', '2020-03-08');
insert into alquiler (id_alquiler, legajo, cuit, fecha_inicio, fecha_fin) values (44, 92, '34441012940', '2019-11-18', '2020-03-30');
insert into alquiler (id_alquiler, legajo, cuit, fecha_inicio, fecha_fin) values (45, 91, '34871965724', '2015-02-11', '2020-08-25');
insert into alquiler (id_alquiler, legajo, cuit, fecha_inicio, fecha_fin) values (46, 96, '34-85512290-8', '2016-07-16', '2020-01-18');
insert into alquiler (id_alquiler, legajo, cuit, fecha_inicio, fecha_fin) values (47, 94, '30383666589', '2017-01-06', '2020-06-02');
insert into alquiler (id_alquiler, legajo, cuit, fecha_inicio, fecha_fin) values (48, 98, '34441012940', '2017-08-26', '2020-02-13');
insert into alquiler (id_alquiler, legajo, cuit, fecha_inicio, fecha_fin) values (49, 94, '34662844483', '2019-03-09', '2020-09-08');
insert into alquiler (id_alquiler, legajo, cuit, fecha_inicio, fecha_fin) values (50, 92, '33452338575', '2016-01-14', '2020-02-24');
insert into alquiler (id_alquiler, legajo, cuit, fecha_inicio, fecha_fin) values (51, 99, '30163285930', '2019-02-16', '2020-05-29');
insert into alquiler (id_alquiler, legajo, cuit, fecha_inicio, fecha_fin) values (52, 99, '34469651350', '2018-02-15', '2020-01-05');
insert into alquiler (id_alquiler, legajo, cuit, fecha_inicio, fecha_fin) values (53, 96, '34099455780', '2016-01-11', '2020-07-03');
insert into alquiler (id_alquiler, legajo, cuit, fecha_inicio, fecha_fin) values (54, 100, '30163285930', '2019-06-01', '2020-09-18');
insert into alquiler (id_alquiler, legajo, cuit, fecha_inicio, fecha_fin) values (55, 94, '30-64006680-4', '2017-03-09', '2020-04-04');
insert into alquiler (id_alquiler, legajo, cuit, fecha_inicio, fecha_fin) values (56, 92, '30-43489192-0', '2016-01-13', '2020-03-10');
insert into alquiler (id_alquiler, legajo, cuit, fecha_inicio, fecha_fin) values (57, 98, '34871965724', '2017-10-26', '2020-03-16');
insert into alquiler (id_alquiler, legajo, cuit, fecha_inicio, fecha_fin) values (58, 90, '33796333534', '2017-06-22', '2020-07-18');
insert into alquiler (id_alquiler, legajo, cuit, fecha_inicio, fecha_fin) values (59, 90, '34476644037', '2019-12-02', '2020-05-18');
insert into alquiler (id_alquiler, legajo, cuit, fecha_inicio, fecha_fin) values (60, 90, '33157935371', '2017-04-26', '2020-09-23');
insert into alquiler (id_alquiler, legajo, cuit, fecha_inicio, fecha_fin) values (61, 100, '34-71947188-1', '2019-04-09', '2020-01-19');
insert into alquiler (id_alquiler, legajo, cuit, fecha_inicio, fecha_fin) values (62, 100, '34-77867462-5', '2015-10-15', '2020-02-19');
insert into alquiler (id_alquiler, legajo, cuit, fecha_inicio, fecha_fin) values (63, 100, '34-72376186-7', '2019-08-14', '2020-03-06');
insert into alquiler (id_alquiler, legajo, cuit, fecha_inicio, fecha_fin) values (64, 93, '34774729906', '2017-11-22', '2020-07-20');
insert into alquiler (id_alquiler, legajo, cuit, fecha_inicio, fecha_fin) values (65, 92, '34-77867462-5', '2017-04-26', '2020-06-07');
insert into alquiler (id_alquiler, legajo, cuit, fecha_inicio, fecha_fin) values (66, 99, '34-71947188-1', '2019-08-02', '2020-06-20');
insert into alquiler (id_alquiler, legajo, cuit, fecha_inicio, fecha_fin) values (67, 90, '34658800707', '2015-05-02', '2020-06-16');
insert into alquiler (id_alquiler, legajo, cuit, fecha_inicio, fecha_fin) values (68, 97, '34476644037', '2018-08-14', '2020-07-23');
insert into alquiler (id_alquiler, legajo, cuit, fecha_inicio, fecha_fin) values (69, 98, '33-67662501-0', '2016-01-14', '2020-03-12');
insert into alquiler (id_alquiler, legajo, cuit, fecha_inicio, fecha_fin) values (70, 90, '30-32898299-1', '2015-03-22', '2020-03-31');
insert into alquiler (id_alquiler, legajo, cuit, fecha_inicio, fecha_fin) values (71, 98, '34642564432', '2019-03-30', '2020-08-19');
insert into alquiler (id_alquiler, legajo, cuit, fecha_inicio, fecha_fin) values (72, 91, '30-16724089-7', '2017-12-05', '2020-05-12');
insert into alquiler (id_alquiler, legajo, cuit, fecha_inicio, fecha_fin) values (73, 93, '33177553164', '2016-08-21', '2020-02-13');
insert into alquiler (id_alquiler, legajo, cuit, fecha_inicio, fecha_fin) values (74, 94, '30521780732', '2016-08-05', '2020-08-30');
insert into alquiler (id_alquiler, legajo, cuit, fecha_inicio, fecha_fin) values (75, 92, '34476644037', '2018-09-03', '2020-02-09');
insert into alquiler (id_alquiler, legajo, cuit, fecha_inicio, fecha_fin) values (76, 96, '34-45112908-6', '2019-07-01', '2020-08-17');
insert into alquiler (id_alquiler, legajo, cuit, fecha_inicio, fecha_fin) values (77, 95, '33-79593481-4', '2017-12-07', '2020-07-26');
insert into alquiler (id_alquiler, legajo, cuit, fecha_inicio, fecha_fin) values (78, 100, '30936918409', '2018-01-28', '2020-06-15');
insert into alquiler (id_alquiler, legajo, cuit, fecha_inicio, fecha_fin) values (79, 93, '34-71947188-1', '2019-11-21', '2020-03-18');
insert into alquiler (id_alquiler, legajo, cuit, fecha_inicio, fecha_fin) values (80, 93, '30-49255805-7', '2018-06-25', '2020-07-17');
insert into alquiler (id_alquiler, legajo, cuit, fecha_inicio, fecha_fin) values (81, 100, '33-48187145-3', '2016-06-19', '2020-09-27');
insert into alquiler (id_alquiler, legajo, cuit, fecha_inicio, fecha_fin) values (82, 94, '34-68863175-0', '2018-08-27', '2020-07-29');
insert into alquiler (id_alquiler, legajo, cuit, fecha_inicio, fecha_fin) values (83, 97, '34840250888', '2015-08-22', '2020-01-07');
insert into alquiler (id_alquiler, legajo, cuit, fecha_inicio, fecha_fin) values (84, 92, '33750482049', '2018-01-05', '2020-02-14');
insert into alquiler (id_alquiler, legajo, cuit, fecha_inicio, fecha_fin) values (85, 100, '30521780732', '2016-03-16', '2020-06-11');
insert into alquiler (id_alquiler, legajo, cuit, fecha_inicio, fecha_fin) values (86, 90, '33796333534', '2019-09-28', '2020-02-05');
insert into alquiler (id_alquiler, legajo, cuit, fecha_inicio, fecha_fin) values (87, 91, '33157935371', '2015-04-21', '2020-09-11');
insert into alquiler (id_alquiler, legajo, cuit, fecha_inicio, fecha_fin) values (88, 90, '34861264039', '2019-05-31', '2020-01-18');
insert into alquiler (id_alquiler, legajo, cuit, fecha_inicio, fecha_fin) values (89, 98, '34284378395', '2017-03-16', '2020-06-01');
insert into alquiler (id_alquiler, legajo, cuit, fecha_inicio, fecha_fin) values (90, 91, '34441012940', '2017-10-02', '2020-01-30');
insert into alquiler (id_alquiler, legajo, cuit, fecha_inicio, fecha_fin) values (91, 96, '33663448407', '2015-04-29', '2020-04-25');
insert into alquiler (id_alquiler, legajo, cuit, fecha_inicio, fecha_fin) values (92, 90, '30-32898299-1', '2018-01-26', '2020-09-29');
insert into alquiler (id_alquiler, legajo, cuit, fecha_inicio, fecha_fin) values (93, 92, '34694063270', '2019-12-21', '2020-04-06');
insert into alquiler (id_alquiler, legajo, cuit, fecha_inicio, fecha_fin) values (94, 100, '33157935371', '2018-02-25', '2020-08-30');
insert into alquiler (id_alquiler, legajo, cuit, fecha_inicio, fecha_fin) values (95, 97, '34176149118', '2018-05-30', '2020-05-01');
insert into alquiler (id_alquiler, legajo, cuit, fecha_inicio, fecha_fin) values (96, 95, '34077757957', '2017-10-15', '2020-06-08');
insert into alquiler (id_alquiler, legajo, cuit, fecha_inicio, fecha_fin) values (97, 91, '33953138693', '2015-04-30', '2020-01-06');
insert into alquiler (id_alquiler, legajo, cuit, fecha_inicio, fecha_fin) values (98, 97, '30-40190760-7', '2015-09-13', '2020-03-06');
insert into alquiler (id_alquiler, legajo, cuit, fecha_inicio, fecha_fin) values (99, 90, '34861264039', '2015-10-01', '2020-07-24');
insert into alquiler (id_alquiler, legajo, cuit, fecha_inicio, fecha_fin) values (100, 93, '33953138693', '2017-02-24', '2020-09-14');


insert into tiene (id_planta, id_alquiler, fecha) values (1, 1, '2020-08-31');
insert into tiene (id_planta, id_alquiler, fecha) values (2, 2, '2020-05-22');
insert into tiene (id_planta, id_alquiler, fecha) values (3, 3, '2020-04-11');
insert into tiene (id_planta, id_alquiler, fecha) values (4, 4, '2020-01-13');
insert into tiene (id_planta, id_alquiler, fecha) values (5, 5, '2019-05-23');
insert into tiene (id_planta, id_alquiler, fecha) values (6, 6, '2019-09-30');
insert into tiene (id_planta, id_alquiler, fecha) values (7, 7, '2019-06-23');
insert into tiene (id_planta, id_alquiler, fecha) values (8, 8, '2019-05-27');
insert into tiene (id_planta, id_alquiler, fecha) values (9, 9, '2019-09-25');
insert into tiene (id_planta, id_alquiler, fecha) values (10, 10, '2020-01-10');
insert into tiene (id_planta, id_alquiler, fecha) values (11, 11, '2020-08-25');
insert into tiene (id_planta, id_alquiler, fecha) values (12, 12, '2020-04-11');
insert into tiene (id_planta, id_alquiler, fecha) values (13, 13, '2020-08-22');
insert into tiene (id_planta, id_alquiler, fecha) values (14, 14, '2019-10-12');
insert into tiene (id_planta, id_alquiler, fecha) values (15, 15, '2019-09-06');
insert into tiene (id_planta, id_alquiler, fecha) values (16, 16, '2020-05-17');
insert into tiene (id_planta, id_alquiler, fecha) values (17, 17, '2020-05-14');
insert into tiene (id_planta, id_alquiler, fecha) values (18, 18, '2020-02-18');
insert into tiene (id_planta, id_alquiler, fecha) values (19, 19, '2019-01-22');
insert into tiene (id_planta, id_alquiler, fecha) values (20, 20, '2019-05-25');
insert into tiene (id_planta, id_alquiler, fecha) values (21, 21, '2019-09-17');
insert into tiene (id_planta, id_alquiler, fecha) values (22, 22, '2019-05-12');
insert into tiene (id_planta, id_alquiler, fecha) values (23, 23, '2019-06-15');
insert into tiene (id_planta, id_alquiler, fecha) values (24, 24, '2020-06-09');
insert into tiene (id_planta, id_alquiler, fecha) values (25, 25, '2019-10-07');
insert into tiene (id_planta, id_alquiler, fecha) values (26, 26, '2020-08-15');
insert into tiene (id_planta, id_alquiler, fecha) values (27, 27, '2020-08-06');
insert into tiene (id_planta, id_alquiler, fecha) values (28, 28, '2020-01-06');
insert into tiene (id_planta, id_alquiler, fecha) values (29, 29, '2020-06-21');
insert into tiene (id_planta, id_alquiler, fecha) values (30, 30, '2019-12-20');
insert into tiene (id_planta, id_alquiler, fecha) values (31, 31, '2020-09-02');
insert into tiene (id_planta, id_alquiler, fecha) values (32, 32, '2020-09-28');
insert into tiene (id_planta, id_alquiler, fecha) values (33, 33, '2019-03-04');
insert into tiene (id_planta, id_alquiler, fecha) values (34, 34, '2020-02-22');
insert into tiene (id_planta, id_alquiler, fecha) values (35, 35, '2019-03-05');
insert into tiene (id_planta, id_alquiler, fecha) values (36, 36, '2019-02-14');
insert into tiene (id_planta, id_alquiler, fecha) values (37, 37, '2020-06-02');
insert into tiene (id_planta, id_alquiler, fecha) values (38, 38, '2019-07-08');
insert into tiene (id_planta, id_alquiler, fecha) values (39, 39, '2019-04-12');
insert into tiene (id_planta, id_alquiler, fecha) values (40, 40, '2020-04-19');
insert into tiene (id_planta, id_alquiler, fecha) values (41, 41, '2020-01-30');
insert into tiene (id_planta, id_alquiler, fecha) values (42, 42, '2019-09-18');
insert into tiene (id_planta, id_alquiler, fecha) values (43, 43, '2019-07-23');
insert into tiene (id_planta, id_alquiler, fecha) values (44, 44, '2020-04-23');
insert into tiene (id_planta, id_alquiler, fecha) values (45, 45, '2020-02-09');
insert into tiene (id_planta, id_alquiler, fecha) values (46, 46, '2020-09-07');
insert into tiene (id_planta, id_alquiler, fecha) values (47, 47, '2019-08-08');
insert into tiene (id_planta, id_alquiler, fecha) values (48, 48, '2019-02-05');
insert into tiene (id_planta, id_alquiler, fecha) values (49, 49, '2020-07-14');
insert into tiene (id_planta, id_alquiler, fecha) values (50, 50, '2020-08-16');
insert into tiene (id_planta, id_alquiler, fecha) values (51, 51, '2019-10-12');
insert into tiene (id_planta, id_alquiler, fecha) values (52, 52, '2019-07-29');
insert into tiene (id_planta, id_alquiler, fecha) values (53, 53, '2019-02-14');
insert into tiene (id_planta, id_alquiler, fecha) values (54, 54, '2019-04-25');
insert into tiene (id_planta, id_alquiler, fecha) values (55, 55, '2020-07-01');
insert into tiene (id_planta, id_alquiler, fecha) values (56, 56, '2020-06-01');
insert into tiene (id_planta, id_alquiler, fecha) values (57, 57, '2020-01-18');
insert into tiene (id_planta, id_alquiler, fecha) values (58, 58, '2020-04-13');
insert into tiene (id_planta, id_alquiler, fecha) values (59, 59, '2020-03-08');
insert into tiene (id_planta, id_alquiler, fecha) values (60, 60, '2019-03-17');
insert into tiene (id_planta, id_alquiler, fecha) values (61, 61, '2019-05-08');
insert into tiene (id_planta, id_alquiler, fecha) values (62, 62, '2020-08-14');
insert into tiene (id_planta, id_alquiler, fecha) values (63, 63, '2020-09-14');
insert into tiene (id_planta, id_alquiler, fecha) values (64, 64, '2019-02-10');
insert into tiene (id_planta, id_alquiler, fecha) values (65, 65, '2019-07-12');
insert into tiene (id_planta, id_alquiler, fecha) values (66, 66, '2019-11-20');
insert into tiene (id_planta, id_alquiler, fecha) values (67, 67, '2020-01-04');
insert into tiene (id_planta, id_alquiler, fecha) values (68, 68, '2020-09-18');
insert into tiene (id_planta, id_alquiler, fecha) values (69, 69, '2019-09-19');
insert into tiene (id_planta, id_alquiler, fecha) values (70, 70, '2019-06-04');
insert into tiene (id_planta, id_alquiler, fecha) values (71, 71, '2019-09-25');
insert into tiene (id_planta, id_alquiler, fecha) values (72, 72, '2020-04-11');
insert into tiene (id_planta, id_alquiler, fecha) values (73, 73, '2020-03-07');
insert into tiene (id_planta, id_alquiler, fecha) values (74, 74, '2019-01-23');
insert into tiene (id_planta, id_alquiler, fecha) values (75, 75, '2019-04-19');
insert into tiene (id_planta, id_alquiler, fecha) values (76, 76, '2019-02-17');
insert into tiene (id_planta, id_alquiler, fecha) values (77, 77, '2020-03-02');
insert into tiene (id_planta, id_alquiler, fecha) values (78, 78, '2020-02-24');
insert into tiene (id_planta, id_alquiler, fecha) values (79, 79, '2019-01-29');
insert into tiene (id_planta, id_alquiler, fecha) values (80, 80, '2019-02-02');
insert into tiene (id_planta, id_alquiler, fecha) values (81, 81, '2019-10-11');
insert into tiene (id_planta, id_alquiler, fecha) values (82, 82, '2019-03-23');
insert into tiene (id_planta, id_alquiler, fecha) values (83, 83, '2019-05-22');
insert into tiene (id_planta, id_alquiler, fecha) values (84, 84, '2020-06-04');
insert into tiene (id_planta, id_alquiler, fecha) values (85, 85, '2020-03-18');
insert into tiene (id_planta, id_alquiler, fecha) values (86, 86, '2019-09-28');
insert into tiene (id_planta, id_alquiler, fecha) values (87, 87, '2019-06-15');
insert into tiene (id_planta, id_alquiler, fecha) values (88, 88, '2019-12-30');
insert into tiene (id_planta, id_alquiler, fecha) values (89, 89, '2020-06-23');
insert into tiene (id_planta, id_alquiler, fecha) values (90, 90, '2020-01-29');
insert into tiene (id_planta, id_alquiler, fecha) values (91, 91, '2019-01-22');
insert into tiene (id_planta, id_alquiler, fecha) values (92, 92, '2020-06-17');
insert into tiene (id_planta, id_alquiler, fecha) values (93, 93, '2019-10-13');
insert into tiene (id_planta, id_alquiler, fecha) values (94, 94, '2019-02-22');
insert into tiene (id_planta, id_alquiler, fecha) values (95, 95, '2020-06-27');
insert into tiene (id_planta, id_alquiler, fecha) values (96, 96, '2020-01-14');
insert into tiene (id_planta, id_alquiler, fecha) values (97, 97, '2020-05-19');
insert into tiene (id_planta, id_alquiler, fecha) values (98, 98, '2020-01-11');
insert into tiene (id_planta, id_alquiler, fecha) values (99, 99, '2019-03-07');
insert into tiene (id_planta, id_alquiler, fecha) values (100, 100, '2020-03-20');


insert into factura (id_factura, fecha, monto, cuit, id_alquiler) values (1, '2020-01-04', 52930.91, '33006121836', 1);
insert into factura (id_factura, fecha, monto, cuit, id_alquiler) values (2, '2019-10-01', 31471.03, '33452338575', 2);
insert into factura (id_factura, fecha, monto, cuit, id_alquiler) values (3, '2019-11-09', 89419.64, '34-72376186-7', 3);
insert into factura (id_factura, fecha, monto, cuit, id_alquiler) values (4, '2020-05-28', 94603.71, '34741767016', 4);
insert into factura (id_factura, fecha, monto, cuit, id_alquiler) values (5, '2019-12-09', 70898.87, '34-81478409-6', 5);
insert into factura (id_factura, fecha, monto, cuit, id_alquiler) values (6, '2020-08-13', 59185.22, '33071595216', 6);
insert into factura (id_factura, fecha, monto, cuit, id_alquiler) values (7, '2020-06-26', 44325.27, '33-68825650-5', 7);
insert into factura (id_factura, fecha, monto, cuit, id_alquiler) values (8, '2020-03-20', 45099.22, '33006121836', 8);
insert into factura (id_factura, fecha, monto, cuit, id_alquiler) values (9, '2020-08-27', 30263.19, '33-14465708-4', 9);
insert into factura (id_factura, fecha, monto, cuit, id_alquiler) values (10, '2020-03-13', 42801.48, '34-72376186-7', 10);
insert into factura (id_factura, fecha, monto, cuit, id_alquiler) values (11, '2020-07-16', 96692.58, '34741767016', 11);
insert into factura (id_factura, fecha, monto, cuit, id_alquiler) values (12, '2020-01-05', 66509.22, '34284378395', 12);
insert into factura (id_factura, fecha, monto, cuit, id_alquiler) values (13, '2020-09-27', 30610.04, '34-29412464-1', 13);
insert into factura (id_factura, fecha, monto, cuit, id_alquiler) values (14, '2020-09-06', 86376.37, '30-38520011-6', 14);
insert into factura (id_factura, fecha, monto, cuit, id_alquiler) values (15, '2020-04-03', 36717.59, '30163285930', 15);
insert into factura (id_factura, fecha, monto, cuit, id_alquiler) values (16, '2019-11-09', 11547.17, '34441012940', 16);
insert into factura (id_factura, fecha, monto, cuit, id_alquiler) values (17, '2020-06-06', 49679.36, '33663448407', 17);
insert into factura (id_factura, fecha, monto, cuit, id_alquiler) values (18, '2020-07-24', 51009.78, '34694063270', 18);
insert into factura (id_factura, fecha, monto, cuit, id_alquiler) values (19, '2020-01-18', 83395.49, '34411388159', 19);
insert into factura (id_factura, fecha, monto, cuit, id_alquiler) values (20, '2020-01-07', 51322.39, '33-67662501-0', 20);
insert into factura (id_factura, fecha, monto, cuit, id_alquiler) values (21, '2019-10-29', 61555.18, '34191441566', 21);
insert into factura (id_factura, fecha, monto, cuit, id_alquiler) values (22, '2020-04-10', 64507.88, '34561008687', 22);
insert into factura (id_factura, fecha, monto, cuit, id_alquiler) values (23, '2020-05-27', 92559.78, '34178609287', 23);
insert into factura (id_factura, fecha, monto, cuit, id_alquiler) values (24, '2020-07-17', 28420.58, '34-29412464-1', 24);
insert into factura (id_factura, fecha, monto, cuit, id_alquiler) values (25, '2020-02-28', 94946.17, '33-14465708-4', 25);
insert into factura (id_factura, fecha, monto, cuit, id_alquiler) values (26, '2020-07-12', 55675.27, '34077757957', 26);
insert into factura (id_factura, fecha, monto, cuit, id_alquiler) values (27, '2019-10-31', 94720.29, '30-20738827-1', 27);
insert into factura (id_factura, fecha, monto, cuit, id_alquiler) values (28, '2020-09-26', 53746.91, '33-67662501-0', 28);
insert into factura (id_factura, fecha, monto, cuit, id_alquiler) values (29, '2020-05-14', 78532.89, '34658800707', 29);
insert into factura (id_factura, fecha, monto, cuit, id_alquiler) values (30, '2019-10-15', 59774.4, '34191441566', 30);
insert into factura (id_factura, fecha, monto, cuit, id_alquiler) values (31, '2019-11-11', 31272.04, '34-45112908-6', 31);
insert into factura (id_factura, fecha, monto, cuit, id_alquiler) values (32, '2020-09-04', 27226.59, '34099455780', 32);
insert into factura (id_factura, fecha, monto, cuit, id_alquiler) values (33, '2020-05-15', 29081.09, '34411388159', 33);
insert into factura (id_factura, fecha, monto, cuit, id_alquiler) values (34, '2020-03-13', 48312.12, '33071595216', 34);
insert into factura (id_factura, fecha, monto, cuit, id_alquiler) values (35, '2020-05-14', 31636.18, '34526924822', 35);
insert into factura (id_factura, fecha, monto, cuit, id_alquiler) values (36, '2019-11-18', 20187.65, '34-85512290-8', 36);
insert into factura (id_factura, fecha, monto, cuit, id_alquiler) values (37, '2020-08-27', 79340.11, '30226662435', 37);
insert into factura (id_factura, fecha, monto, cuit, id_alquiler) values (38, '2020-08-22', 22773.04, '34353696693', 38);
insert into factura (id_factura, fecha, monto, cuit, id_alquiler) values (39, '2019-12-15', 33552.94, '34094474427', 39);
insert into factura (id_factura, fecha, monto, cuit, id_alquiler) values (40, '2019-12-25', 50717.41, '34861264039', 40);
insert into factura (id_factura, fecha, monto, cuit, id_alquiler) values (41, '2020-05-01', 57709.95, '33452338575', 41);
insert into factura (id_factura, fecha, monto, cuit, id_alquiler) values (42, '2020-02-16', 47273.23, '30-44050128-9', 42);
insert into factura (id_factura, fecha, monto, cuit, id_alquiler) values (43, '2020-08-01', 36200.36, '34-01033475-2', 43);
insert into factura (id_factura, fecha, monto, cuit, id_alquiler) values (44, '2020-07-27', 89513.39, '30-80160237-5', 44);
insert into factura (id_factura, fecha, monto, cuit, id_alquiler) values (45, '2020-04-20', 87610.23, '34658800707', 45);
insert into factura (id_factura, fecha, monto, cuit, id_alquiler) values (46, '2020-02-13', 35235.5, '34178609287', 46);
insert into factura (id_factura, fecha, monto, cuit, id_alquiler) values (47, '2020-07-25', 70263.22, '34-85512290-8', 47);
insert into factura (id_factura, fecha, monto, cuit, id_alquiler) values (48, '2020-06-08', 87648.55, '34-45770144-8', 48);
insert into factura (id_factura, fecha, monto, cuit, id_alquiler) values (49, '2019-11-28', 80690.89, '33-68825650-5', 49);
insert into factura (id_factura, fecha, monto, cuit, id_alquiler) values (50, '2020-08-13', 49525.79, '34191441566', 50);
insert into factura (id_factura, fecha, monto, cuit, id_alquiler) values (51, '2020-08-12', 13430.0, '30-81222572-6', 51);
insert into factura (id_factura, fecha, monto, cuit, id_alquiler) values (52, '2019-11-17', 45548.03, '34178609287', 52);
insert into factura (id_factura, fecha, monto, cuit, id_alquiler) values (53, '2019-10-10', 54629.38, '34176149118', 53);
insert into factura (id_factura, fecha, monto, cuit, id_alquiler) values (54, '2020-01-25', 90791.03, '30936918409', 54);
insert into factura (id_factura, fecha, monto, cuit, id_alquiler) values (55, '2020-09-21', 97822.45, '33071595216', 55);
insert into factura (id_factura, fecha, monto, cuit, id_alquiler) values (56, '2020-06-12', 22606.85, '34-85512290-8', 56);
insert into factura (id_factura, fecha, monto, cuit, id_alquiler) values (57, '2020-04-17', 96375.76, '33-59810738-6', 57);
insert into factura (id_factura, fecha, monto, cuit, id_alquiler) values (58, '2020-09-10', 60650.25, '34-50210560-0', 58);
insert into factura (id_factura, fecha, monto, cuit, id_alquiler) values (59, '2020-03-24', 72958.19, '33-67662501-0', 59);
insert into factura (id_factura, fecha, monto, cuit, id_alquiler) values (60, '2020-05-13', 43032.64, '34-50210560-0', 60);
insert into factura (id_factura, fecha, monto, cuit, id_alquiler) values (61, '2019-12-09', 54662.29, '30-81222572-6', 61);
insert into factura (id_factura, fecha, monto, cuit, id_alquiler) values (62, '2020-06-26', 33762.19, '34081098086', 62);
insert into factura (id_factura, fecha, monto, cuit, id_alquiler) values (63, '2020-08-16', 60102.63, '30-38520011-6', 63);
insert into factura (id_factura, fecha, monto, cuit, id_alquiler) values (64, '2020-01-06', 17300.67, '33750482049', 64);
insert into factura (id_factura, fecha, monto, cuit, id_alquiler) values (65, '2020-01-15', 93565.69, '34-60283065-1', 65);
insert into factura (id_factura, fecha, monto, cuit, id_alquiler) values (66, '2020-09-11', 28287.79, '34-81478409-6', 66);
insert into factura (id_factura, fecha, monto, cuit, id_alquiler) values (67, '2020-05-29', 66653.57, '30-80160237-5', 67);
insert into factura (id_factura, fecha, monto, cuit, id_alquiler) values (68, '2020-06-27', 38103.74, '33953138693', 68);
insert into factura (id_factura, fecha, monto, cuit, id_alquiler) values (69, '2020-02-16', 32190.15, '34081098086', 69);
insert into factura (id_factura, fecha, monto, cuit, id_alquiler) values (70, '2020-02-29', 34661.09, '34992630975', 70);
insert into factura (id_factura, fecha, monto, cuit, id_alquiler) values (71, '2019-10-18', 48337.45, '33-79593481-4', 71);
insert into factura (id_factura, fecha, monto, cuit, id_alquiler) values (72, '2019-12-10', 55229.79, '33750482049', 72);
insert into factura (id_factura, fecha, monto, cuit, id_alquiler) values (73, '2020-02-03', 22140.36, '34741767016', 73);
insert into factura (id_factura, fecha, monto, cuit, id_alquiler) values (74, '2020-08-27', 93883.02, '34099455780', 74);
insert into factura (id_factura, fecha, monto, cuit, id_alquiler) values (75, '2019-10-22', 89025.8, '34062944285', 75);
insert into factura (id_factura, fecha, monto, cuit, id_alquiler) values (76, '2019-11-13', 19086.55, '34-01033475-2', 76);
insert into factura (id_factura, fecha, monto, cuit, id_alquiler) values (77, '2019-12-29', 10477.98, '34992630975', 77);
insert into factura (id_factura, fecha, monto, cuit, id_alquiler) values (78, '2020-03-28', 11138.15, '34353696693', 78);
insert into factura (id_factura, fecha, monto, cuit, id_alquiler) values (79, '2020-03-26', 87430.96, '34441012940', 79);
insert into factura (id_factura, fecha, monto, cuit, id_alquiler) values (80, '2020-02-25', 52057.73, '34-41400522-9', 80);
insert into factura (id_factura, fecha, monto, cuit, id_alquiler) values (81, '2020-05-27', 99228.87, '34-77867462-5', 81);
insert into factura (id_factura, fecha, monto, cuit, id_alquiler) values (82, '2020-01-03', 78463.87, '30403039062', 82);
insert into factura (id_factura, fecha, monto, cuit, id_alquiler) values (83, '2019-10-07', 26508.71, '33240037869', 83);
insert into factura (id_factura, fecha, monto, cuit, id_alquiler) values (84, '2020-09-18', 36542.98, '33-79593481-4', 84);
insert into factura (id_factura, fecha, monto, cuit, id_alquiler) values (85, '2020-03-05', 90068.0, '33663448407', 85);
insert into factura (id_factura, fecha, monto, cuit, id_alquiler) values (86, '2020-09-21', 31274.89, '30-44050128-9', 86);
insert into factura (id_factura, fecha, monto, cuit, id_alquiler) values (87, '2020-01-28', 91203.89, '34932488098', 87);
insert into factura (id_factura, fecha, monto, cuit, id_alquiler) values (88, '2019-11-13', 49720.73, '34-68863175-0', 88);
insert into factura (id_factura, fecha, monto, cuit, id_alquiler) values (89, '2020-04-17', 18733.63, '34441012940', 89);
insert into factura (id_factura, fecha, monto, cuit, id_alquiler) values (90, '2019-10-01', 29958.16, '30545886416', 90);
insert into factura (id_factura, fecha, monto, cuit, id_alquiler) values (91, '2020-05-02', 48746.8, '30-32898299-1', 91);
insert into factura (id_factura, fecha, monto, cuit, id_alquiler) values (92, '2020-07-01', 68474.13, '34774729906', 92);
insert into factura (id_factura, fecha, monto, cuit, id_alquiler) values (93, '2020-08-19', 66693.56, '33071595216', 93);
insert into factura (id_factura, fecha, monto, cuit, id_alquiler) values (94, '2019-11-01', 15808.97, '34-77867462-5', 94);
insert into factura (id_factura, fecha, monto, cuit, id_alquiler) values (95, '2020-07-07', 90649.58, '34662844483', 95);
insert into factura (id_factura, fecha, monto, cuit, id_alquiler) values (96, '2020-02-01', 78335.37, '34-68863175-0', 96);
insert into factura (id_factura, fecha, monto, cuit, id_alquiler) values (97, '2020-04-26', 54508.62, '33-96758750-3', 97);
insert into factura (id_factura, fecha, monto, cuit, id_alquiler) values (98, '2020-02-05', 48205.78, '34-85512290-8', 98);
insert into factura (id_factura, fecha, monto, cuit, id_alquiler) values (99, '2020-03-25', 40062.92, '30546457612', 99);
insert into factura (id_factura, fecha, monto, cuit, id_alquiler) values (100, '2020-01-10', 30469.21, '34871965724', 100);


insert into ciudad (codigo_postal, nombre) values (1000, 'elinac');
insert into ciudad (codigo_postal, nombre) values (1040, 'Listvyanskiy');
insert into ciudad (codigo_postal, nombre) values (1080, 'Loma Alta');
insert into ciudad (codigo_postal, nombre) values (1120, 'Haokou');
insert into ciudad (codigo_postal, nombre) values (1160, 'Rijau');
insert into ciudad (codigo_postal, nombre) values (1200, 'Ribeira');
insert into ciudad (codigo_postal, nombre) values (1240, 'Baoshi');
insert into ciudad (codigo_postal, nombre) values (1280, 'Pinyug');
insert into ciudad (codigo_postal, nombre) values (1320, 'Huambalpa');
insert into ciudad (codigo_postal, nombre) values (1360, 'Khashuri');
insert into ciudad (codigo_postal, nombre) values (1400, 'Kezilei');
insert into ciudad (codigo_postal, nombre) values (1440, 'Landi Kotal');
insert into ciudad (codigo_postal, nombre) values (1480, 'Sungi Liput');
insert into ciudad (codigo_postal, nombre) values (1520, 'Dapawan');
insert into ciudad (codigo_postal, nombre) values (1560, 'Hejia');
insert into ciudad (codigo_postal, nombre) values (1600, 'Chimboy Shahri');
insert into ciudad (codigo_postal, nombre) values (1640, 'Goroka');
insert into ciudad (codigo_postal, nombre) values (1680, 'Yonggu');
insert into ciudad (codigo_postal, nombre) values (1720, 'Paris 13');
insert into ciudad (codigo_postal, nombre) values (1760, 'Fort Worth');
insert into ciudad (codigo_postal, nombre) values (1800, 'Baoxing');
insert into ciudad (codigo_postal, nombre) values (1840, 'Yangjia');
insert into ciudad (codigo_postal, nombre) values (1880, 'Minador do Negro');
insert into ciudad (codigo_postal, nombre) values (1920, 'Asprngeloi');
insert into ciudad (codigo_postal, nombre) values (1960, 'Luxi');
insert into ciudad (codigo_postal, nombre) values (2000, 'Skulsk');
insert into ciudad (codigo_postal, nombre) values (2040, 'Francistown');
insert into ciudad (codigo_postal, nombre) values (2080, 'Gteborg');
insert into ciudad (codigo_postal, nombre) values (2120, 'rebro');
insert into ciudad (codigo_postal, nombre) values (2160, 'Arbelez');
insert into ciudad (codigo_postal, nombre) values (2200, 'Palai Fliro');
insert into ciudad (codigo_postal, nombre) values (2240, 'Sulcin');
insert into ciudad (codigo_postal, nombre) values (2280, 'Itabora');
insert into ciudad (codigo_postal, nombre) values (2320, 'Ftima');
insert into ciudad (codigo_postal, nombre) values (2360, 'l Madah');
insert into ciudad (codigo_postal, nombre) values (2400, 'Castaas');
insert into ciudad (codigo_postal, nombre) values (2440, 'Selajambe Satu');
insert into ciudad (codigo_postal, nombre) values (2480, 'Darma');
insert into ciudad (codigo_postal, nombre) values (2520, 'Guancangping');
insert into ciudad (codigo_postal, nombre) values (2560, '');
insert into ciudad (codigo_postal, nombre) values (2600, 'Mandal');
insert into ciudad (codigo_postal, nombre) values (2640, 'Dallas');
insert into ciudad (codigo_postal, nombre) values (2680, 'Naberezhnyye Chelny');
insert into ciudad (codigo_postal, nombre) values (2720, 'Parbatipur');
insert into ciudad (codigo_postal, nombre) values (2760, 'Novogurovskiy');
insert into ciudad (codigo_postal, nombre) values (2800, 'Thamaga');
insert into ciudad (codigo_postal, nombre) values (2840, 'Batakte');
insert into ciudad (codigo_postal, nombre) values (2880, 'Flic en Flac');
insert into ciudad (codigo_postal, nombre) values (2920, 'Banjar Banyualit');
insert into ciudad (codigo_postal, nombre) values (2960, 'Campina Grande');
insert into ciudad (codigo_postal, nombre) values (3000, 'Cikoneng');
insert into ciudad (codigo_postal, nombre) values (3040, 'Batojaran');
insert into ciudad (codigo_postal, nombre) values (3080, 'Cruz das Almas');
insert into ciudad (codigo_postal, nombre) values (3120, 'Malanje');
insert into ciudad (codigo_postal, nombre) values (3160, 'Henggouqiao');
insert into ciudad (codigo_postal, nombre) values (3200, 'Las Vegas');
insert into ciudad (codigo_postal, nombre) values (3240, 'Dadiharja');
insert into ciudad (codigo_postal, nombre) values (3280, 'Sandymount');
insert into ciudad (codigo_postal, nombre) values (3320, 'Stepojevac');
insert into ciudad (codigo_postal, nombre) values (3360, 'Turiysk');
insert into ciudad (codigo_postal, nombre) values (3400, 'Linkping');
insert into ciudad (codigo_postal, nombre) values (3440, 'Douba');
insert into ciudad (codigo_postal, nombre) values (3480, 'So Caetano do Sul');
insert into ciudad (codigo_postal, nombre) values (3520, 'Toyooka');
insert into ciudad (codigo_postal, nombre) values (3560, 'Basse-Terre');
insert into ciudad (codigo_postal, nombre) values (3600, 'Fartura');
insert into ciudad (codigo_postal, nombre) values (3640, 'Pa Sang');
insert into ciudad (codigo_postal, nombre) values (3680, 'Vaulx-en-Velin');
insert into ciudad (codigo_postal, nombre) values (3720, 'Perm');
insert into ciudad (codigo_postal, nombre) values (3760, 'Sandaowan');
insert into ciudad (codigo_postal, nombre) values (3800, 'Guanlu');
insert into ciudad (codigo_postal, nombre) values (3840, 'Kyela');
insert into ciudad (codigo_postal, nombre) values (3880, 'Gorian');
insert into ciudad (codigo_postal, nombre) values (3920, 'Dolores');
insert into ciudad (codigo_postal, nombre) values (3960, 'Charleston');
insert into ciudad (codigo_postal, nombre) values (4000, 'Bac Ai');
insert into ciudad (codigo_postal, nombre) values (4040, 'Ostrosk Lhota');
insert into ciudad (codigo_postal, nombre) values (4080, 'Kuala Lumpur');
insert into ciudad (codigo_postal, nombre) values (4120, 'Katovice');
insert into ciudad (codigo_postal, nombre) values (4160, 'Pocora');
insert into ciudad (codigo_postal, nombre) values (4200, 'Lengkongbarang');
insert into ciudad (codigo_postal, nombre) values (4240, 'Yangcun');
insert into ciudad (codigo_postal, nombre) values (4280, 'Ulaanbaatar');
insert into ciudad (codigo_postal, nombre) values (4320, 'Xiushi');
insert into ciudad (codigo_postal, nombre) values (4360, 'Krasnolesnyy');
insert into ciudad (codigo_postal, nombre) values (4400, 'Hanbin');
insert into ciudad (codigo_postal, nombre) values (4440, 'Haoxue');
insert into ciudad (codigo_postal, nombre) values (4480, 'Fengyang Fuchengzhen');
insert into ciudad (codigo_postal, nombre) values (4520, 'Dikou');
insert into ciudad (codigo_postal, nombre) values (4560, 'Nevers');
insert into ciudad (codigo_postal, nombre) values (4600, 'Shendang');
insert into ciudad (codigo_postal, nombre) values (4640, 'vreux');
insert into ciudad (codigo_postal, nombre) values (4680, 'Osrio');
insert into ciudad (codigo_postal, nombre) values (4720, 'Oviedo');
insert into ciudad (codigo_postal, nombre) values (4760, 'Bthune');
insert into ciudad (codigo_postal, nombre) values (4800, 'Mosrentgen');
insert into ciudad (codigo_postal, nombre) values (4840, 'Qiaodi');
insert into ciudad (codigo_postal, nombre) values (4880, 'Bjuv');
insert into ciudad (codigo_postal, nombre) values (4920, 'Zouma');
insert into ciudad (codigo_postal, nombre) values (4960, 'Emin');
insert into ciudad (codigo_postal, nombre) values (5000, 'Dbowiec');
insert into ciudad (codigo_postal, nombre) values (5040, 'Durham');
insert into ciudad (codigo_postal, nombre) values (5080, 'Bojongnangka');
insert into ciudad (codigo_postal, nombre) values (5120, 'Gumawang');
insert into ciudad (codigo_postal, nombre) values (5160, 'San Lorenzo');
insert into ciudad (codigo_postal, nombre) values (5200, 'Arrah');
insert into ciudad (codigo_postal, nombre) values (5240, 'Warungtanjung');
insert into ciudad (codigo_postal, nombre) values (5280, 'Vide');
insert into ciudad (codigo_postal, nombre) values (5320, 'Russkaya Polyana');
insert into ciudad (codigo_postal, nombre) values (5360, 'Wumahe');
insert into ciudad (codigo_postal, nombre) values (5400, 'Limoges');
insert into ciudad (codigo_postal, nombre) values (5440, 'Mglizh');
insert into ciudad (codigo_postal, nombre) values (5480, 'Qazax');
insert into ciudad (codigo_postal, nombre) values (5520, 'Jubao');
insert into ciudad (codigo_postal, nombre) values (5560, 'Dongming');
insert into ciudad (codigo_postal, nombre) values (5600, 'Njeru');
insert into ciudad (codigo_postal, nombre) values (5640, 'Santa Luca Cotzumalguapa');
insert into ciudad (codigo_postal, nombre) values (5680, 'Guryevsk');
insert into ciudad (codigo_postal, nombre) values (5720, 'Phanna Nikhom');
insert into ciudad (codigo_postal, nombre) values (5760, 'Lieyu');
insert into ciudad (codigo_postal, nombre) values (5800, 'Myaydo');
insert into ciudad (codigo_postal, nombre) values (5840, 'Baishan');
insert into ciudad (codigo_postal, nombre) values (5880, 'Caicara');
insert into ciudad (codigo_postal, nombre) values (5920, 'Lady Grey');
insert into ciudad (codigo_postal, nombre) values (5960, 'Tn K');
insert into ciudad (codigo_postal, nombre) values (6000, 'Smyshlyayevka');
insert into ciudad (codigo_postal, nombre) values (6040, 'Santa Catalina Norte');
insert into ciudad (codigo_postal, nombre) values (6080, 'Neiguan');
insert into ciudad (codigo_postal, nombre) values (6120, 'Tomioka');
insert into ciudad (codigo_postal, nombre) values (6160, 'Benito Juarez');
insert into ciudad (codigo_postal, nombre) values (6200, 'Haoxinying');
insert into ciudad (codigo_postal, nombre) values (6240, 'Moneague');
insert into ciudad (codigo_postal, nombre) values (6280, 'Gandiaye');
insert into ciudad (codigo_postal, nombre) values (6320, 'Mengcheng Chengguanzhen');
insert into ciudad (codigo_postal, nombre) values (6360, 'Jiaoziya');
insert into ciudad (codigo_postal, nombre) values (6400, 'Xianren');
insert into ciudad (codigo_postal, nombre) values (6440, 'Huazangsi');
insert into ciudad (codigo_postal, nombre) values (6480, 'Yancheng');
insert into ciudad (codigo_postal, nombre) values (6520, 'Jaguarari');
insert into ciudad (codigo_postal, nombre) values (6560, 'Nika Banja');
insert into ciudad (codigo_postal, nombre) values (6600, 'Washington');
insert into ciudad (codigo_postal, nombre) values (6640, 'Riachos');
insert into ciudad (codigo_postal, nombre) values (6680, 'Comendador');
insert into ciudad (codigo_postal, nombre) values (6720, 'Putrajawa');
insert into ciudad (codigo_postal, nombre) values (6760, 'Aoufous');
insert into ciudad (codigo_postal, nombre) values (6800, 'La Rochelle');
insert into ciudad (codigo_postal, nombre) values (6840, 'Kanonjich');
insert into ciudad (codigo_postal, nombre) values (6880, 'Vista Alegre');
insert into ciudad (codigo_postal, nombre) values (6920, 'Longuita');
insert into ciudad (codigo_postal, nombre) values (6960, 'Tejar');
insert into ciudad (codigo_postal, nombre) values (7000, 'Bangad');
insert into ciudad (codigo_postal, nombre) values (7040, 'Krkyra');
insert into ciudad (codigo_postal, nombre) values (7080, 'Nikolsk');
insert into ciudad (codigo_postal, nombre) values (7120, 'Pangkalan');
insert into ciudad (codigo_postal, nombre) values (7160, 'Louisville');
insert into ciudad (codigo_postal, nombre) values (7200, 'Kanonjich');
insert into ciudad (codigo_postal, nombre) values (7240, 'Timon');
insert into ciudad (codigo_postal, nombre) values (7280, 'Marseille');
insert into ciudad (codigo_postal, nombre) values (7320, 'Marly-le-Roi');
insert into ciudad (codigo_postal, nombre) values (7360, 'Zvezdara');
insert into ciudad (codigo_postal, nombre) values (7400, 'Permas');
insert into ciudad (codigo_postal, nombre) values (7440, 'Quipot');
insert into ciudad (codigo_postal, nombre) values (7480, 'Spring');
insert into ciudad (codigo_postal, nombre) values (7520, 'Cariaco');
insert into ciudad (codigo_postal, nombre) values (7560, 'Brganj');
insert into ciudad (codigo_postal, nombre) values (7600, 'Hayes');
insert into ciudad (codigo_postal, nombre) values (7640, 'Torino');
insert into ciudad (codigo_postal, nombre) values (7680, 'Cambita Garabitos');
insert into ciudad (codigo_postal, nombre) values (7720, 'Tabu');
insert into ciudad (codigo_postal, nombre) values (7760, 'Hwaseong-si');
insert into ciudad (codigo_postal, nombre) values (7800, 'Fujiayan');
insert into ciudad (codigo_postal, nombre) values (7840, 'Jacksonville');
insert into ciudad (codigo_postal, nombre) values (7880, 'Nejo');
insert into ciudad (codigo_postal, nombre) values (7920, 'Kirovgrad');
insert into ciudad (codigo_postal, nombre) values (7960, 'Petaluma');
insert into ciudad (codigo_postal, nombre) values (8000, 'mihachiman');
insert into ciudad (codigo_postal, nombre) values (8040, 'Nageswari');
insert into ciudad (codigo_postal, nombre) values (8080, 'Rodez');
insert into ciudad (codigo_postal, nombre) values (8120, 'Sanana');
insert into ciudad (codigo_postal, nombre) values (8160, 'Wujing');
insert into ciudad (codigo_postal, nombre) values (8200, 'Wanggeertang');
insert into ciudad (codigo_postal, nombre) values (8240, 'Tournan-en-Brie');
insert into ciudad (codigo_postal, nombre) values (8280, 'Ziyuan');
insert into ciudad (codigo_postal, nombre) values (8320, 'Magistralnyy');
insert into ciudad (codigo_postal, nombre) values (8360, 'Hamburg Winterhude');
insert into ciudad (codigo_postal, nombre) values (8400, 'Sierakowice');
insert into ciudad (codigo_postal, nombre) values (8440, 'Guohe');
insert into ciudad (codigo_postal, nombre) values (8480, 'Nueva Germania');
insert into ciudad (codigo_postal, nombre) values (8520, 'Terra Ch');
insert into ciudad (codigo_postal, nombre) values (8560, 'Nossebro');
insert into ciudad (codigo_postal, nombre) values (8600, 'Tourcoing');
insert into ciudad (codigo_postal, nombre) values (8640, 'Pananaw');
insert into ciudad (codigo_postal, nombre) values (8680, 'Ciperang');
insert into ciudad (codigo_postal, nombre) values (8720, 'Taf Viejo');
insert into ciudad (codigo_postal, nombre) values (8760, 'Zushi');
insert into ciudad (codigo_postal, nombre) values (8800, 'Hallstavik');
insert into ciudad (codigo_postal, nombre) values (8840, 'Borovo');
insert into ciudad (codigo_postal, nombre) values (8880, 'Maslog');
insert into ciudad (codigo_postal, nombre) values (8920, 'Beixiang');
insert into ciudad (codigo_postal, nombre) values (8960, 'Lumbac');


insert into yacimiento (id_yacimiento, descripcion, superficie, codigo_postal) values (1, 'Phasellus in felis. Donec semper sapien a libero. Nam dui.', 836, 1000);
insert into yacimiento (id_yacimiento, descripcion, superficie, codigo_postal) values (2, 'Vivamus vel nulla eget eros elementum pellentesque.', 425, 1040);
insert into yacimiento (id_yacimiento, descripcion, superficie, codigo_postal) values (3, 'Morbi non lectus. Aliquam sit amet diam in magna bibendum imperdiet.', 523, 1080);
insert into yacimiento (id_yacimiento, descripcion, superficie, codigo_postal) values (4, 'Maecenas pulvinar lobortis est. Phasellus sit amet erat. Nulla tempus.', 207, 1120);
insert into yacimiento (id_yacimiento, descripcion, superficie, codigo_postal) values (5, 'Integer pede justo, lacinia eget, tincidunt eget, tempus vel, pede. Morbi porttitor lorem id ligula. Suspendisse ornare consequat lectus.', 43, 1160);
insert into yacimiento (id_yacimiento, descripcion, superficie, codigo_postal) values (6, null, 810, 1200);
insert into yacimiento (id_yacimiento, descripcion, superficie, codigo_postal) values (7, 'Integer pede justo, lacinia eget, tincidunt eget, tempus vel, pede.', 227, 1240);
insert into yacimiento (id_yacimiento, descripcion, superficie, codigo_postal) values (8, 'Morbi vel lectus in quam fringilla rhoncus. Mauris enim leo, rhoncus sed, vestibulum sit amet, cursus id, turpis. Integer aliquet, massa id lobortis convallis, tortor risus dapibus augue, vel accumsan tellus nisi eu orci.', 377, 1280);
insert into yacimiento (id_yacimiento, descripcion, superficie, codigo_postal) values (9, 'Nulla nisl.', 632, 1320);
insert into yacimiento (id_yacimiento, descripcion, superficie, codigo_postal) values (10, null, 245, 1360);
insert into yacimiento (id_yacimiento, descripcion, superficie, codigo_postal) values (11, null, 846, 1400);
insert into yacimiento (id_yacimiento, descripcion, superficie, codigo_postal) values (12, null, 821, 1440);
insert into yacimiento (id_yacimiento, descripcion, superficie, codigo_postal) values (13, null, 109, 1480);
insert into yacimiento (id_yacimiento, descripcion, superficie, codigo_postal) values (14, 'Aenean fermentum.', 188, 1520);
insert into yacimiento (id_yacimiento, descripcion, superficie, codigo_postal) values (15, 'Fusce posuere felis sed lacus. Morbi sem mauris, laoreet ut, rhoncus aliquet, pulvinar sed, nisl. Nunc rhoncus dui vel sem.', 195, 1560);
insert into yacimiento (id_yacimiento, descripcion, superficie, codigo_postal) values (16, 'Praesent id massa id nisl venenatis lacinia. Aenean sit amet justo.', 877, 1600);
insert into yacimiento (id_yacimiento, descripcion, superficie, codigo_postal) values (17, null, 606, 1640);
insert into yacimiento (id_yacimiento, descripcion, superficie, codigo_postal) values (18, 'Morbi quis tortor id nulla ultrices aliquet. Maecenas leo odio, condimentum id, luctus nec, molestie sed, justo. Pellentesque viverra pede ac diam.', 522, 1680);
insert into yacimiento (id_yacimiento, descripcion, superficie, codigo_postal) values (19, null, 279, 1720);
insert into yacimiento (id_yacimiento, descripcion, superficie, codigo_postal) values (20, null, 810, 1760);
insert into yacimiento (id_yacimiento, descripcion, superficie, codigo_postal) values (21, 'Cum sociis natoque penatibus et magnis dis parturient montes, nascetur ridiculus mus.', 218, 1800);
insert into yacimiento (id_yacimiento, descripcion, superficie, codigo_postal) values (22, 'Nulla tellus. In sagittis dui vel nisl. Duis ac nibh.', 961, 1840);
insert into yacimiento (id_yacimiento, descripcion, superficie, codigo_postal) values (23, null, 950, 1880);
insert into yacimiento (id_yacimiento, descripcion, superficie, codigo_postal) values (24, 'Nulla tellus. In sagittis dui vel nisl. Duis ac nibh.', 941, 1920);
insert into yacimiento (id_yacimiento, descripcion, superficie, codigo_postal) values (25, 'Nullam porttitor lacus at turpis.', 885, 1960);
insert into yacimiento (id_yacimiento, descripcion, superficie, codigo_postal) values (26, 'Nullam orci pede, venenatis non, sodales sed, tincidunt eu, felis.', 214, 2000);
insert into yacimiento (id_yacimiento, descripcion, superficie, codigo_postal) values (27, 'Suspendisse ornare consequat lectus. In est risus, auctor sed, tristique in, tempus sit amet, sem. Fusce consequat.', 257, 2040);
insert into yacimiento (id_yacimiento, descripcion, superficie, codigo_postal) values (28, 'Morbi a ipsum.', 611, 2080);
insert into yacimiento (id_yacimiento, descripcion, superficie, codigo_postal) values (29, null, 890, 2120);
insert into yacimiento (id_yacimiento, descripcion, superficie, codigo_postal) values (30, 'Proin eu mi. Nulla ac enim.', 103, 2160);
insert into yacimiento (id_yacimiento, descripcion, superficie, codigo_postal) values (31, 'Morbi vel lectus in quam fringilla rhoncus.', 645, 2200);
insert into yacimiento (id_yacimiento, descripcion, superficie, codigo_postal) values (32, 'Nulla justo. Aliquam quis turpis eget elit sodales scelerisque. Mauris sit amet eros.', 336, 2240);
insert into yacimiento (id_yacimiento, descripcion, superficie, codigo_postal) values (33, null, 401, 2280);
insert into yacimiento (id_yacimiento, descripcion, superficie, codigo_postal) values (34, 'Praesent blandit. Nam nulla.', 57, 2320);
insert into yacimiento (id_yacimiento, descripcion, superficie, codigo_postal) values (35, 'Suspendisse potenti. In eleifend quam a odio.', 587, 2360);
insert into yacimiento (id_yacimiento, descripcion, superficie, codigo_postal) values (36, null, 258, 2400);
insert into yacimiento (id_yacimiento, descripcion, superficie, codigo_postal) values (37, null, 177, 2440);
insert into yacimiento (id_yacimiento, descripcion, superficie, codigo_postal) values (38, null, 328, 2480);
insert into yacimiento (id_yacimiento, descripcion, superficie, codigo_postal) values (39, 'Lorem ipsum dolor sit amet, consectetuer adipiscing elit. Proin interdum mauris non ligula pellentesque ultrices.', 204, 2520);
insert into yacimiento (id_yacimiento, descripcion, superficie, codigo_postal) values (40, 'Maecenas tristique, est et tempus semper, est quam pharetra magna, ac consequat metus sapien ut nunc. Vestibulum ante ipsum primis in faucibus orci luctus et ultrices posuere cubilia Curae; Mauris viverra diam vitae quam.', 324, 2560);
insert into yacimiento (id_yacimiento, descripcion, superficie, codigo_postal) values (41, 'Morbi vestibulum, velit id pretium iaculis, diam erat fermentum justo, nec condimentum neque sapien placerat ante. Nulla justo. Aliquam quis turpis eget elit sodales scelerisque.', 639, 2600);
insert into yacimiento (id_yacimiento, descripcion, superficie, codigo_postal) values (42, 'Integer pede justo, lacinia eget, tincidunt eget, tempus vel, pede.', 94, 2640);
insert into yacimiento (id_yacimiento, descripcion, superficie, codigo_postal) values (43, 'Proin interdum mauris non ligula pellentesque ultrices.', 411, 2680);
insert into yacimiento (id_yacimiento, descripcion, superficie, codigo_postal) values (44, 'Nulla ac enim.', 452, 2720);
insert into yacimiento (id_yacimiento, descripcion, superficie, codigo_postal) values (45, 'Vestibulum ac est lacinia nisi venenatis tristique.', 298, 2760);
insert into yacimiento (id_yacimiento, descripcion, superficie, codigo_postal) values (46, 'Maecenas leo odio, condimentum id, luctus nec, molestie sed, justo.', 952, 2800);
insert into yacimiento (id_yacimiento, descripcion, superficie, codigo_postal) values (47, 'In hac habitasse platea dictumst. Morbi vestibulum, velit id pretium iaculis, diam erat fermentum justo, nec condimentum neque sapien placerat ante.', 972, 2840);
insert into yacimiento (id_yacimiento, descripcion, superficie, codigo_postal) values (48, null, 51, 2880);
insert into yacimiento (id_yacimiento, descripcion, superficie, codigo_postal) values (49, null, 707, 2920);
insert into yacimiento (id_yacimiento, descripcion, superficie, codigo_postal) values (50, null, 913, 2960);
insert into yacimiento (id_yacimiento, descripcion, superficie, codigo_postal) values (51, null, 615, 3000);
insert into yacimiento (id_yacimiento, descripcion, superficie, codigo_postal) values (52, 'Morbi odio odio, elementum eu, interdum eu, tincidunt in, leo. Maecenas pulvinar lobortis est. Phasellus sit amet erat.', 672, 3040);
insert into yacimiento (id_yacimiento, descripcion, superficie, codigo_postal) values (53, null, 189, 3080);
insert into yacimiento (id_yacimiento, descripcion, superficie, codigo_postal) values (54, null, 477, 3120);
insert into yacimiento (id_yacimiento, descripcion, superficie, codigo_postal) values (55, 'Vivamus tortor. Duis mattis egestas metus.', 336, 3160);
insert into yacimiento (id_yacimiento, descripcion, superficie, codigo_postal) values (56, null, 293, 3200);
insert into yacimiento (id_yacimiento, descripcion, superficie, codigo_postal) values (57, 'Sed sagittis.', 156, 3240);
insert into yacimiento (id_yacimiento, descripcion, superficie, codigo_postal) values (58, 'Maecenas tristique, est et tempus semper, est quam pharetra magna, ac consequat metus sapien ut nunc.', 825, 3280);
insert into yacimiento (id_yacimiento, descripcion, superficie, codigo_postal) values (59, null, 938, 3320);
insert into yacimiento (id_yacimiento, descripcion, superficie, codigo_postal) values (60, 'In hac habitasse platea dictumst.', 841, 3360);
insert into yacimiento (id_yacimiento, descripcion, superficie, codigo_postal) values (61, null, 223, 3400);
insert into yacimiento (id_yacimiento, descripcion, superficie, codigo_postal) values (62, null, 498, 3440);
insert into yacimiento (id_yacimiento, descripcion, superficie, codigo_postal) values (63, 'Integer a nibh.', 338, 3480);
insert into yacimiento (id_yacimiento, descripcion, superficie, codigo_postal) values (64, 'Aliquam erat volutpat. In congue. Etiam justo.', 995, 3520);
insert into yacimiento (id_yacimiento, descripcion, superficie, codigo_postal) values (65, 'Sed sagittis.', 314, 3560);
insert into yacimiento (id_yacimiento, descripcion, superficie, codigo_postal) values (66, 'Lorem ipsum dolor sit amet, consectetuer adipiscing elit. Proin interdum mauris non ligula pellentesque ultrices. Phasellus id sapien in sapien iaculis congue.', 847, 3600);
insert into yacimiento (id_yacimiento, descripcion, superficie, codigo_postal) values (67, 'Proin at turpis a pede posuere nonummy.', 163, 3640);
insert into yacimiento (id_yacimiento, descripcion, superficie, codigo_postal) values (68, null, 55, 3680);
insert into yacimiento (id_yacimiento, descripcion, superficie, codigo_postal) values (69, 'Maecenas ut massa quis augue luctus tincidunt.', 13, 3720);
insert into yacimiento (id_yacimiento, descripcion, superficie, codigo_postal) values (70, 'Maecenas tincidunt lacus at velit. Vivamus vel nulla eget eros elementum pellentesque. Quisque porta volutpat erat.', 664, 3760);
insert into yacimiento (id_yacimiento, descripcion, superficie, codigo_postal) values (71, 'Integer a nibh. In quis justo.', 923, 3800);
insert into yacimiento (id_yacimiento, descripcion, superficie, codigo_postal) values (72, 'Nulla suscipit ligula in lacus. Curabitur at ipsum ac tellus semper interdum. Mauris ullamcorper purus sit amet nulla.', 795, 3840);
insert into yacimiento (id_yacimiento, descripcion, superficie, codigo_postal) values (73, 'In hac habitasse platea dictumst. Morbi vestibulum, velit id pretium iaculis, diam erat fermentum justo, nec condimentum neque sapien placerat ante. Nulla justo.', 520, 3880);
insert into yacimiento (id_yacimiento, descripcion, superficie, codigo_postal) values (74, 'Pellentesque viverra pede ac diam.', 264, 3920);
insert into yacimiento (id_yacimiento, descripcion, superficie, codigo_postal) values (75, 'Morbi non quam nec dui luctus rutrum. Nulla tellus.', 570, 3960);
insert into yacimiento (id_yacimiento, descripcion, superficie, codigo_postal) values (76, 'Donec dapibus. Duis at velit eu est congue elementum.', 934, 4000);
insert into yacimiento (id_yacimiento, descripcion, superficie, codigo_postal) values (77, 'Maecenas rhoncus aliquam lacus.', 443, 4040);
insert into yacimiento (id_yacimiento, descripcion, superficie, codigo_postal) values (78, null, 929, 4080);
insert into yacimiento (id_yacimiento, descripcion, superficie, codigo_postal) values (79, null, 88, 4120);
insert into yacimiento (id_yacimiento, descripcion, superficie, codigo_postal) values (80, 'Maecenas tincidunt lacus at velit. Vivamus vel nulla eget eros elementum pellentesque. Quisque porta volutpat erat.', 823, 4160);
insert into yacimiento (id_yacimiento, descripcion, superficie, codigo_postal) values (81, 'Vivamus tortor.', 884, 4200);
insert into yacimiento (id_yacimiento, descripcion, superficie, codigo_postal) values (82, null, 488, 4240);
insert into yacimiento (id_yacimiento, descripcion, superficie, codigo_postal) values (83, 'Nulla tellus. In sagittis dui vel nisl. Duis ac nibh.', 128, 4280);
insert into yacimiento (id_yacimiento, descripcion, superficie, codigo_postal) values (84, 'Duis aliquam convallis nunc. Proin at turpis a pede posuere nonummy.', 294, 4320);
insert into yacimiento (id_yacimiento, descripcion, superficie, codigo_postal) values (85, null, 64, 4360);
insert into yacimiento (id_yacimiento, descripcion, superficie, codigo_postal) values (86, 'In congue.', 762, 4400);
insert into yacimiento (id_yacimiento, descripcion, superficie, codigo_postal) values (87, 'Aenean fermentum. Donec ut mauris eget massa tempor convallis.', 204, 4440);
insert into yacimiento (id_yacimiento, descripcion, superficie, codigo_postal) values (88, 'Integer ac neque. Duis bibendum.', 981, 4480);
insert into yacimiento (id_yacimiento, descripcion, superficie, codigo_postal) values (89, 'Vestibulum ante ipsum primis in faucibus orci luctus et ultrices posuere cubilia Curae; Donec pharetra, magna vestibulum aliquet ultrices, erat tortor sollicitudin mi, sit amet lobortis sapien sapien non mi. Integer ac neque. Duis bibendum.', 847, 4520);
insert into yacimiento (id_yacimiento, descripcion, superficie, codigo_postal) values (90, null, 737, 4560);
insert into yacimiento (id_yacimiento, descripcion, superficie, codigo_postal) values (91, null, 263, 4600);
insert into yacimiento (id_yacimiento, descripcion, superficie, codigo_postal) values (92, null, 401, 4640);
insert into yacimiento (id_yacimiento, descripcion, superficie, codigo_postal) values (93, 'Cum sociis natoque penatibus et magnis dis parturient montes, nascetur ridiculus mus.', 76, 4680);
insert into yacimiento (id_yacimiento, descripcion, superficie, codigo_postal) values (94, 'Etiam vel augue.', 967, 4720);
insert into yacimiento (id_yacimiento, descripcion, superficie, codigo_postal) values (95, 'Curabitur at ipsum ac tellus semper interdum. Mauris ullamcorper purus sit amet nulla.', 322, 4760);
insert into yacimiento (id_yacimiento, descripcion, superficie, codigo_postal) values (96, null, 90, 4800);
insert into yacimiento (id_yacimiento, descripcion, superficie, codigo_postal) values (97, 'Lorem ipsum dolor sit amet, consectetuer adipiscing elit.', 66, 4840);
insert into yacimiento (id_yacimiento, descripcion, superficie, codigo_postal) values (98, 'Nam nulla. Integer pede justo, lacinia eget, tincidunt eget, tempus vel, pede. Morbi porttitor lorem id ligula.', 482, 4880);
insert into yacimiento (id_yacimiento, descripcion, superficie, codigo_postal) values (99, 'Curabitur at ipsum ac tellus semper interdum. Mauris ullamcorper purus sit amet nulla.', 121, 4920);
insert into yacimiento (id_yacimiento, descripcion, superficie, codigo_postal) values (100, 'Vivamus vel nulla eget eros elementum pellentesque. Quisque porta volutpat erat. Quisque erat eros, viverra eget, congue eget, semper rutrum, nulla.', 36, 4960);


insert into campamento (id_campamento, cant_banos, nombre_responsable, tel_responsable, id_yacimiento, cuit) values (1, 7, 'Nadya', '599-764-8135', 1, '34-29412464-1');
insert into campamento (id_campamento, cant_banos, nombre_responsable, tel_responsable, id_yacimiento, cuit) values (2, 19, 'Linnie', '562-839-4497', 2, '34-45112908-6');
insert into campamento (id_campamento, cant_banos, nombre_responsable, tel_responsable, id_yacimiento, cuit) values (3, 29, 'Stevana', '548-273-0135', 3, '30-38520011-6');
insert into campamento (id_campamento, cant_banos, nombre_responsable, tel_responsable, id_yacimiento, cuit) values (4, 6, 'Miriam', '647-783-5747', 4, '30233519035');
insert into campamento (id_campamento, cant_banos, nombre_responsable, tel_responsable, id_yacimiento, cuit) values (5, 33, 'Laverna', '342-664-5251', 5, '34476644037');
insert into campamento (id_campamento, cant_banos, nombre_responsable, tel_responsable, id_yacimiento, cuit) values (6, 50, 'Phoebe', '388-393-1626', 6, '34099455780');
insert into campamento (id_campamento, cant_banos, nombre_responsable, tel_responsable, id_yacimiento, cuit) values (7, 39, 'Lorene', '176-967-7376', 7, '34992630975');
insert into campamento (id_campamento, cant_banos, nombre_responsable, tel_responsable, id_yacimiento, cuit) values (8, 2, 'Phylis', '458-311-5197', 8, '30226662435');
insert into campamento (id_campamento, cant_banos, nombre_responsable, tel_responsable, id_yacimiento, cuit) values (9, 4, 'Concettina', '843-240-4670', 9, '33071450682');
insert into campamento (id_campamento, cant_banos, nombre_responsable, tel_responsable, id_yacimiento, cuit) values (10, 25, 'Travus', '447-806-3945', 10, '34561008687');
insert into campamento (id_campamento, cant_banos, nombre_responsable, tel_responsable, id_yacimiento, cuit) values (11, 25, 'Colman', '372-211-0733', 11, '34-29412464-1');
insert into campamento (id_campamento, cant_banos, nombre_responsable, tel_responsable, id_yacimiento, cuit) values (12, 42, 'Paton', '358-591-6782', 12, '33953138693');
insert into campamento (id_campamento, cant_banos, nombre_responsable, tel_responsable, id_yacimiento, cuit) values (13, 26, 'Valina', '237-635-2262', 13, '34094474427');
insert into campamento (id_campamento, cant_banos, nombre_responsable, tel_responsable, id_yacimiento, cuit) values (14, 9, 'Fredrick', '965-865-6823', 14, '34932488098');
insert into campamento (id_campamento, cant_banos, nombre_responsable, tel_responsable, id_yacimiento, cuit) values (15, 39, 'Artur', '124-995-4590', 15, '34-77867462-5');
insert into campamento (id_campamento, cant_banos, nombre_responsable, tel_responsable, id_yacimiento, cuit) values (16, 44, 'Saxon', '372-859-6341', 16, '30-80160237-5');
insert into campamento (id_campamento, cant_banos, nombre_responsable, tel_responsable, id_yacimiento, cuit) values (17, 41, 'Amata', '375-313-1775', 17, '30-20738827-1');
insert into campamento (id_campamento, cant_banos, nombre_responsable, tel_responsable, id_yacimiento, cuit) values (18, 37, 'Berte', '273-526-2779', 18, '34284378395');
insert into campamento (id_campamento, cant_banos, nombre_responsable, tel_responsable, id_yacimiento, cuit) values (19, 28, 'Erinn', '772-563-8275', 19, '30-44050128-9');
insert into campamento (id_campamento, cant_banos, nombre_responsable, tel_responsable, id_yacimiento, cuit) values (20, 12, 'Hewitt', '647-483-7409', 20, '34411388159');
insert into campamento (id_campamento, cant_banos, nombre_responsable, tel_responsable, id_yacimiento, cuit) values (21, 40, 'Dora', '170-660-7049', 21, '33-68825650-5');
insert into campamento (id_campamento, cant_banos, nombre_responsable, tel_responsable, id_yacimiento, cuit) values (22, 47, 'Rozamond', '336-300-1920', 22, '30-48695232-4');
insert into campamento (id_campamento, cant_banos, nombre_responsable, tel_responsable, id_yacimiento, cuit) values (23, 6, 'Kerrie', '319-996-8085', 23, '33452338575');
insert into campamento (id_campamento, cant_banos, nombre_responsable, tel_responsable, id_yacimiento, cuit) values (24, 17, 'Sigismond', '601-717-6264', 24, '30-16724089-7');
insert into campamento (id_campamento, cant_banos, nombre_responsable, tel_responsable, id_yacimiento, cuit) values (25, 7, 'Jacky', '879-627-2058', 25, '30403039062');
insert into campamento (id_campamento, cant_banos, nombre_responsable, tel_responsable, id_yacimiento, cuit) values (26, 16, 'Anestassia', '794-218-3734', 26, '33006121836');
insert into campamento (id_campamento, cant_banos, nombre_responsable, tel_responsable, id_yacimiento, cuit) values (27, 8, 'Brandea', '872-947-9226', 27, '34014038736');
insert into campamento (id_campamento, cant_banos, nombre_responsable, tel_responsable, id_yacimiento, cuit) values (28, 27, 'Allsun', '947-339-7873', 28, '34-97029275-0');
insert into campamento (id_campamento, cant_banos, nombre_responsable, tel_responsable, id_yacimiento, cuit) values (29, 41, 'Rodger', '284-845-5623', 29, '34070778264');
insert into campamento (id_campamento, cant_banos, nombre_responsable, tel_responsable, id_yacimiento, cuit) values (30, 11, 'Dory', '403-794-5408', 30, '34-60283065-1');
insert into campamento (id_campamento, cant_banos, nombre_responsable, tel_responsable, id_yacimiento, cuit) values (31, 8, 'Bernadine', '358-283-4992', 31, '30-08918048-9');
insert into campamento (id_campamento, cant_banos, nombre_responsable, tel_responsable, id_yacimiento, cuit) values (32, 33, 'Sammy', '644-281-9647', 32, '34077757957');
insert into campamento (id_campamento, cant_banos, nombre_responsable, tel_responsable, id_yacimiento, cuit) values (33, 34, 'Linzy', '687-351-6501', 33, '34228232944');
insert into campamento (id_campamento, cant_banos, nombre_responsable, tel_responsable, id_yacimiento, cuit) values (34, 4, 'Stewart', '303-129-1184', 34, '30545886416');
insert into campamento (id_campamento, cant_banos, nombre_responsable, tel_responsable, id_yacimiento, cuit) values (35, 4, 'Fayina', '683-101-3944', 35, '33-68825650-5');
insert into campamento (id_campamento, cant_banos, nombre_responsable, tel_responsable, id_yacimiento, cuit) values (36, 35, 'Harald', '219-605-9243', 36, '34673904949');
insert into campamento (id_campamento, cant_banos, nombre_responsable, tel_responsable, id_yacimiento, cuit) values (37, 11, 'Christean', '655-526-7093', 37, '34-84463822-0');
insert into campamento (id_campamento, cant_banos, nombre_responsable, tel_responsable, id_yacimiento, cuit) values (38, 40, 'Margo', '367-288-0885', 38, '34-01692998-4');
insert into campamento (id_campamento, cant_banos, nombre_responsable, tel_responsable, id_yacimiento, cuit) values (39, 18, 'Emogene', '325-445-9865', 39, '34-00218293-6');
insert into campamento (id_campamento, cant_banos, nombre_responsable, tel_responsable, id_yacimiento, cuit) values (40, 9, 'Blondy', '108-656-4767', 40, '33-48187145-3');
insert into campamento (id_campamento, cant_banos, nombre_responsable, tel_responsable, id_yacimiento, cuit) values (41, 5, 'Karoline', '354-579-5327', 41, '34081098086');
insert into campamento (id_campamento, cant_banos, nombre_responsable, tel_responsable, id_yacimiento, cuit) values (42, 31, 'Shea', '181-552-1852', 42, '34673904949');
insert into campamento (id_campamento, cant_banos, nombre_responsable, tel_responsable, id_yacimiento, cuit) values (43, 30, 'Herb', '389-699-9082', 43, '33953138693');
insert into campamento (id_campamento, cant_banos, nombre_responsable, tel_responsable, id_yacimiento, cuit) values (44, 21, 'Frederica', '572-979-1506', 44, '34871965724');
insert into campamento (id_campamento, cant_banos, nombre_responsable, tel_responsable, id_yacimiento, cuit) values (45, 46, 'Wrennie', '499-866-7543', 45, '34441012940');
insert into campamento (id_campamento, cant_banos, nombre_responsable, tel_responsable, id_yacimiento, cuit) values (46, 25, 'Margarete', '319-298-6635', 46, '34062944285');
insert into campamento (id_campamento, cant_banos, nombre_responsable, tel_responsable, id_yacimiento, cuit) values (47, 36, 'Alexio', '730-241-3450', 47, '30-64006680-4');
insert into campamento (id_campamento, cant_banos, nombre_responsable, tel_responsable, id_yacimiento, cuit) values (48, 11, 'Ambrosio', '890-399-1698', 48, '34081098086');
insert into campamento (id_campamento, cant_banos, nombre_responsable, tel_responsable, id_yacimiento, cuit) values (49, 4, 'Daisie', '667-720-6760', 49, '34-29412464-1');
insert into campamento (id_campamento, cant_banos, nombre_responsable, tel_responsable, id_yacimiento, cuit) values (50, 34, 'Hadley', '253-125-9990', 50, '33006121836');
insert into campamento (id_campamento, cant_banos, nombre_responsable, tel_responsable, id_yacimiento, cuit) values (51, 29, 'Calypso', '908-600-7221', 51, '30-33631569-1');
insert into campamento (id_campamento, cant_banos, nombre_responsable, tel_responsable, id_yacimiento, cuit) values (52, 13, 'Myrta', '553-915-8505', 52, '30233519035');
insert into campamento (id_campamento, cant_banos, nombre_responsable, tel_responsable, id_yacimiento, cuit) values (53, 18, 'Hilliary', '344-353-7954', 53, '34441012940');
insert into campamento (id_campamento, cant_banos, nombre_responsable, tel_responsable, id_yacimiento, cuit) values (54, 10, 'Helga', '323-322-5948', 54, '34992630975');
insert into campamento (id_campamento, cant_banos, nombre_responsable, tel_responsable, id_yacimiento, cuit) values (55, 24, 'Renault', '505-119-6874', 55, '34-72376186-7');
insert into campamento (id_campamento, cant_banos, nombre_responsable, tel_responsable, id_yacimiento, cuit) values (56, 9, 'Edie', '251-377-9221', 56, '33240037869');
insert into campamento (id_campamento, cant_banos, nombre_responsable, tel_responsable, id_yacimiento, cuit) values (57, 37, 'Roselle', '640-161-7810', 57, '34-85512290-8');
insert into campamento (id_campamento, cant_banos, nombre_responsable, tel_responsable, id_yacimiento, cuit) values (58, 29, 'Willey', '726-150-8231', 58, '34-01033475-2');
insert into campamento (id_campamento, cant_banos, nombre_responsable, tel_responsable, id_yacimiento, cuit) values (59, 29, 'Margarita', '991-939-6392', 59, '34-72376186-7');
insert into campamento (id_campamento, cant_banos, nombre_responsable, tel_responsable, id_yacimiento, cuit) values (60, 31, 'Andrej', '221-710-3294', 60, '34-71947188-1');
insert into campamento (id_campamento, cant_banos, nombre_responsable, tel_responsable, id_yacimiento, cuit) values (61, 38, 'Klarika', '697-754-5860', 61, '30403039062');
insert into campamento (id_campamento, cant_banos, nombre_responsable, tel_responsable, id_yacimiento, cuit) values (62, 9, 'Fran', '943-813-5754', 62, '34642564432');
insert into campamento (id_campamento, cant_banos, nombre_responsable, tel_responsable, id_yacimiento, cuit) values (63, 19, 'Madelle', '180-472-1176', 63, '34441012940');
insert into campamento (id_campamento, cant_banos, nombre_responsable, tel_responsable, id_yacimiento, cuit) values (64, 25, 'Fina', '727-473-7397', 64, '34-00218293-6');
insert into campamento (id_campamento, cant_banos, nombre_responsable, tel_responsable, id_yacimiento, cuit) values (65, 20, 'Agnella', '217-253-1906', 65, '34932488098');
insert into campamento (id_campamento, cant_banos, nombre_responsable, tel_responsable, id_yacimiento, cuit) values (66, 9, 'Darn', '731-139-0753', 66, '34-29412464-1');
insert into campamento (id_campamento, cant_banos, nombre_responsable, tel_responsable, id_yacimiento, cuit) values (67, 30, 'Fairleigh', '988-549-0601', 67, '30163285930');
insert into campamento (id_campamento, cant_banos, nombre_responsable, tel_responsable, id_yacimiento, cuit) values (68, 26, 'Ada', '749-512-4553', 68, '34-72376186-7');
insert into campamento (id_campamento, cant_banos, nombre_responsable, tel_responsable, id_yacimiento, cuit) values (69, 30, 'Janifer', '229-507-3102', 69, '34480219175');
insert into campamento (id_campamento, cant_banos, nombre_responsable, tel_responsable, id_yacimiento, cuit) values (70, 19, 'Bambi', '414-267-3822', 70, '34-95629388-4');
insert into campamento (id_campamento, cant_banos, nombre_responsable, tel_responsable, id_yacimiento, cuit) values (71, 49, 'Cammi', '701-944-0040', 71, '34774729906');
insert into campamento (id_campamento, cant_banos, nombre_responsable, tel_responsable, id_yacimiento, cuit) values (72, 38, 'Tobias', '131-687-3729', 72, '34469651350');
insert into campamento (id_campamento, cant_banos, nombre_responsable, tel_responsable, id_yacimiento, cuit) values (73, 13, 'Gae', '305-709-4290', 73, '33-09452420-5');
insert into campamento (id_campamento, cant_banos, nombre_responsable, tel_responsable, id_yacimiento, cuit) values (74, 29, 'Esmaria', '479-427-3094', 74, '30-38520011-6');
insert into campamento (id_campamento, cant_banos, nombre_responsable, tel_responsable, id_yacimiento, cuit) values (75, 39, 'Morie', '886-935-7797', 75, '30-20738827-1');
insert into campamento (id_campamento, cant_banos, nombre_responsable, tel_responsable, id_yacimiento, cuit) values (76, 42, 'Ashbey', '182-242-5843', 76, '34-03288873-0');
insert into campamento (id_campamento, cant_banos, nombre_responsable, tel_responsable, id_yacimiento, cuit) values (77, 48, 'Lilas', '262-868-6435', 77, '34-45770144-8');
insert into campamento (id_campamento, cant_banos, nombre_responsable, tel_responsable, id_yacimiento, cuit) values (78, 46, 'Elysha', '973-973-0155', 78, '30403039062');
insert into campamento (id_campamento, cant_banos, nombre_responsable, tel_responsable, id_yacimiento, cuit) values (79, 40, 'Kelley', '735-782-2186', 79, '34871965724');
insert into campamento (id_campamento, cant_banos, nombre_responsable, tel_responsable, id_yacimiento, cuit) values (80, 18, 'Christophe', '500-135-5241', 80, '30-32898299-1');
insert into campamento (id_campamento, cant_banos, nombre_responsable, tel_responsable, id_yacimiento, cuit) values (81, 22, 'Emelita', '477-736-9531', 81, '34-72376186-7');
insert into campamento (id_campamento, cant_banos, nombre_responsable, tel_responsable, id_yacimiento, cuit) values (82, 15, 'Abdel', '874-184-3486', 82, '33177553164');
insert into campamento (id_campamento, cant_banos, nombre_responsable, tel_responsable, id_yacimiento, cuit) values (83, 15, 'Erminia', '776-230-1217', 83, '34861264039');
insert into campamento (id_campamento, cant_banos, nombre_responsable, tel_responsable, id_yacimiento, cuit) values (84, 13, 'Datha', '383-106-7609', 84, '34-45770144-8');
insert into campamento (id_campamento, cant_banos, nombre_responsable, tel_responsable, id_yacimiento, cuit) values (85, 34, 'Janis', '286-854-0085', 85, '34353696693');
insert into campamento (id_campamento, cant_banos, nombre_responsable, tel_responsable, id_yacimiento, cuit) values (86, 40, 'Melany', '353-699-9685', 86, '33452338575');
insert into campamento (id_campamento, cant_banos, nombre_responsable, tel_responsable, id_yacimiento, cuit) values (87, 39, 'Van', '791-361-7757', 87, '30-32898299-1');
insert into campamento (id_campamento, cant_banos, nombre_responsable, tel_responsable, id_yacimiento, cuit) values (88, 32, 'Alika', '364-298-2886', 88, '30545886416');
insert into campamento (id_campamento, cant_banos, nombre_responsable, tel_responsable, id_yacimiento, cuit) values (89, 14, 'Huntlee', '617-146-3912', 89, '34561008687');
insert into campamento (id_campamento, cant_banos, nombre_responsable, tel_responsable, id_yacimiento, cuit) values (90, 24, 'Delmar', '135-872-8114', 90, '34561008687');
insert into campamento (id_campamento, cant_banos, nombre_responsable, tel_responsable, id_yacimiento, cuit) values (91, 39, 'Verene', '916-783-4116', 91, '34099455780');
insert into campamento (id_campamento, cant_banos, nombre_responsable, tel_responsable, id_yacimiento, cuit) values (92, 45, 'Doria', '871-618-5015', 92, '34062944285');
insert into campamento (id_campamento, cant_banos, nombre_responsable, tel_responsable, id_yacimiento, cuit) values (93, 34, 'Mamie', '402-162-0801', 93, '34-03288873-0');
insert into campamento (id_campamento, cant_banos, nombre_responsable, tel_responsable, id_yacimiento, cuit) values (94, 33, 'Kathryn', '908-426-0482', 94, '34642564432');
insert into campamento (id_campamento, cant_banos, nombre_responsable, tel_responsable, id_yacimiento, cuit) values (95, 9, 'Faith', '466-532-3372', 95, '33663448407');
insert into campamento (id_campamento, cant_banos, nombre_responsable, tel_responsable, id_yacimiento, cuit) values (96, 21, 'Chadwick', '935-202-9202', 96, '33-17165438-7');
insert into campamento (id_campamento, cant_banos, nombre_responsable, tel_responsable, id_yacimiento, cuit) values (97, 44, 'Patrica', '617-305-0592', 97, '34-00218293-6');
insert into campamento (id_campamento, cant_banos, nombre_responsable, tel_responsable, id_yacimiento, cuit) values (98, 9, 'Calida', '922-207-6312', 98, '34-81478409-6');
insert into campamento (id_campamento, cant_banos, nombre_responsable, tel_responsable, id_yacimiento, cuit) values (99, 10, 'Almeta', '256-467-1315', 99, '34840250888');
insert into campamento (id_campamento, cant_banos, nombre_responsable, tel_responsable, id_yacimiento, cuit) values (100, 48, 'Lizbeth', '671-581-1301', 100, '33953138693');


insert into empresa_transporte (cuit, razon_social, direccion) values ('34176149228', 'Wolf-Green', '8270 Farragut Plaza');
insert into empresa_transporte (cuit, razon_social, direccion) values ('34091274427', 'Frami-Grady', '5447 Graedel Way');
insert into empresa_transporte (cuit, razon_social, direccion) values ('34-68683175-0', 'Hermiston, Herman and Orn', '82530 4th Pass');
insert into empresa_transporte (cuit, razon_social, direccion) values ('33-78821650-5', 'Bode-Monahan', '275 Lunder Plaza');
insert into empresa_transporte (cuit, razon_social, direccion) values ('34-41423522-9', 'Leuschke, Mohr and Ritchie', '5176 Carberry Terrace');
insert into empresa_transporte (cuit, razon_social, direccion) values ('34-85612290-8', 'Hansen, Frami and Auer', '1561 Rutledge Court');
insert into empresa_transporte (cuit, razon_social, direccion) values ('33-47165438-7', 'Hessel Inc', '5 Pleasure Court');
insert into empresa_transporte (cuit, razon_social, direccion) values ('34-01633475-2', 'Pollich Inc', '92 Pepper Wood Circle');
insert into empresa_transporte (cuit, razon_social, direccion) values ('34932388098', 'Mante LLC', '11646 3rd Hill');
insert into empresa_transporte (cuit, razon_social, direccion) values ('34-65218293-2', 'Kautzer-Huels', '630 Erie Parkway');
insert into empresa_transporte (cuit, razon_social, direccion) values ('33126121836', 'Bartell, Padberg and Jenkins', '076 Twin Pines Alley');
insert into empresa_transporte (cuit, razon_social, direccion) values ('33-49452420-5', 'Von-Wilderman', '7 Haas Way');
insert into empresa_transporte (cuit, razon_social, direccion) values ('30-20728527-1', 'Beier, Hauck and Barrows', '912 Morrow Point');
insert into empresa_transporte (cuit, razon_social, direccion) values ('33245237869', 'Kessler-Tillman', '826 Ryan Street');
insert into empresa_transporte (cuit, razon_social, direccion) values ('34480289175', 'Greenfelder-Medhurst', '91 Merry Crossing');
insert into empresa_transporte (cuit, razon_social, direccion) values ('30542455612', 'Adams and Sons', '58775 Maple Wood Lane');
insert into empresa_transporte (cuit, razon_social, direccion) values ('34-72323186-7', 'Gusikowski, Hamill and Schneider', '7536 Rusk Way');
insert into empresa_transporte (cuit, razon_social, direccion) values ('33157365371', 'Aufderhar, Reynolds and Wehner', '26 Starling Trail');
insert into empresa_transporte (cuit, razon_social, direccion) values ('33022450682', 'Wilkinson, Reichel and Lockman', '995 Washington Avenue');
insert into empresa_transporte (cuit, razon_social, direccion) values ('30-43339192-0', 'Schamberger-Ratke', '91698 Monument Place');


insert into traslada (cuit, fecha, id_planta) values ('30692992172', '2020-06-18', 1);
insert into traslada (cuit, fecha, id_planta) values ('34-45112908-6', '2019-09-07', 2);
insert into traslada (cuit, fecha, id_planta) values ('34861264039', '2019-02-10', 3);
insert into traslada (cuit, fecha, id_planta) values ('33-79593481-4', '2019-10-24', 4);
insert into traslada (cuit, fecha, id_planta) values ('34992630975', '2020-06-09', 5);
insert into traslada (cuit, fecha, id_planta) values ('34-45112908-6', '2020-04-30', 6);
insert into traslada (cuit, fecha, id_planta) values ('34-71947188-1', '2019-11-10', 7);
insert into traslada (cuit, fecha, id_planta) values ('34561008687', '2020-09-02', 8);
insert into traslada (cuit, fecha, id_planta) values ('34561008687', '2019-07-02', 9);
insert into traslada (cuit, fecha, id_planta) values ('34526924822', '2019-10-02', 10);
insert into traslada (cuit, fecha, id_planta) values ('33177553164', '2020-06-23', 11);
insert into traslada (cuit, fecha, id_planta) values ('34871965724', '2019-07-16', 12);
insert into traslada (cuit, fecha, id_planta) values ('30-08918048-9', '2019-09-29', 13);
insert into traslada (cuit, fecha, id_planta) values ('34658800707', '2019-07-27', 14);
insert into traslada (cuit, fecha, id_planta) values ('30777037216', '2019-11-18', 15);
insert into traslada (cuit, fecha, id_planta) values ('34-29412464-1', '2020-02-22', 16);
insert into traslada (cuit, fecha, id_planta) values ('33-17165438-7', '2020-02-19', 17);
insert into traslada (cuit, fecha, id_planta) values ('34-68863175-0', '2019-05-01', 18);
insert into traslada (cuit, fecha, id_planta) values ('34658800707', '2019-12-17', 19);
insert into traslada (cuit, fecha, id_planta) values ('34741767016', '2019-01-16', 20);
insert into traslada (cuit, fecha, id_planta) values ('33006121836', '2019-02-21', 21);
insert into traslada (cuit, fecha, id_planta) values ('30-16724089-7', '2019-07-12', 22);
insert into traslada (cuit, fecha, id_planta) values ('34-84463822-0', '2020-07-28', 23);
insert into traslada (cuit, fecha, id_planta) values ('30-64006680-4', '2019-11-18', 24);
insert into traslada (cuit, fecha, id_planta) values ('30-48695232-4', '2019-08-27', 25);
insert into traslada (cuit, fecha, id_planta) values ('34228232944', '2019-11-29', 26);
insert into traslada (cuit, fecha, id_planta) values ('34673904949', '2020-03-18', 27);
insert into traslada (cuit, fecha, id_planta) values ('30-20738827-1', '2019-06-13', 28);
insert into traslada (cuit, fecha, id_planta) values ('30774152872', '2019-12-11', 29);
insert into traslada (cuit, fecha, id_planta) values ('30777037216', '2019-10-19', 30);
insert into traslada (cuit, fecha, id_planta) values ('30-27080907-2', '2020-01-07', 31);
insert into traslada (cuit, fecha, id_planta) values ('33-68825650-5', '2020-03-21', 32);
insert into traslada (cuit, fecha, id_planta) values ('34694063270', '2020-05-17', 33);
insert into traslada (cuit, fecha, id_planta) values ('33-96758750-3', '2020-04-26', 34);
insert into traslada (cuit, fecha, id_planta) values ('30692992172', '2020-03-21', 35);
insert into traslada (cuit, fecha, id_planta) values ('30163285930', '2020-05-11', 36);
insert into traslada (cuit, fecha, id_planta) values ('30936918409', '2020-04-18', 37);
insert into traslada (cuit, fecha, id_planta) values ('34-84463822-0', '2019-05-23', 38);
insert into traslada (cuit, fecha, id_planta) values ('34774729906', '2019-02-28', 39);
insert into traslada (cuit, fecha, id_planta) values ('34-41400522-9', '2020-01-31', 40);
insert into traslada (cuit, fecha, id_planta) values ('33177553164', '2019-04-29', 41);
insert into traslada (cuit, fecha, id_planta) values ('34-50210560-0', '2019-05-30', 42);
insert into traslada (cuit, fecha, id_planta) values ('34-41400522-9', '2019-12-08', 43);
insert into traslada (cuit, fecha, id_planta) values ('34480219175', '2019-11-10', 44);
insert into traslada (cuit, fecha, id_planta) values ('34662844483', '2019-07-03', 45);
insert into traslada (cuit, fecha, id_planta) values ('34-72376186-7', '2020-04-05', 46);
insert into traslada (cuit, fecha, id_planta) values ('30226662435', '2020-05-28', 47);
insert into traslada (cuit, fecha, id_planta) values ('34-45112908-6', '2019-11-25', 48);
insert into traslada (cuit, fecha, id_planta) values ('30403039062', '2019-10-04', 49);
insert into traslada (cuit, fecha, id_planta) values ('34-68863175-0', '2019-11-21', 50);
insert into traslada (cuit, fecha, id_planta) values ('34099455780', '2020-09-27', 51);
insert into traslada (cuit, fecha, id_planta) values ('34741767016', '2019-03-20', 52);
insert into traslada (cuit, fecha, id_planta) values ('34-01692998-4', '2019-02-24', 53);
insert into traslada (cuit, fecha, id_planta) values ('34-60283065-1', '2019-08-13', 54);
insert into traslada (cuit, fecha, id_planta) values ('30163285930', '2020-09-02', 55);
insert into traslada (cuit, fecha, id_planta) values ('34441012940', '2019-08-22', 56);
insert into traslada (cuit, fecha, id_planta) values ('34077757957', '2020-04-12', 57);
insert into traslada (cuit, fecha, id_planta) values ('34-41400522-9', '2020-05-14', 58);
insert into traslada (cuit, fecha, id_planta) values ('34476644037', '2020-03-21', 59);
insert into traslada (cuit, fecha, id_planta) values ('33452338575', '2019-04-12', 60);
insert into traslada (cuit, fecha, id_planta) values ('34992630975', '2020-08-10', 61);
insert into traslada (cuit, fecha, id_planta) values ('30692992172', '2019-03-19', 62);
insert into traslada (cuit, fecha, id_planta) values ('33452338575', '2019-10-10', 63);
insert into traslada (cuit, fecha, id_planta) values ('33006121836', '2020-06-19', 64);
insert into traslada (cuit, fecha, id_planta) values ('33-79593481-4', '2020-08-09', 65);
insert into traslada (cuit, fecha, id_planta) values ('34-50210560-0', '2019-06-06', 66);
insert into traslada (cuit, fecha, id_planta) values ('33750482049', '2019-02-12', 67);
insert into traslada (cuit, fecha, id_planta) values ('34-84463822-0', '2019-01-08', 68);
insert into traslada (cuit, fecha, id_planta) values ('34861264039', '2020-09-19', 69);
insert into traslada (cuit, fecha, id_planta) values ('30-38520011-6', '2020-04-09', 70);
insert into traslada (cuit, fecha, id_planta) values ('34774729906', '2020-03-05', 71);
insert into traslada (cuit, fecha, id_planta) values ('30-08918048-9', '2020-07-24', 72);
insert into traslada (cuit, fecha, id_planta) values ('33071595216', '2020-07-09', 73);
insert into traslada (cuit, fecha, id_planta) values ('30226662435', '2019-03-18', 74);
insert into traslada (cuit, fecha, id_planta) values ('33-59810738-6', '2019-08-28', 75);
insert into traslada (cuit, fecha, id_planta) values ('30692992172', '2019-04-30', 76);
insert into traslada (cuit, fecha, id_planta) values ('34176149118', '2020-03-06', 77);
insert into traslada (cuit, fecha, id_planta) values ('34871965724', '2020-05-28', 78);
insert into traslada (cuit, fecha, id_planta) values ('34-84463822-0', '2020-09-18', 79);
insert into traslada (cuit, fecha, id_planta) values ('30-48695232-4', '2019-02-11', 80);
insert into traslada (cuit, fecha, id_planta) values ('30777037216', '2019-10-26', 81);
insert into traslada (cuit, fecha, id_planta) values ('30546457612', '2019-02-03', 82);
insert into traslada (cuit, fecha, id_planta) values ('30774152872', '2020-07-15', 83);
insert into traslada (cuit, fecha, id_planta) values ('34658800707', '2019-11-25', 84);
insert into traslada (cuit, fecha, id_planta) values ('33071450682', '2019-03-19', 85);
insert into traslada (cuit, fecha, id_planta) values ('30774152872', '2020-06-20', 86);
insert into traslada (cuit, fecha, id_planta) values ('33-09452420-5', '2019-10-28', 87);
insert into traslada (cuit, fecha, id_planta) values ('34176149118', '2019-02-12', 88);
insert into traslada (cuit, fecha, id_planta) values ('30-33631569-1', '2020-09-02', 89);
insert into traslada (cuit, fecha, id_planta) values ('30-40190760-7', '2019-05-28', 90);
insert into traslada (cuit, fecha, id_planta) values ('30545886416', '2020-05-17', 91);
insert into traslada (cuit, fecha, id_planta) values ('34774729906', '2020-08-22', 92);
insert into traslada (cuit, fecha, id_planta) values ('30-32898299-1', '2019-06-26', 93);
insert into traslada (cuit, fecha, id_planta) values ('30163285930', '2019-09-02', 94);
insert into traslada (cuit, fecha, id_planta) values ('30-81222572-6', '2019-10-26', 95);
insert into traslada (cuit, fecha, id_planta) values ('34176149118', '2020-01-07', 96);
insert into traslada (cuit, fecha, id_planta) values ('30233519035', '2020-05-14', 97);
insert into traslada (cuit, fecha, id_planta) values ('33071595216', '2019-05-04', 98);
insert into traslada (cuit, fecha, id_planta) values ('30774152872', '2019-10-12', 99);
insert into traslada (cuit, fecha, id_planta) values ('30546457612', '2019-06-17', 100);


insert into contrato (id_contrato, fecha_inicio, fecha_fin, descripcion, monto, cuit) values (1, '2019-12-03', '2020-06-02', null, 34738, '34176149228');
insert into contrato (id_contrato, fecha_inicio, fecha_fin, descripcion, monto, cuit) values (2, '2019-10-29', '2020-07-07', null, 12203, '34091274427');
insert into contrato (id_contrato, fecha_inicio, fecha_fin, descripcion, monto, cuit) values (3, '2019-12-11', '2020-06-01', null, 35761, '34-68683175-0');
insert into contrato (id_contrato, fecha_inicio, fecha_fin, descripcion, monto, cuit) values (4, '2019-10-31', '2020-09-22', null, 18558, '33-78821650-5');
insert into contrato (id_contrato, fecha_inicio, fecha_fin, descripcion, monto, cuit) values (5, '2019-10-10', '2020-01-11', 'Curabitur in libero ut massa volutpat convallis.', 29099, '34-41423522-9');
insert into contrato (id_contrato, fecha_inicio, fecha_fin, descripcion, monto, cuit) values (6, '2019-10-01', '2020-08-17', 'In congue.', 31521, '34-85612290-8');
insert into contrato (id_contrato, fecha_inicio, fecha_fin, descripcion, monto, cuit) values (7, '2019-12-26', '2020-02-19', null, 27719, '33-47165438-7');
insert into contrato (id_contrato, fecha_inicio, fecha_fin, descripcion, monto, cuit) values (8, '2019-10-07', '2020-04-08', 'Nullam molestie nibh in lectus.', 28906, '34-01633475-2');
insert into contrato (id_contrato, fecha_inicio, fecha_fin, descripcion, monto, cuit) values (9, '2019-11-25', '2020-07-12', 'Nulla facilisi.', 16703, '34932388098');
insert into contrato (id_contrato, fecha_inicio, fecha_fin, descripcion, monto, cuit) values (10, '2019-11-18', '2020-07-01', null, 27741, '34-65218293-2');
insert into contrato (id_contrato, fecha_inicio, fecha_fin, descripcion, monto, cuit) values (11, '2019-11-09', '2020-06-13', 'Curabitur at ipsum ac tellus semper interdum. Mauris ullamcorper purus sit amet nulla.', 13779, '33126121836');
insert into contrato (id_contrato, fecha_inicio, fecha_fin, descripcion, monto, cuit) values (12, '2019-10-11', '2020-07-09', 'Donec ut dolor.', 23947, '33-49452420-5');
insert into contrato (id_contrato, fecha_inicio, fecha_fin, descripcion, monto, cuit) values (13, '2019-11-11', '2020-01-01', 'Nam congue, risus semper porta volutpat, quam pede lobortis ligula, sit amet eleifend pede libero quis orci. Nullam molestie nibh in lectus. Pellentesque at nulla.', 12527, '30-20728527-1');
insert into contrato (id_contrato, fecha_inicio, fecha_fin, descripcion, monto, cuit) values (14, '2019-10-28', '2020-08-07', 'Nullam porttitor lacus at turpis. Donec posuere metus vitae ipsum. Aliquam non mauris.', 37996, '33245237869');
insert into contrato (id_contrato, fecha_inicio, fecha_fin, descripcion, monto, cuit) values (15, '2019-12-17', '2020-04-15', null, 26915, '34480289175');
insert into contrato (id_contrato, fecha_inicio, fecha_fin, descripcion, monto, cuit) values (16, '2019-10-09', '2020-03-27', null, 15669, '30542455612');
insert into contrato (id_contrato, fecha_inicio, fecha_fin, descripcion, monto, cuit) values (17, '2019-10-28', '2020-09-26', null, 32242, '34-72323186-7');
insert into contrato (id_contrato, fecha_inicio, fecha_fin, descripcion, monto, cuit) values (18, '2019-12-28', '2020-02-05', null, 11397, '33157365371');
insert into contrato (id_contrato, fecha_inicio, fecha_fin, descripcion, monto, cuit) values (19, '2019-12-02', '2020-03-17', 'Morbi vel lectus in quam fringilla rhoncus.', 28046, '33022450682');
insert into contrato (id_contrato, fecha_inicio, fecha_fin, descripcion, monto, cuit) values (20, '2019-11-21', '2020-07-08', null, 29198, '30-43339192-0');
insert into contrato (id_contrato, fecha_inicio, fecha_fin, descripcion, monto, cuit) values (21, '2019-10-08', '2020-02-19', null, 23567, '34176149228');
insert into contrato (id_contrato, fecha_inicio, fecha_fin, descripcion, monto, cuit) values (22, '2019-11-20', '2020-01-08', null, 21061, '34091274427');
insert into contrato (id_contrato, fecha_inicio, fecha_fin, descripcion, monto, cuit) values (23, '2019-12-14', '2020-07-15', null, 37440, '34-68683175-0');
insert into contrato (id_contrato, fecha_inicio, fecha_fin, descripcion, monto, cuit) values (24, '2019-12-09', '2020-07-26', null, 20340, '33-78821650-5');
insert into contrato (id_contrato, fecha_inicio, fecha_fin, descripcion, monto, cuit) values (25, '2019-11-24', '2020-09-02', 'Vivamus in felis eu sapien cursus vestibulum.', 15982, '34-41423522-9');
insert into contrato (id_contrato, fecha_inicio, fecha_fin, descripcion, monto, cuit) values (26, '2019-12-18', '2020-04-08', 'Donec ut mauris eget massa tempor convallis. Nulla neque libero, convallis eget, eleifend luctus, ultricies eu, nibh.', 38064, '34-85612290-8');
insert into contrato (id_contrato, fecha_inicio, fecha_fin, descripcion, monto, cuit) values (27, '2019-12-16', '2020-01-25', null, 13551, '33-47165438-7');
insert into contrato (id_contrato, fecha_inicio, fecha_fin, descripcion, monto, cuit) values (28, '2019-11-17', '2020-06-23', null, 37163, '34-01633475-2');
insert into contrato (id_contrato, fecha_inicio, fecha_fin, descripcion, monto, cuit) values (29, '2019-11-26', '2020-02-17', null, 24482, '34932388098');
insert into contrato (id_contrato, fecha_inicio, fecha_fin, descripcion, monto, cuit) values (30, '2019-12-11', '2020-05-16', null, 36639, '34-65218293-2');
insert into contrato (id_contrato, fecha_inicio, fecha_fin, descripcion, monto, cuit) values (31, '2019-11-16', '2020-05-28', 'Praesent lectus. Vestibulum quam sapien, varius ut, blandit non, interdum in, ante. Vestibulum ante ipsum primis in faucibus orci luctus et ultrices posuere cubilia Curae; Duis faucibus accumsan odio.', 23385, '33126121836');
insert into contrato (id_contrato, fecha_inicio, fecha_fin, descripcion, monto, cuit) values (32, '2019-12-05', '2020-02-29', 'Nunc nisl. Duis bibendum, felis sed interdum venenatis, turpis enim blandit mi, in porttitor pede justo eu massa. Donec dapibus.', 16174, '33-49452420-5');
insert into contrato (id_contrato, fecha_inicio, fecha_fin, descripcion, monto, cuit) values (33, '2019-12-27', '2020-01-12', null, 22391, '30-20728527-1');
insert into contrato (id_contrato, fecha_inicio, fecha_fin, descripcion, monto, cuit) values (34, '2019-12-04', '2020-05-04', 'Nunc purus.', 28725, '33245237869');
insert into contrato (id_contrato, fecha_inicio, fecha_fin, descripcion, monto, cuit) values (35, '2019-12-05', '2020-05-27', 'Fusce consequat. Nulla nisl.', 15042, '34480289175');
insert into contrato (id_contrato, fecha_inicio, fecha_fin, descripcion, monto, cuit) values (36, '2019-12-27', '2020-01-29', null, 13907, '30542455612');
insert into contrato (id_contrato, fecha_inicio, fecha_fin, descripcion, monto, cuit) values (37, '2019-10-17', '2020-05-15', null, 24610, '34-72323186-7');
insert into contrato (id_contrato, fecha_inicio, fecha_fin, descripcion, monto, cuit) values (38, '2019-12-09', '2020-01-23', null, 30418, '33157365371');
insert into contrato (id_contrato, fecha_inicio, fecha_fin, descripcion, monto, cuit) values (39, '2019-12-04', '2020-02-07', null, 27493, '33022450682');
insert into contrato (id_contrato, fecha_inicio, fecha_fin, descripcion, monto, cuit) values (40, '2019-12-03', '2020-03-23', 'Morbi porttitor lorem id ligula. Suspendisse ornare consequat lectus. In est risus, auctor sed, tristique in, tempus sit amet, sem.', 38702, '30-43339192-0');
insert into contrato (id_contrato, fecha_inicio, fecha_fin, descripcion, monto, cuit) values (41, '2019-11-08', '2020-05-18', null, 37696, '34176149228');
insert into contrato (id_contrato, fecha_inicio, fecha_fin, descripcion, monto, cuit) values (42, '2019-11-17', '2020-02-05', null, 10170, '34091274427');
insert into contrato (id_contrato, fecha_inicio, fecha_fin, descripcion, monto, cuit) values (43, '2019-11-02', '2020-05-19', 'Integer tincidunt ante vel ipsum. Praesent blandit lacinia erat. Vestibulum sed magna at nunc commodo placerat.', 12255, '34-68683175-0');
insert into contrato (id_contrato, fecha_inicio, fecha_fin, descripcion, monto, cuit) values (44, '2019-12-04', '2020-04-18', null, 34300, '33-78821650-5');
insert into contrato (id_contrato, fecha_inicio, fecha_fin, descripcion, monto, cuit) values (45, '2019-11-07', '2020-09-20', null, 29526, '34-41423522-9');
insert into contrato (id_contrato, fecha_inicio, fecha_fin, descripcion, monto, cuit) values (46, '2019-11-20', '2020-05-19', null, 19890, '34-85612290-8');
insert into contrato (id_contrato, fecha_inicio, fecha_fin, descripcion, monto, cuit) values (47, '2019-10-25', '2020-07-11', null, 20946, '33-47165438-7');
insert into contrato (id_contrato, fecha_inicio, fecha_fin, descripcion, monto, cuit) values (48, '2019-10-02', '2020-09-02', 'Praesent blandit.', 30191, '34-01633475-2');
insert into contrato (id_contrato, fecha_inicio, fecha_fin, descripcion, monto, cuit) values (49, '2019-11-07', '2020-05-03', 'Fusce lacus purus, aliquet at, feugiat non, pretium quis, lectus.', 34437, '34932388098');
insert into contrato (id_contrato, fecha_inicio, fecha_fin, descripcion, monto, cuit) values (50, '2019-10-12', '2020-02-17', 'Morbi a ipsum. Integer a nibh. In quis justo.', 28968, '34-65218293-2');
insert into contrato (id_contrato, fecha_inicio, fecha_fin, descripcion, monto, cuit) values (51, '2019-10-22', '2020-02-01', null, 15477, '33126121836');
insert into contrato (id_contrato, fecha_inicio, fecha_fin, descripcion, monto, cuit) values (52, '2019-10-15', '2020-03-21', null, 36822, '33-49452420-5');
insert into contrato (id_contrato, fecha_inicio, fecha_fin, descripcion, monto, cuit) values (53, '2019-12-12', '2020-02-08', null, 15118, '30-20728527-1');
insert into contrato (id_contrato, fecha_inicio, fecha_fin, descripcion, monto, cuit) values (54, '2019-10-23', '2020-04-08', null, 31416, '33245237869');
insert into contrato (id_contrato, fecha_inicio, fecha_fin, descripcion, monto, cuit) values (55, '2019-11-08', '2020-03-11', 'In sagittis dui vel nisl.', 29363, '34480289175');
insert into contrato (id_contrato, fecha_inicio, fecha_fin, descripcion, monto, cuit) values (56, '2019-12-29', '2020-09-04', null, 21018, '30542455612');
insert into contrato (id_contrato, fecha_inicio, fecha_fin, descripcion, monto, cuit) values (57, '2019-10-13', '2020-08-24', 'Aenean lectus. Pellentesque eget nunc.', 27885, '34-72323186-7');
insert into contrato (id_contrato, fecha_inicio, fecha_fin, descripcion, monto, cuit) values (58, '2019-12-12', '2020-03-03', 'Curabitur gravida nisi at nibh. In hac habitasse platea dictumst. Aliquam augue quam, sollicitudin vitae, consectetuer eget, rutrum at, lorem.', 12915, '33157365371');
insert into contrato (id_contrato, fecha_inicio, fecha_fin, descripcion, monto, cuit) values (59, '2019-10-15', '2020-05-09', null, 14119, '33022450682');
insert into contrato (id_contrato, fecha_inicio, fecha_fin, descripcion, monto, cuit) values (60, '2019-12-12', '2020-06-29', 'Pellentesque eget nunc. Donec quis orci eget orci vehicula condimentum.', 34660, '30-43339192-0');
insert into contrato (id_contrato, fecha_inicio, fecha_fin, descripcion, monto, cuit) values (61, '2019-11-28', '2020-06-23', null, 13489, '34176149228');
insert into contrato (id_contrato, fecha_inicio, fecha_fin, descripcion, monto, cuit) values (62, '2019-10-24', '2020-04-19', null, 16806, '34091274427');
insert into contrato (id_contrato, fecha_inicio, fecha_fin, descripcion, monto, cuit) values (63, '2019-12-18', '2020-09-20', null, 35041, '34-68683175-0');
insert into contrato (id_contrato, fecha_inicio, fecha_fin, descripcion, monto, cuit) values (64, '2019-12-09', '2020-07-11', null, 35203, '33-78821650-5');
insert into contrato (id_contrato, fecha_inicio, fecha_fin, descripcion, monto, cuit) values (65, '2019-12-04', '2020-01-13', null, 37038, '34-41423522-9');
insert into contrato (id_contrato, fecha_inicio, fecha_fin, descripcion, monto, cuit) values (66, '2019-10-23', '2020-08-28', null, 37911, '34-85612290-8');
insert into contrato (id_contrato, fecha_inicio, fecha_fin, descripcion, monto, cuit) values (67, '2019-10-22', '2020-08-10', null, 13671, '33-47165438-7');
insert into contrato (id_contrato, fecha_inicio, fecha_fin, descripcion, monto, cuit) values (68, '2019-12-30', '2020-07-01', 'Curabitur at ipsum ac tellus semper interdum.', 32934, '34-01633475-2');
insert into contrato (id_contrato, fecha_inicio, fecha_fin, descripcion, monto, cuit) values (69, '2019-11-06', '2020-09-02', null, 27100, '34932388098');
insert into contrato (id_contrato, fecha_inicio, fecha_fin, descripcion, monto, cuit) values (70, '2019-12-17', '2020-07-12', null, 33282, '34-65218293-2');
insert into contrato (id_contrato, fecha_inicio, fecha_fin, descripcion, monto, cuit) values (71, '2019-11-30', '2020-02-07', 'Sed accumsan felis.', 18341, '33126121836');
insert into contrato (id_contrato, fecha_inicio, fecha_fin, descripcion, monto, cuit) values (72, '2019-10-08', '2020-08-01', null, 23684, '33-49452420-5');
insert into contrato (id_contrato, fecha_inicio, fecha_fin, descripcion, monto, cuit) values (73, '2019-11-22', '2020-01-01', null, 37851, '30-20728527-1');
insert into contrato (id_contrato, fecha_inicio, fecha_fin, descripcion, monto, cuit) values (74, '2019-10-04', '2020-07-07', null, 13542, '33245237869');
insert into contrato (id_contrato, fecha_inicio, fecha_fin, descripcion, monto, cuit) values (75, '2019-11-09', '2020-03-10', 'Vivamus tortor. Duis mattis egestas metus. Aenean fermentum.', 21238, '34480289175');
insert into contrato (id_contrato, fecha_inicio, fecha_fin, descripcion, monto, cuit) values (76, '2019-11-15', '2020-06-18', null, 18915, '30542455612');
insert into contrato (id_contrato, fecha_inicio, fecha_fin, descripcion, monto, cuit) values (77, '2019-10-14', '2020-07-22', 'In quis justo.', 33353, '34-72323186-7');
insert into contrato (id_contrato, fecha_inicio, fecha_fin, descripcion, monto, cuit) values (78, '2019-12-21', '2020-06-30', null, 37202, '33157365371');
insert into contrato (id_contrato, fecha_inicio, fecha_fin, descripcion, monto, cuit) values (79, '2019-10-30', '2020-09-06', null, 26135, '33022450682');
insert into contrato (id_contrato, fecha_inicio, fecha_fin, descripcion, monto, cuit) values (80, '2019-10-26', '2020-01-15', 'Duis bibendum. Morbi non quam nec dui luctus rutrum. Nulla tellus.', 24474, '30-43339192-0');
insert into contrato (id_contrato, fecha_inicio, fecha_fin, descripcion, monto, cuit) values (81, '2019-10-17', '2020-06-07', null, 36458, '34176149228');
insert into contrato (id_contrato, fecha_inicio, fecha_fin, descripcion, monto, cuit) values (82, '2019-12-06', '2020-09-15', null, 24911, '34091274427');
insert into contrato (id_contrato, fecha_inicio, fecha_fin, descripcion, monto, cuit) values (83, '2019-12-08', '2020-03-21', 'Cras non velit nec nisi vulputate nonummy. Maecenas tincidunt lacus at velit.', 19623, '34-68683175-0');
insert into contrato (id_contrato, fecha_inicio, fecha_fin, descripcion, monto, cuit) values (84, '2019-11-09', '2020-03-04', null, 18121, '33-78821650-5');
insert into contrato (id_contrato, fecha_inicio, fecha_fin, descripcion, monto, cuit) values (85, '2019-10-18', '2020-06-24', null, 22660, '34-41423522-9');
insert into contrato (id_contrato, fecha_inicio, fecha_fin, descripcion, monto, cuit) values (86, '2019-12-08', '2020-04-10', null, 14485, '34-85612290-8');
insert into contrato (id_contrato, fecha_inicio, fecha_fin, descripcion, monto, cuit) values (87, '2019-12-07', '2020-07-11', null, 17258, '33-47165438-7');
insert into contrato (id_contrato, fecha_inicio, fecha_fin, descripcion, monto, cuit) values (88, '2019-10-30', '2020-05-18', null, 27173, '34-01633475-2');
insert into contrato (id_contrato, fecha_inicio, fecha_fin, descripcion, monto, cuit) values (89, '2019-10-06', '2020-05-06', null, 14628, '34932388098');
insert into contrato (id_contrato, fecha_inicio, fecha_fin, descripcion, monto, cuit) values (90, '2019-11-18', '2020-06-02', null, 17642, '34-65218293-2');
insert into contrato (id_contrato, fecha_inicio, fecha_fin, descripcion, monto, cuit) values (91, '2019-12-19', '2020-02-21', 'Vestibulum ac est lacinia nisi venenatis tristique. Fusce congue, diam id ornare imperdiet, sapien urna pretium nisl, ut volutpat sapien arcu sed augue. Aliquam erat volutpat.', 32573, '33126121836');
insert into contrato (id_contrato, fecha_inicio, fecha_fin, descripcion, monto, cuit) values (92, '2019-12-10', '2020-04-27', 'Curabitur gravida nisi at nibh. In hac habitasse platea dictumst. Aliquam augue quam, sollicitudin vitae, consectetuer eget, rutrum at, lorem.', 24304, '33-49452420-5');
insert into contrato (id_contrato, fecha_inicio, fecha_fin, descripcion, monto, cuit) values (93, '2019-12-16', '2020-01-04', null, 23845, '30-20728527-1');
insert into contrato (id_contrato, fecha_inicio, fecha_fin, descripcion, monto, cuit) values (94, '2019-12-02', '2020-02-08', null, 13016, '33245237869');
insert into contrato (id_contrato, fecha_inicio, fecha_fin, descripcion, monto, cuit) values (95, '2019-10-09', '2020-08-09', null, 34672, '34480289175');
insert into contrato (id_contrato, fecha_inicio, fecha_fin, descripcion, monto, cuit) values (96, '2019-10-08', '2020-09-22', 'Nulla ut erat id mauris vulputate elementum. Nullam varius. Nulla facilisi.', 32613, '30542455612');
insert into contrato (id_contrato, fecha_inicio, fecha_fin, descripcion, monto, cuit) values (97, '2019-12-09', '2020-03-25', null, 17489, '34-72323186-7');
insert into contrato (id_contrato, fecha_inicio, fecha_fin, descripcion, monto, cuit) values (98, '2019-09-30', '2020-09-05', null, 24923, '33157365371');
insert into contrato (id_contrato, fecha_inicio, fecha_fin, descripcion, monto, cuit) values (99, '2019-09-30', '2020-04-26', 'Morbi vestibulum, velit id pretium iaculis, diam erat fermentum justo, nec condimentum neque sapien placerat ante.', 24210, '33022450682');
insert into contrato (id_contrato, fecha_inicio, fecha_fin, descripcion, monto, cuit) values (100, '2019-12-03', '2020-08-27', null, 22361, '30-43339192-0');


insert into mantenimiento (id_mantenimiento, id_planta, fecha, hora, detalle) values (1, 16, '2020-09-01', '10:21', null);
insert into mantenimiento (id_mantenimiento, id_planta, fecha, hora, detalle) values (2, 59, '2019-07-31', '13:17', null);
insert into mantenimiento (id_mantenimiento, id_planta, fecha, hora, detalle) values (3, 81, '2020-03-25', '9:47', null);
insert into mantenimiento (id_mantenimiento, id_planta, fecha, hora, detalle) values (4, 40, '2020-05-17', '21:24', null);
insert into mantenimiento (id_mantenimiento, id_planta, fecha, hora, detalle) values (5, 15, '2019-01-24', '18:01', null);
insert into mantenimiento (id_mantenimiento, id_planta, fecha, hora, detalle) values (6, 42, '2019-08-11', '19:59', null);
insert into mantenimiento (id_mantenimiento, id_planta, fecha, hora, detalle) values (7, 47, '2019-10-19', '17:17', null);
insert into mantenimiento (id_mantenimiento, id_planta, fecha, hora, detalle) values (8, 5, '2019-03-20', '10:08', null);
insert into mantenimiento (id_mantenimiento, id_planta, fecha, hora, detalle) values (9, 10, '2020-09-19', '21:27', null);
insert into mantenimiento (id_mantenimiento, id_planta, fecha, hora, detalle) values (10, 72, '2019-05-24', '9:16', null);
insert into mantenimiento (id_mantenimiento, id_planta, fecha, hora, detalle) values (11, 59, '2019-07-07', '20:24', null);
insert into mantenimiento (id_mantenimiento, id_planta, fecha, hora, detalle) values (12, 76, '2019-04-09', '10:10', null);
insert into mantenimiento (id_mantenimiento, id_planta, fecha, hora, detalle) values (13, 42, '2019-03-12', '7:07', null);
insert into mantenimiento (id_mantenimiento, id_planta, fecha, hora, detalle) values (14, 70, '2019-03-28', '12:26', null);
insert into mantenimiento (id_mantenimiento, id_planta, fecha, hora, detalle) values (15, 78, '2019-02-25', '6:34', null);
insert into mantenimiento (id_mantenimiento, id_planta, fecha, hora, detalle) values (16, 99, '2019-12-17', '20:47', 'In hac habitasse platea dictumst.');
insert into mantenimiento (id_mantenimiento, id_planta, fecha, hora, detalle) values (17, 77, '2019-12-30', '19:35', 'Nulla ac enim.');
insert into mantenimiento (id_mantenimiento, id_planta, fecha, hora, detalle) values (18, 23, '2019-12-29', '17:01', null);
insert into mantenimiento (id_mantenimiento, id_planta, fecha, hora, detalle) values (19, 39, '2019-05-13', '7:35', null);
insert into mantenimiento (id_mantenimiento, id_planta, fecha, hora, detalle) values (20, 38, '2020-02-20', '10:19', null);
insert into mantenimiento (id_mantenimiento, id_planta, fecha, hora, detalle) values (21, 59, '2019-09-09', '5:04', null);
insert into mantenimiento (id_mantenimiento, id_planta, fecha, hora, detalle) values (22, 83, '2019-01-12', '11:16', null);
insert into mantenimiento (id_mantenimiento, id_planta, fecha, hora, detalle) values (23, 88, '2020-07-09', '9:25', null);
insert into mantenimiento (id_mantenimiento, id_planta, fecha, hora, detalle) values (24, 52, '2019-07-02', '1:02', null);
insert into mantenimiento (id_mantenimiento, id_planta, fecha, hora, detalle) values (25, 67, '2020-02-08', '2:45', null);
insert into mantenimiento (id_mantenimiento, id_planta, fecha, hora, detalle) values (26, 64, '2019-01-28', '19:39', null);
insert into mantenimiento (id_mantenimiento, id_planta, fecha, hora, detalle) values (27, 77, '2019-08-07', '1:06', null);
insert into mantenimiento (id_mantenimiento, id_planta, fecha, hora, detalle) values (28, 83, '2019-05-13', '23:13', null);
insert into mantenimiento (id_mantenimiento, id_planta, fecha, hora, detalle) values (29, 19, '2019-07-08', '6:15', null);
insert into mantenimiento (id_mantenimiento, id_planta, fecha, hora, detalle) values (30, 94, '2019-04-19', '22:02', null);
insert into mantenimiento (id_mantenimiento, id_planta, fecha, hora, detalle) values (31, 9, '2019-03-07', '5:52', null);
insert into mantenimiento (id_mantenimiento, id_planta, fecha, hora, detalle) values (32, 66, '2019-08-27', '5:32', null);
insert into mantenimiento (id_mantenimiento, id_planta, fecha, hora, detalle) values (33, 50, '2019-07-16', '3:43', null);
insert into mantenimiento (id_mantenimiento, id_planta, fecha, hora, detalle) values (34, 15, '2020-05-15', '3:10', null);
insert into mantenimiento (id_mantenimiento, id_planta, fecha, hora, detalle) values (35, 28, '2019-11-13', '3:21', null);
insert into mantenimiento (id_mantenimiento, id_planta, fecha, hora, detalle) values (36, 54, '2019-07-04', '12:59', 'Nullam molestie nibh in lectus.');
insert into mantenimiento (id_mantenimiento, id_planta, fecha, hora, detalle) values (37, 89, '2020-04-26', '2:52', 'Curabitur convallis. Duis consequat dui nec nisi volutpat eleifend.');
insert into mantenimiento (id_mantenimiento, id_planta, fecha, hora, detalle) values (38, 70, '2019-05-07', '7:36', null);
insert into mantenimiento (id_mantenimiento, id_planta, fecha, hora, detalle) values (39, 7, '2019-08-06', '10:29', 'Duis consequat dui nec nisi volutpat eleifend.');
insert into mantenimiento (id_mantenimiento, id_planta, fecha, hora, detalle) values (40, 40, '2020-03-27', '0:15', null);
insert into mantenimiento (id_mantenimiento, id_planta, fecha, hora, detalle) values (41, 70, '2019-07-07', '2:41', 'Donec posuere metus vitae ipsum. Aliquam non mauris. Morbi non lectus.');
insert into mantenimiento (id_mantenimiento, id_planta, fecha, hora, detalle) values (42, 80, '2020-07-01', '10:05', null);
insert into mantenimiento (id_mantenimiento, id_planta, fecha, hora, detalle) values (43, 38, '2020-07-02', '9:58', null);
insert into mantenimiento (id_mantenimiento, id_planta, fecha, hora, detalle) values (44, 25, '2019-03-03', '12:26', null);
insert into mantenimiento (id_mantenimiento, id_planta, fecha, hora, detalle) values (45, 7, '2020-06-21', '20:54', null);
insert into mantenimiento (id_mantenimiento, id_planta, fecha, hora, detalle) values (46, 75, '2019-01-19', '4:16', null);
insert into mantenimiento (id_mantenimiento, id_planta, fecha, hora, detalle) values (47, 66, '2020-07-23', '7:53', 'Nam congue, risus semper porta volutpat, quam pede lobortis ligula, sit amet eleifend pede libero quis orci. Nullam molestie nibh in lectus.');
insert into mantenimiento (id_mantenimiento, id_planta, fecha, hora, detalle) values (48, 68, '2019-08-30', '9:35', null);
insert into mantenimiento (id_mantenimiento, id_planta, fecha, hora, detalle) values (49, 30, '2019-11-24', '2:12', null);
insert into mantenimiento (id_mantenimiento, id_planta, fecha, hora, detalle) values (50, 47, '2019-07-24', '12:17', null);
insert into mantenimiento (id_mantenimiento, id_planta, fecha, hora, detalle) values (51, 29, '2020-02-21', '12:18', null);
insert into mantenimiento (id_mantenimiento, id_planta, fecha, hora, detalle) values (52, 38, '2020-08-06', '17:56', 'Maecenas ut massa quis augue luctus tincidunt. Nulla mollis molestie lorem. Quisque ut erat.');
insert into mantenimiento (id_mantenimiento, id_planta, fecha, hora, detalle) values (53, 68, '2019-09-26', '10:00', null);
insert into mantenimiento (id_mantenimiento, id_planta, fecha, hora, detalle) values (54, 56, '2020-03-28', '11:41', null);
insert into mantenimiento (id_mantenimiento, id_planta, fecha, hora, detalle) values (55, 17, '2020-02-21', '21:52', 'Vestibulum ante ipsum primis in faucibus orci luctus et ultrices posuere cubilia Curae; Nulla dapibus dolor vel est. Donec odio justo, sollicitudin ut, suscipit a, feugiat et, eros.');
insert into mantenimiento (id_mantenimiento, id_planta, fecha, hora, detalle) values (56, 28, '2019-05-04', '3:00', null);
insert into mantenimiento (id_mantenimiento, id_planta, fecha, hora, detalle) values (57, 81, '2019-10-14', '5:43', null);
insert into mantenimiento (id_mantenimiento, id_planta, fecha, hora, detalle) values (58, 49, '2019-10-02', '17:08', null);
insert into mantenimiento (id_mantenimiento, id_planta, fecha, hora, detalle) values (59, 14, '2019-09-18', '15:30', null);
insert into mantenimiento (id_mantenimiento, id_planta, fecha, hora, detalle) values (60, 87, '2019-09-01', '18:26', null);
insert into mantenimiento (id_mantenimiento, id_planta, fecha, hora, detalle) values (61, 95, '2019-02-11', '16:39', null);
insert into mantenimiento (id_mantenimiento, id_planta, fecha, hora, detalle) values (62, 25, '2019-10-05', '8:52', null);
insert into mantenimiento (id_mantenimiento, id_planta, fecha, hora, detalle) values (63, 71, '2019-04-19', '7:15', null);
insert into mantenimiento (id_mantenimiento, id_planta, fecha, hora, detalle) values (64, 36, '2019-05-28', '7:50', null);
insert into mantenimiento (id_mantenimiento, id_planta, fecha, hora, detalle) values (65, 28, '2020-08-18', '3:27', 'Morbi odio odio, elementum eu, interdum eu, tincidunt in, leo. Maecenas pulvinar lobortis est. Phasellus sit amet erat.');
insert into mantenimiento (id_mantenimiento, id_planta, fecha, hora, detalle) values (66, 94, '2020-06-27', '23:20', null);
insert into mantenimiento (id_mantenimiento, id_planta, fecha, hora, detalle) values (67, 40, '2019-08-26', '0:54', null);
insert into mantenimiento (id_mantenimiento, id_planta, fecha, hora, detalle) values (68, 4, '2019-08-21', '8:48', null);
insert into mantenimiento (id_mantenimiento, id_planta, fecha, hora, detalle) values (69, 87, '2019-02-07', '0:39', null);
insert into mantenimiento (id_mantenimiento, id_planta, fecha, hora, detalle) values (70, 88, '2019-07-01', '17:30', null);
insert into mantenimiento (id_mantenimiento, id_planta, fecha, hora, detalle) values (71, 21, '2019-10-19', '12:37', null);
insert into mantenimiento (id_mantenimiento, id_planta, fecha, hora, detalle) values (72, 72, '2019-05-29', '19:14', null);
insert into mantenimiento (id_mantenimiento, id_planta, fecha, hora, detalle) values (73, 92, '2020-08-08', '21:52', null);
insert into mantenimiento (id_mantenimiento, id_planta, fecha, hora, detalle) values (74, 48, '2019-04-01', '14:27', null);
insert into mantenimiento (id_mantenimiento, id_planta, fecha, hora, detalle) values (75, 99, '2020-09-08', '2:29', 'In est risus, auctor sed, tristique in, tempus sit amet, sem.');
insert into mantenimiento (id_mantenimiento, id_planta, fecha, hora, detalle) values (76, 34, '2020-02-14', '1:44', null);
insert into mantenimiento (id_mantenimiento, id_planta, fecha, hora, detalle) values (77, 39, '2019-03-23', '3:14', null);
insert into mantenimiento (id_mantenimiento, id_planta, fecha, hora, detalle) values (78, 94, '2019-07-22', '5:37', null);
insert into mantenimiento (id_mantenimiento, id_planta, fecha, hora, detalle) values (79, 94, '2020-09-04', '21:10', null);
insert into mantenimiento (id_mantenimiento, id_planta, fecha, hora, detalle) values (80, 56, '2020-02-22', '16:54', null);
insert into mantenimiento (id_mantenimiento, id_planta, fecha, hora, detalle) values (81, 13, '2020-02-01', '8:02', null);
insert into mantenimiento (id_mantenimiento, id_planta, fecha, hora, detalle) values (82, 89, '2020-02-26', '20:41', null);
insert into mantenimiento (id_mantenimiento, id_planta, fecha, hora, detalle) values (83, 78, '2019-01-19', '3:36', null);
insert into mantenimiento (id_mantenimiento, id_planta, fecha, hora, detalle) values (84, 18, '2019-10-10', '1:44', null);
insert into mantenimiento (id_mantenimiento, id_planta, fecha, hora, detalle) values (85, 65, '2019-08-03', '15:41', null);
insert into mantenimiento (id_mantenimiento, id_planta, fecha, hora, detalle) values (86, 20, '2020-05-02', '3:00', null);
insert into mantenimiento (id_mantenimiento, id_planta, fecha, hora, detalle) values (87, 1, '2019-03-05', '1:08', null);
insert into mantenimiento (id_mantenimiento, id_planta, fecha, hora, detalle) values (88, 17, '2019-08-04', '5:04', 'Suspendisse potenti. In eleifend quam a odio.');
insert into mantenimiento (id_mantenimiento, id_planta, fecha, hora, detalle) values (89, 98, '2020-04-11', '10:47', 'In hac habitasse platea dictumst. Morbi vestibulum, velit id pretium iaculis, diam erat fermentum justo, nec condimentum neque sapien placerat ante.');
insert into mantenimiento (id_mantenimiento, id_planta, fecha, hora, detalle) values (90, 21, '2020-05-03', '9:58', null);
insert into mantenimiento (id_mantenimiento, id_planta, fecha, hora, detalle) values (91, 93, '2020-04-02', '9:32', null);
insert into mantenimiento (id_mantenimiento, id_planta, fecha, hora, detalle) values (92, 20, '2019-01-12', '16:11', null);
insert into mantenimiento (id_mantenimiento, id_planta, fecha, hora, detalle) values (93, 35, '2020-03-24', '9:50', 'Suspendisse ornare consequat lectus. In est risus, auctor sed, tristique in, tempus sit amet, sem.');
insert into mantenimiento (id_mantenimiento, id_planta, fecha, hora, detalle) values (94, 45, '2019-01-30', '13:47', null);
insert into mantenimiento (id_mantenimiento, id_planta, fecha, hora, detalle) values (95, 28, '2019-07-12', '14:08', null);
insert into mantenimiento (id_mantenimiento, id_planta, fecha, hora, detalle) values (96, 91, '2019-11-23', '21:19', null);
insert into mantenimiento (id_mantenimiento, id_planta, fecha, hora, detalle) values (97, 67, '2019-08-26', '19:17', 'Maecenas tincidunt lacus at velit.');
insert into mantenimiento (id_mantenimiento, id_planta, fecha, hora, detalle) values (98, 19, '2020-03-09', '22:04', null);
insert into mantenimiento (id_mantenimiento, id_planta, fecha, hora, detalle) values (99, 75, '2019-10-13', '20:53', null);
insert into mantenimiento (id_mantenimiento, id_planta, fecha, hora, detalle) values (100, 66, '2020-07-11', '10:25', null);


insert into realiza (legajo_operador, id_mantenimiento) values (4, 1);
insert into realiza (legajo_operador, id_mantenimiento) values (3, 2);
insert into realiza (legajo_operador, id_mantenimiento) values (5, 3);
insert into realiza (legajo_operador, id_mantenimiento) values (15, 4);
insert into realiza (legajo_operador, id_mantenimiento) values (18, 5);
insert into realiza (legajo_operador, id_mantenimiento) values (14, 6);
insert into realiza (legajo_operador, id_mantenimiento) values (18, 7);
insert into realiza (legajo_operador, id_mantenimiento) values (77, 8);
insert into realiza (legajo_operador, id_mantenimiento) values (18, 9);
insert into realiza (legajo_operador, id_mantenimiento) values (34, 10);
insert into realiza (legajo_operador, id_mantenimiento) values (60, 11);
insert into realiza (legajo_operador, id_mantenimiento) values (6, 12);
insert into realiza (legajo_operador, id_mantenimiento) values (11, 13);
insert into realiza (legajo_operador, id_mantenimiento) values (26, 14);
insert into realiza (legajo_operador, id_mantenimiento) values (21, 15);
insert into realiza (legajo_operador, id_mantenimiento) values (16, 16);
insert into realiza (legajo_operador, id_mantenimiento) values (68, 17);
insert into realiza (legajo_operador, id_mantenimiento) values (11, 18);
insert into realiza (legajo_operador, id_mantenimiento) values (30, 19);
insert into realiza (legajo_operador, id_mantenimiento) values (42, 20);
insert into realiza (legajo_operador, id_mantenimiento) values (26, 21);
insert into realiza (legajo_operador, id_mantenimiento) values (71, 22);
insert into realiza (legajo_operador, id_mantenimiento) values (75, 23);
insert into realiza (legajo_operador, id_mantenimiento) values (79, 24);
insert into realiza (legajo_operador, id_mantenimiento) values (61, 25);
insert into realiza (legajo_operador, id_mantenimiento) values (73, 26);
insert into realiza (legajo_operador, id_mantenimiento) values (51, 27);
insert into realiza (legajo_operador, id_mantenimiento) values (48, 28);
insert into realiza (legajo_operador, id_mantenimiento) values (77, 29);
insert into realiza (legajo_operador, id_mantenimiento) values (36, 30);
insert into realiza (legajo_operador, id_mantenimiento) values (62, 31);
insert into realiza (legajo_operador, id_mantenimiento) values (56, 32);
insert into realiza (legajo_operador, id_mantenimiento) values (17, 33);
insert into realiza (legajo_operador, id_mantenimiento) values (24, 34);
insert into realiza (legajo_operador, id_mantenimiento) values (82, 35);
insert into realiza (legajo_operador, id_mantenimiento) values (19, 36);
insert into realiza (legajo_operador, id_mantenimiento) values (42, 37);
insert into realiza (legajo_operador, id_mantenimiento) values (27, 38);
insert into realiza (legajo_operador, id_mantenimiento) values (79, 39);
insert into realiza (legajo_operador, id_mantenimiento) values (67, 40);
insert into realiza (legajo_operador, id_mantenimiento) values (24, 41);
insert into realiza (legajo_operador, id_mantenimiento) values (73, 42);
insert into realiza (legajo_operador, id_mantenimiento) values (24, 43);
insert into realiza (legajo_operador, id_mantenimiento) values (67, 44);
insert into realiza (legajo_operador, id_mantenimiento) values (73, 45);
insert into realiza (legajo_operador, id_mantenimiento) values (3, 46);
insert into realiza (legajo_operador, id_mantenimiento) values (55, 47);
insert into realiza (legajo_operador, id_mantenimiento) values (64, 48);
insert into realiza (legajo_operador, id_mantenimiento) values (40, 49);
insert into realiza (legajo_operador, id_mantenimiento) values (10, 50);
insert into realiza (legajo_operador, id_mantenimiento) values (65, 51);
insert into realiza (legajo_operador, id_mantenimiento) values (53, 52);
insert into realiza (legajo_operador, id_mantenimiento) values (61, 53);
insert into realiza (legajo_operador, id_mantenimiento) values (9, 54);
insert into realiza (legajo_operador, id_mantenimiento) values (78, 55);
insert into realiza (legajo_operador, id_mantenimiento) values (1, 56);
insert into realiza (legajo_operador, id_mantenimiento) values (26, 57);
insert into realiza (legajo_operador, id_mantenimiento) values (85, 58);
insert into realiza (legajo_operador, id_mantenimiento) values (87, 59);
insert into realiza (legajo_operador, id_mantenimiento) values (80, 60);
insert into realiza (legajo_operador, id_mantenimiento) values (57, 61);
insert into realiza (legajo_operador, id_mantenimiento) values (66, 62);
insert into realiza (legajo_operador, id_mantenimiento) values (40, 63);
insert into realiza (legajo_operador, id_mantenimiento) values (60, 64);
insert into realiza (legajo_operador, id_mantenimiento) values (12, 65);
insert into realiza (legajo_operador, id_mantenimiento) values (51, 66);
insert into realiza (legajo_operador, id_mantenimiento) values (17, 67);
insert into realiza (legajo_operador, id_mantenimiento) values (40, 68);
insert into realiza (legajo_operador, id_mantenimiento) values (37, 69);
insert into realiza (legajo_operador, id_mantenimiento) values (38, 70);
insert into realiza (legajo_operador, id_mantenimiento) values (77, 71);
insert into realiza (legajo_operador, id_mantenimiento) values (89, 72);
insert into realiza (legajo_operador, id_mantenimiento) values (46, 73);
insert into realiza (legajo_operador, id_mantenimiento) values (16, 74);
insert into realiza (legajo_operador, id_mantenimiento) values (58, 75);
insert into realiza (legajo_operador, id_mantenimiento) values (62, 76);
insert into realiza (legajo_operador, id_mantenimiento) values (62, 77);
insert into realiza (legajo_operador, id_mantenimiento) values (63, 78);
insert into realiza (legajo_operador, id_mantenimiento) values (11, 79);
insert into realiza (legajo_operador, id_mantenimiento) values (70, 80);
insert into realiza (legajo_operador, id_mantenimiento) values (64, 81);
insert into realiza (legajo_operador, id_mantenimiento) values (57, 82);
insert into realiza (legajo_operador, id_mantenimiento) values (37, 83);
insert into realiza (legajo_operador, id_mantenimiento) values (60, 84);
insert into realiza (legajo_operador, id_mantenimiento) values (8, 85);
insert into realiza (legajo_operador, id_mantenimiento) values (24, 86);
insert into realiza (legajo_operador, id_mantenimiento) values (60, 87);
insert into realiza (legajo_operador, id_mantenimiento) values (23, 88);
insert into realiza (legajo_operador, id_mantenimiento) values (89, 89);
insert into realiza (legajo_operador, id_mantenimiento) values (78, 90);
insert into realiza (legajo_operador, id_mantenimiento) values (81, 91);
insert into realiza (legajo_operador, id_mantenimiento) values (40, 92);
insert into realiza (legajo_operador, id_mantenimiento) values (12, 93);
insert into realiza (legajo_operador, id_mantenimiento) values (40, 94);
insert into realiza (legajo_operador, id_mantenimiento) values (4, 95);
insert into realiza (legajo_operador, id_mantenimiento) values (72, 96);
insert into realiza (legajo_operador, id_mantenimiento) values (30, 97);
insert into realiza (legajo_operador, id_mantenimiento) values (81, 98);
insert into realiza (legajo_operador, id_mantenimiento) values (50, 99);
insert into realiza (legajo_operador, id_mantenimiento) values (49, 100);


insert into tratamiento (id_tratamiento, id_planta, descripcion, duracion) values (1, 1, 'Nunc nisl. Duis bibendum, felis sed interdum venenatis, turpis enim blandit mi, in porttitor pede justo eu massa.', 6);
insert into tratamiento (id_tratamiento, id_planta, descripcion, duracion) values (2, 2, 'Proin at turpis a pede posuere nonummy. Integer non velit.', 3);
insert into tratamiento (id_tratamiento, id_planta, descripcion, duracion) values (3, 3, 'Nunc rhoncus dui vel sem. Sed sagittis.', 4);
insert into tratamiento (id_tratamiento, id_planta, descripcion, duracion) values (4, 4, 'In blandit ultrices enim.', 6);
insert into tratamiento (id_tratamiento, id_planta, descripcion, duracion) values (5, 5, null, 2);
insert into tratamiento (id_tratamiento, id_planta, descripcion, duracion) values (6, 6, 'Mauris enim leo, rhoncus sed, vestibulum sit amet, cursus id, turpis.', 7);
insert into tratamiento (id_tratamiento, id_planta, descripcion, duracion) values (7, 7, 'Sed vel enim sit amet nunc viverra dapibus. Nulla suscipit ligula in lacus.', 2);
insert into tratamiento (id_tratamiento, id_planta, descripcion, duracion) values (8, 8, 'Etiam justo.', 3);
insert into tratamiento (id_tratamiento, id_planta, descripcion, duracion) values (9, 9, 'Morbi vestibulum, velit id pretium iaculis, diam erat fermentum justo, nec condimentum neque sapien placerat ante. Nulla justo.', 8);
insert into tratamiento (id_tratamiento, id_planta, descripcion, duracion) values (10, 10, null, 8);
insert into tratamiento (id_tratamiento, id_planta, descripcion, duracion) values (11, 11, 'Nam tristique tortor eu pede.', 5);
insert into tratamiento (id_tratamiento, id_planta, descripcion, duracion) values (12, 12, 'In quis justo.', 5);
insert into tratamiento (id_tratamiento, id_planta, descripcion, duracion) values (13, 13, 'Etiam faucibus cursus urna.', 3);
insert into tratamiento (id_tratamiento, id_planta, descripcion, duracion) values (14, 14, 'Nulla tellus. In sagittis dui vel nisl.', 4);
insert into tratamiento (id_tratamiento, id_planta, descripcion, duracion) values (15, 15, 'In quis justo.', 3);
insert into tratamiento (id_tratamiento, id_planta, descripcion, duracion) values (16, 16, null, 7);
insert into tratamiento (id_tratamiento, id_planta, descripcion, duracion) values (17, 17, null, 8);
insert into tratamiento (id_tratamiento, id_planta, descripcion, duracion) values (18, 18, 'Duis bibendum, felis sed interdum venenatis, turpis enim blandit mi, in porttitor pede justo eu massa. Donec dapibus.', 3);
insert into tratamiento (id_tratamiento, id_planta, descripcion, duracion) values (19, 19, 'Sed accumsan felis.', 5);
insert into tratamiento (id_tratamiento, id_planta, descripcion, duracion) values (20, 20, null, 6);
insert into tratamiento (id_tratamiento, id_planta, descripcion, duracion) values (21, 21, 'In est risus, auctor sed, tristique in, tempus sit amet, sem.', 7);
insert into tratamiento (id_tratamiento, id_planta, descripcion, duracion) values (22, 22, 'In hac habitasse platea dictumst.', 7);
insert into tratamiento (id_tratamiento, id_planta, descripcion, duracion) values (23, 23, 'In tempor, turpis nec euismod scelerisque, quam turpis adipiscing lorem, vitae mattis nibh ligula nec sem. Duis aliquam convallis nunc.', 1);
insert into tratamiento (id_tratamiento, id_planta, descripcion, duracion) values (24, 24, null, 7);
insert into tratamiento (id_tratamiento, id_planta, descripcion, duracion) values (25, 25, 'Lorem ipsum dolor sit amet, consectetuer adipiscing elit. Proin interdum mauris non ligula pellentesque ultrices.', 6);
insert into tratamiento (id_tratamiento, id_planta, descripcion, duracion) values (26, 26, 'Sed ante.', 7);
insert into tratamiento (id_tratamiento, id_planta, descripcion, duracion) values (27, 27, 'Donec dapibus.', 7);
insert into tratamiento (id_tratamiento, id_planta, descripcion, duracion) values (28, 28, null, 8);
insert into tratamiento (id_tratamiento, id_planta, descripcion, duracion) values (29, 29, 'Morbi ut odio. Cras mi pede, malesuada in, imperdiet et, commodo vulputate, justo.', 4);
insert into tratamiento (id_tratamiento, id_planta, descripcion, duracion) values (30, 30, 'Nam tristique tortor eu pede.', 2);
insert into tratamiento (id_tratamiento, id_planta, descripcion, duracion) values (31, 31, null, 1);
insert into tratamiento (id_tratamiento, id_planta, descripcion, duracion) values (32, 32, null, 6);
insert into tratamiento (id_tratamiento, id_planta, descripcion, duracion) values (33, 33, 'Morbi sem mauris, laoreet ut, rhoncus aliquet, pulvinar sed, nisl. Nunc rhoncus dui vel sem.', 3);
insert into tratamiento (id_tratamiento, id_planta, descripcion, duracion) values (34, 34, 'Proin interdum mauris non ligula pellentesque ultrices.', 4);
insert into tratamiento (id_tratamiento, id_planta, descripcion, duracion) values (35, 35, 'Vestibulum ante ipsum primis in faucibus orci luctus et ultrices posuere cubilia Curae; Donec pharetra, magna vestibulum aliquet ultrices, erat tortor sollicitudin mi, sit amet lobortis sapien sapien non mi.', 7);
insert into tratamiento (id_tratamiento, id_planta, descripcion, duracion) values (36, 36, null, 8);
insert into tratamiento (id_tratamiento, id_planta, descripcion, duracion) values (37, 37, null, 6);
insert into tratamiento (id_tratamiento, id_planta, descripcion, duracion) values (38, 38, 'Praesent blandit. Nam nulla.', 1);
insert into tratamiento (id_tratamiento, id_planta, descripcion, duracion) values (39, 39, 'Donec posuere metus vitae ipsum. Aliquam non mauris.', 4);
insert into tratamiento (id_tratamiento, id_planta, descripcion, duracion) values (40, 40, 'Donec odio justo, sollicitudin ut, suscipit a, feugiat et, eros. Vestibulum ac est lacinia nisi venenatis tristique.', 5);
insert into tratamiento (id_tratamiento, id_planta, descripcion, duracion) values (41, 41, 'Donec odio justo, sollicitudin ut, suscipit a, feugiat et, eros.', 5);
insert into tratamiento (id_tratamiento, id_planta, descripcion, duracion) values (42, 42, 'Etiam vel augue. Vestibulum rutrum rutrum neque.', 8);
insert into tratamiento (id_tratamiento, id_planta, descripcion, duracion) values (43, 43, 'Sed accumsan felis. Ut at dolor quis odio consequat varius.', 1);
insert into tratamiento (id_tratamiento, id_planta, descripcion, duracion) values (44, 44, 'Maecenas leo odio, condimentum id, luctus nec, molestie sed, justo. Pellentesque viverra pede ac diam.', 2);
insert into tratamiento (id_tratamiento, id_planta, descripcion, duracion) values (45, 45, 'Sed ante. Vivamus tortor.', 1);
insert into tratamiento (id_tratamiento, id_planta, descripcion, duracion) values (46, 46, 'Quisque erat eros, viverra eget, congue eget, semper rutrum, nulla.', 4);
insert into tratamiento (id_tratamiento, id_planta, descripcion, duracion) values (47, 47, 'Aliquam sit amet diam in magna bibendum imperdiet.', 8);
insert into tratamiento (id_tratamiento, id_planta, descripcion, duracion) values (48, 48, null, 2);
insert into tratamiento (id_tratamiento, id_planta, descripcion, duracion) values (49, 49, 'In congue.', 7);
insert into tratamiento (id_tratamiento, id_planta, descripcion, duracion) values (50, 50, null, 6);
insert into tratamiento (id_tratamiento, id_planta, descripcion, duracion) values (51, 51, 'Vestibulum quam sapien, varius ut, blandit non, interdum in, ante. Vestibulum ante ipsum primis in faucibus orci luctus et ultrices posuere cubilia Curae; Duis faucibus accumsan odio.', 5);
insert into tratamiento (id_tratamiento, id_planta, descripcion, duracion) values (52, 52, 'In tempor, turpis nec euismod scelerisque, quam turpis adipiscing lorem, vitae mattis nibh ligula nec sem. Duis aliquam convallis nunc.', 7);
insert into tratamiento (id_tratamiento, id_planta, descripcion, duracion) values (53, 53, null, 8);
insert into tratamiento (id_tratamiento, id_planta, descripcion, duracion) values (54, 54, 'Morbi a ipsum.', 3);
insert into tratamiento (id_tratamiento, id_planta, descripcion, duracion) values (55, 55, 'Etiam faucibus cursus urna.', 5);
insert into tratamiento (id_tratamiento, id_planta, descripcion, duracion) values (56, 56, 'Nam ultrices, libero non mattis pulvinar, nulla pede ullamcorper augue, a suscipit nulla elit ac nulla.', 2);
insert into tratamiento (id_tratamiento, id_planta, descripcion, duracion) values (57, 57, 'Quisque porta volutpat erat. Quisque erat eros, viverra eget, congue eget, semper rutrum, nulla.', 5);
insert into tratamiento (id_tratamiento, id_planta, descripcion, duracion) values (58, 58, 'Phasellus id sapien in sapien iaculis congue. Vivamus metus arcu, adipiscing molestie, hendrerit at, vulputate vitae, nisl.', 4);
insert into tratamiento (id_tratamiento, id_planta, descripcion, duracion) values (59, 59, 'Sed vel enim sit amet nunc viverra dapibus. Nulla suscipit ligula in lacus.', 6);
insert into tratamiento (id_tratamiento, id_planta, descripcion, duracion) values (60, 60, 'Nulla justo.', 1);
insert into tratamiento (id_tratamiento, id_planta, descripcion, duracion) values (61, 61, null, 7);
insert into tratamiento (id_tratamiento, id_planta, descripcion, duracion) values (62, 62, 'Nulla mollis molestie lorem.', 3);
insert into tratamiento (id_tratamiento, id_planta, descripcion, duracion) values (63, 63, 'Sed vel enim sit amet nunc viverra dapibus.', 1);
insert into tratamiento (id_tratamiento, id_planta, descripcion, duracion) values (64, 64, 'Nulla mollis molestie lorem.', 2);
insert into tratamiento (id_tratamiento, id_planta, descripcion, duracion) values (65, 65, null, 6);
insert into tratamiento (id_tratamiento, id_planta, descripcion, duracion) values (66, 66, null, 1);
insert into tratamiento (id_tratamiento, id_planta, descripcion, duracion) values (67, 67, 'Vivamus vel nulla eget eros elementum pellentesque. Quisque porta volutpat erat.', 6);
insert into tratamiento (id_tratamiento, id_planta, descripcion, duracion) values (68, 68, 'Donec vitae nisi.', 3);
insert into tratamiento (id_tratamiento, id_planta, descripcion, duracion) values (69, 69, 'In blandit ultrices enim. Lorem ipsum dolor sit amet, consectetuer adipiscing elit.', 2);
insert into tratamiento (id_tratamiento, id_planta, descripcion, duracion) values (70, 70, 'Curabitur gravida nisi at nibh. In hac habitasse platea dictumst.', 6);
insert into tratamiento (id_tratamiento, id_planta, descripcion, duracion) values (71, 71, 'Phasellus sit amet erat. Nulla tempus.', 2);
insert into tratamiento (id_tratamiento, id_planta, descripcion, duracion) values (72, 72, 'Quisque arcu libero, rutrum ac, lobortis vel, dapibus at, diam.', 6);
insert into tratamiento (id_tratamiento, id_planta, descripcion, duracion) values (73, 73, null, 5);
insert into tratamiento (id_tratamiento, id_planta, descripcion, duracion) values (74, 74, 'Morbi non lectus.', 7);
insert into tratamiento (id_tratamiento, id_planta, descripcion, duracion) values (75, 75, 'Mauris ullamcorper purus sit amet nulla.', 8);
insert into tratamiento (id_tratamiento, id_planta, descripcion, duracion) values (76, 76, null, 5);
insert into tratamiento (id_tratamiento, id_planta, descripcion, duracion) values (77, 77, 'Nam nulla.', 7);
insert into tratamiento (id_tratamiento, id_planta, descripcion, duracion) values (78, 78, 'In hac habitasse platea dictumst. Etiam faucibus cursus urna.', 6);
insert into tratamiento (id_tratamiento, id_planta, descripcion, duracion) values (79, 79, null, 7);
insert into tratamiento (id_tratamiento, id_planta, descripcion, duracion) values (80, 80, 'Integer ac leo. Pellentesque ultrices mattis odio.', 1);
insert into tratamiento (id_tratamiento, id_planta, descripcion, duracion) values (81, 81, 'In hac habitasse platea dictumst.', 1);
insert into tratamiento (id_tratamiento, id_planta, descripcion, duracion) values (82, 82, 'Curabitur at ipsum ac tellus semper interdum. Mauris ullamcorper purus sit amet nulla.', 4);
insert into tratamiento (id_tratamiento, id_planta, descripcion, duracion) values (83, 83, 'Praesent blandit lacinia erat.', 1);
insert into tratamiento (id_tratamiento, id_planta, descripcion, duracion) values (84, 84, 'Suspendisse ornare consequat lectus. In est risus, auctor sed, tristique in, tempus sit amet, sem.', 5);
insert into tratamiento (id_tratamiento, id_planta, descripcion, duracion) values (85, 85, 'Pellentesque at nulla.', 4);
insert into tratamiento (id_tratamiento, id_planta, descripcion, duracion) values (86, 86, 'Proin at turpis a pede posuere nonummy. Integer non velit.', 7);
insert into tratamiento (id_tratamiento, id_planta, descripcion, duracion) values (87, 87, null, 8);
insert into tratamiento (id_tratamiento, id_planta, descripcion, duracion) values (88, 88, 'Proin interdum mauris non ligula pellentesque ultrices. Phasellus id sapien in sapien iaculis congue.', 6);
insert into tratamiento (id_tratamiento, id_planta, descripcion, duracion) values (89, 89, 'Proin interdum mauris non ligula pellentesque ultrices.', 6);
insert into tratamiento (id_tratamiento, id_planta, descripcion, duracion) values (90, 90, null, 3);
insert into tratamiento (id_tratamiento, id_planta, descripcion, duracion) values (91, 91, null, 8);
insert into tratamiento (id_tratamiento, id_planta, descripcion, duracion) values (92, 92, 'Aliquam erat volutpat.', 8);
insert into tratamiento (id_tratamiento, id_planta, descripcion, duracion) values (93, 93, 'Pellentesque viverra pede ac diam.', 2);
insert into tratamiento (id_tratamiento, id_planta, descripcion, duracion) values (94, 94, 'Suspendisse potenti.', 7);
insert into tratamiento (id_tratamiento, id_planta, descripcion, duracion) values (95, 95, null, 2);
insert into tratamiento (id_tratamiento, id_planta, descripcion, duracion) values (96, 96, null, 8);
insert into tratamiento (id_tratamiento, id_planta, descripcion, duracion) values (97, 97, 'Ut at dolor quis odio consequat varius. Integer ac leo.', 4);
insert into tratamiento (id_tratamiento, id_planta, descripcion, duracion) values (98, 98, 'Nunc purus.', 2);
insert into tratamiento (id_tratamiento, id_planta, descripcion, duracion) values (99, 99, 'In est risus, auctor sed, tristique in, tempus sit amet, sem.', 8);
insert into tratamiento (id_tratamiento, id_planta, descripcion, duracion) values (100, 100, 'Nunc purus. Phasellus in felis.', 2);


insert into analisis_bacteriologico (id_planta, id_tratamiento, numero, fecha, descripcion) values (1, 1, 29, '2018-10-18', 'sed vestibulum sit amet cursus id turpis integer aliquet massa');
insert into analisis_bacteriologico (id_planta, id_tratamiento, numero, fecha, descripcion) values (2, 2, 35, '2019-01-29', 'vel lectus in quam fringilla rhoncus mauris enim leo rhoncus sed vestibulum sit amet cursus');
insert into analisis_bacteriologico (id_planta, id_tratamiento, numero, fecha, descripcion) values (3, 3, 11, '2018-11-28', 'sed vel enim sit amet nunc viverra dapibus nulla suscipit ligula in lacus curabitur at ipsum');
insert into analisis_bacteriologico (id_planta, id_tratamiento, numero, fecha, descripcion) values (4, 4, 43, '2016-04-07', 'ut at dolor quis odio consequat varius integer ac leo pellentesque ultrices mattis');
insert into analisis_bacteriologico (id_planta, id_tratamiento, numero, fecha, descripcion) values (5, 5, 56, '2017-09-25', 'in lacus curabitur at ipsum ac tellus semper interdum mauris ullamcorper');
insert into analisis_bacteriologico (id_planta, id_tratamiento, numero, fecha, descripcion) values (6, 6, 95, '2016-01-01', null);
insert into analisis_bacteriologico (id_planta, id_tratamiento, numero, fecha, descripcion) values (7, 7, 95, '2015-04-23', 'eget rutrum at lorem integer tincidunt ante vel ipsum praesent blandit lacinia erat vestibulum sed');
insert into analisis_bacteriologico (id_planta, id_tratamiento, numero, fecha, descripcion) values (8, 8, 67, '2020-03-19', 'eu magna vulputate luctus cum sociis natoque penatibus et magnis dis parturient montes nascetur ridiculus mus vivamus vestibulum sagittis sapien');
insert into analisis_bacteriologico (id_planta, id_tratamiento, numero, fecha, descripcion) values (9, 9, 30, '2016-07-11', 'sed tincidunt eu felis fusce posuere felis sed lacus morbi sem mauris laoreet');
insert into analisis_bacteriologico (id_planta, id_tratamiento, numero, fecha, descripcion) values (10, 10, 98, '2020-03-03', 'erat curabitur gravida nisi at nibh in hac habitasse platea dictumst aliquam augue quam');
insert into analisis_bacteriologico (id_planta, id_tratamiento, numero, fecha, descripcion) values (11, 11, 26, '2020-01-16', 'sapien sapien non mi integer ac neque duis bibendum morbi non quam nec dui luctus rutrum nulla tellus in');
insert into analisis_bacteriologico (id_planta, id_tratamiento, numero, fecha, descripcion) values (12, 12, 19, '2018-11-06', 'etiam pretium iaculis justo in hac habitasse platea dictumst etiam faucibus cursus');
insert into analisis_bacteriologico (id_planta, id_tratamiento, numero, fecha, descripcion) values (13, 13, 65, '2020-01-21', null);
insert into analisis_bacteriologico (id_planta, id_tratamiento, numero, fecha, descripcion) values (14, 14, 45, '2016-07-24', 'diam neque vestibulum eget vulputate ut ultrices vel augue vestibulum ante');
insert into analisis_bacteriologico (id_planta, id_tratamiento, numero, fecha, descripcion) values (15, 15, 59, '2019-02-02', 'sem praesent id massa id nisl venenatis lacinia aenean sit amet justo morbi');
insert into analisis_bacteriologico (id_planta, id_tratamiento, numero, fecha, descripcion) values (16, 16, 90, '2017-03-28', 'quam a odio in hac habitasse platea dictumst maecenas ut');
insert into analisis_bacteriologico (id_planta, id_tratamiento, numero, fecha, descripcion) values (17, 17, 65, '2018-04-30', 'pede posuere nonummy integer non velit donec diam neque vestibulum eget');
insert into analisis_bacteriologico (id_planta, id_tratamiento, numero, fecha, descripcion) values (18, 18, 59, '2017-05-18', 'tellus nisi eu orci mauris lacinia sapien quis libero nullam sit amet turpis elementum ligula vehicula consequat morbi');
insert into analisis_bacteriologico (id_planta, id_tratamiento, numero, fecha, descripcion) values (19, 19, 84, '2019-01-29', 'aliquam sit amet diam in magna bibendum imperdiet nullam orci pede venenatis non sodales sed tincidunt eu');
insert into analisis_bacteriologico (id_planta, id_tratamiento, numero, fecha, descripcion) values (20, 20, 76, '2018-03-23', 'volutpat quam pede lobortis ligula sit amet eleifend pede libero quis orci nullam molestie nibh in lectus');
insert into analisis_bacteriologico (id_planta, id_tratamiento, numero, fecha, descripcion) values (21, 21, 16, '2019-04-04', 'ligula pellentesque ultrices phasellus id sapien in sapien iaculis congue vivamus metus');
insert into analisis_bacteriologico (id_planta, id_tratamiento, numero, fecha, descripcion) values (22, 22, 26, '2018-03-21', 'non ligula pellentesque ultrices phasellus id sapien in sapien iaculis congue vivamus metus arcu');
insert into analisis_bacteriologico (id_planta, id_tratamiento, numero, fecha, descripcion) values (23, 23, 64, '2017-11-11', 'lectus in est risus auctor sed tristique in tempus sit amet sem fusce consequat');
insert into analisis_bacteriologico (id_planta, id_tratamiento, numero, fecha, descripcion) values (24, 24, 71, '2020-02-14', 'consequat morbi a ipsum integer a nibh in quis justo');
insert into analisis_bacteriologico (id_planta, id_tratamiento, numero, fecha, descripcion) values (25, 25, 68, '2016-07-13', 'consectetuer adipiscing elit proin risus praesent lectus vestibulum quam sapien varius ut blandit non interdum in ante');
insert into analisis_bacteriologico (id_planta, id_tratamiento, numero, fecha, descripcion) values (26, 26, 21, '2015-08-08', 'facilisi cras non velit nec nisi vulputate nonummy maecenas tincidunt lacus at velit vivamus vel nulla eget');
insert into analisis_bacteriologico (id_planta, id_tratamiento, numero, fecha, descripcion) values (27, 27, 26, '2016-08-29', 'hac habitasse platea dictumst maecenas ut massa quis augue luctus tincidunt nulla mollis molestie lorem quisque ut');
insert into analisis_bacteriologico (id_planta, id_tratamiento, numero, fecha, descripcion) values (28, 28, 18, '2020-09-25', 'pede ac diam cras pellentesque volutpat dui maecenas tristique est et tempus semper est quam pharetra magna ac');
insert into analisis_bacteriologico (id_planta, id_tratamiento, numero, fecha, descripcion) values (29, 29, 100, '2018-04-20', null);
insert into analisis_bacteriologico (id_planta, id_tratamiento, numero, fecha, descripcion) values (30, 30, 10, '2016-11-03', 'vitae nisl aenean lectus pellentesque eget nunc donec quis orci eget orci vehicula condimentum curabitur in');
insert into analisis_bacteriologico (id_planta, id_tratamiento, numero, fecha, descripcion) values (31, 31, 84, '2017-12-04', null);
insert into analisis_bacteriologico (id_planta, id_tratamiento, numero, fecha, descripcion) values (32, 32, 17, '2016-12-15', 'odio curabitur convallis duis consequat dui nec nisi volutpat eleifend donec ut dolor');
insert into analisis_bacteriologico (id_planta, id_tratamiento, numero, fecha, descripcion) values (33, 33, 21, '2015-10-26', 'donec odio justo sollicitudin ut suscipit a feugiat et eros vestibulum ac');
insert into analisis_bacteriologico (id_planta, id_tratamiento, numero, fecha, descripcion) values (34, 34, 68, '2016-08-10', 'elementum eu interdum eu tincidunt in leo maecenas pulvinar lobortis est phasellus sit amet erat nulla tempus vivamus in felis');
insert into analisis_bacteriologico (id_planta, id_tratamiento, numero, fecha, descripcion) values (35, 35, 88, '2019-08-08', 'morbi vestibulum velit id pretium iaculis diam erat fermentum justo nec condimentum');
insert into analisis_bacteriologico (id_planta, id_tratamiento, numero, fecha, descripcion) values (36, 36, 47, '2016-04-17', 'platea dictumst morbi vestibulum velit id pretium iaculis diam erat fermentum justo nec condimentum neque sapien');
insert into analisis_bacteriologico (id_planta, id_tratamiento, numero, fecha, descripcion) values (37, 37, 62, '2015-01-26', 'odio consequat varius integer ac leo pellentesque ultrices mattis odio donec vitae nisi nam ultrices libero non mattis');
insert into analisis_bacteriologico (id_planta, id_tratamiento, numero, fecha, descripcion) values (38, 38, 45, '2015-02-22', null);
insert into analisis_bacteriologico (id_planta, id_tratamiento, numero, fecha, descripcion) values (39, 39, 2, '2020-05-03', 'in eleifend quam a odio in hac habitasse platea dictumst maecenas ut massa quis augue luctus tincidunt');
insert into analisis_bacteriologico (id_planta, id_tratamiento, numero, fecha, descripcion) values (40, 40, 59, '2018-06-07', null);
insert into analisis_bacteriologico (id_planta, id_tratamiento, numero, fecha, descripcion) values (41, 41, 55, '2016-05-12', 'tempus vel pede morbi porttitor lorem id ligula suspendisse ornare consequat lectus in');
insert into analisis_bacteriologico (id_planta, id_tratamiento, numero, fecha, descripcion) values (42, 42, 100, '2016-05-29', 'elementum eu interdum eu tincidunt in leo maecenas pulvinar lobortis est phasellus sit amet erat nulla tempus vivamus in felis');
insert into analisis_bacteriologico (id_planta, id_tratamiento, numero, fecha, descripcion) values (43, 43, 11, '2016-05-23', 'justo morbi ut odio cras mi pede malesuada in imperdiet');
insert into analisis_bacteriologico (id_planta, id_tratamiento, numero, fecha, descripcion) values (44, 44, 9, '2017-01-30', 'pede libero quis orci nullam molestie nibh in lectus pellentesque at nulla');
insert into analisis_bacteriologico (id_planta, id_tratamiento, numero, fecha, descripcion) values (45, 45, 91, '2018-05-04', 'maecenas tincidunt lacus at velit vivamus vel nulla eget eros elementum pellentesque');
insert into analisis_bacteriologico (id_planta, id_tratamiento, numero, fecha, descripcion) values (46, 46, 95, '2018-08-03', null);
insert into analisis_bacteriologico (id_planta, id_tratamiento, numero, fecha, descripcion) values (47, 47, 10, '2018-05-01', 'imperdiet et commodo vulputate justo in blandit ultrices enim lorem ipsum dolor sit amet consectetuer adipiscing elit proin');
insert into analisis_bacteriologico (id_planta, id_tratamiento, numero, fecha, descripcion) values (48, 48, 7, '2018-09-26', 'vel pede morbi porttitor lorem id ligula suspendisse ornare consequat lectus in est risus auctor sed tristique');
insert into analisis_bacteriologico (id_planta, id_tratamiento, numero, fecha, descripcion) values (49, 49, 27, '2019-06-02', null);
insert into analisis_bacteriologico (id_planta, id_tratamiento, numero, fecha, descripcion) values (50, 50, 60, '2019-03-17', 'mi sit amet lobortis sapien sapien non mi integer ac neque duis');
insert into analisis_bacteriologico (id_planta, id_tratamiento, numero, fecha, descripcion) values (51, 51, 27, '2016-04-23', 'non mi integer ac neque duis bibendum morbi non quam nec dui luctus rutrum nulla tellus in sagittis');
insert into analisis_bacteriologico (id_planta, id_tratamiento, numero, fecha, descripcion) values (52, 52, 59, '2018-09-02', null);
insert into analisis_bacteriologico (id_planta, id_tratamiento, numero, fecha, descripcion) values (53, 53, 26, '2017-06-04', 'erat fermentum justo nec condimentum neque sapien placerat ante nulla justo aliquam quis turpis');
insert into analisis_bacteriologico (id_planta, id_tratamiento, numero, fecha, descripcion) values (54, 54, 10, '2020-02-13', 'blandit lacinia erat vestibulum sed magna at nunc commodo placerat praesent');
insert into analisis_bacteriologico (id_planta, id_tratamiento, numero, fecha, descripcion) values (55, 55, 98, '2015-05-04', 'ipsum dolor sit amet consectetuer adipiscing elit proin risus praesent');
insert into analisis_bacteriologico (id_planta, id_tratamiento, numero, fecha, descripcion) values (56, 56, 92, '2018-07-18', 'nulla nisl nunc nisl duis bibendum felis sed interdum venenatis turpis enim blandit mi in porttitor pede justo eu massa');
insert into analisis_bacteriologico (id_planta, id_tratamiento, numero, fecha, descripcion) values (57, 57, 39, '2016-08-24', 'amet lobortis sapien sapien non mi integer ac neque duis bibendum morbi non quam nec');
insert into analisis_bacteriologico (id_planta, id_tratamiento, numero, fecha, descripcion) values (58, 58, 23, '2019-05-29', 'duis faucibus accumsan odio curabitur convallis duis consequat dui nec nisi volutpat eleifend');
insert into analisis_bacteriologico (id_planta, id_tratamiento, numero, fecha, descripcion) values (59, 59, 6, '2017-10-10', 'aenean fermentum donec ut mauris eget massa tempor convallis nulla');
insert into analisis_bacteriologico (id_planta, id_tratamiento, numero, fecha, descripcion) values (60, 60, 13, '2018-05-18', null);
insert into analisis_bacteriologico (id_planta, id_tratamiento, numero, fecha, descripcion) values (61, 61, 31, '2019-11-01', 'praesent id massa id nisl venenatis lacinia aenean sit amet justo morbi ut odio cras mi pede malesuada in imperdiet');
insert into analisis_bacteriologico (id_planta, id_tratamiento, numero, fecha, descripcion) values (62, 62, 79, '2017-10-23', null);
insert into analisis_bacteriologico (id_planta, id_tratamiento, numero, fecha, descripcion) values (63, 63, 8, '2017-08-09', null);
insert into analisis_bacteriologico (id_planta, id_tratamiento, numero, fecha, descripcion) values (64, 64, 93, '2019-02-03', 'nulla suspendisse potenti cras in purus eu magna vulputate luctus cum sociis natoque penatibus et magnis dis parturient montes');
insert into analisis_bacteriologico (id_planta, id_tratamiento, numero, fecha, descripcion) values (65, 65, 35, '2015-02-09', 'sodales scelerisque mauris sit amet eros suspendisse accumsan tortor quis turpis sed ante vivamus tortor duis mattis');
insert into analisis_bacteriologico (id_planta, id_tratamiento, numero, fecha, descripcion) values (66, 66, 80, '2017-11-25', 'quis turpis eget elit sodales scelerisque mauris sit amet eros suspendisse accumsan tortor quis');
insert into analisis_bacteriologico (id_planta, id_tratamiento, numero, fecha, descripcion) values (67, 67, 41, '2016-08-20', 'fringilla rhoncus mauris enim leo rhoncus sed vestibulum sit amet cursus id turpis integer');
insert into analisis_bacteriologico (id_planta, id_tratamiento, numero, fecha, descripcion) values (68, 68, 2, '2016-11-25', 'semper sapien a libero nam dui proin leo odio porttitor id consequat in consequat ut nulla sed accumsan felis ut');
insert into analisis_bacteriologico (id_planta, id_tratamiento, numero, fecha, descripcion) values (69, 69, 98, '2015-04-24', null);
insert into analisis_bacteriologico (id_planta, id_tratamiento, numero, fecha, descripcion) values (70, 70, 45, '2015-06-17', 'a nibh in quis justo maecenas rhoncus aliquam lacus morbi quis tortor');
insert into analisis_bacteriologico (id_planta, id_tratamiento, numero, fecha, descripcion) values (71, 71, 38, '2016-07-16', 'erat nulla tempus vivamus in felis eu sapien cursus vestibulum');
insert into analisis_bacteriologico (id_planta, id_tratamiento, numero, fecha, descripcion) values (72, 72, 63, '2016-07-19', null);
insert into analisis_bacteriologico (id_planta, id_tratamiento, numero, fecha, descripcion) values (73, 73, 83, '2017-08-14', null);
insert into analisis_bacteriologico (id_planta, id_tratamiento, numero, fecha, descripcion) values (74, 74, 100, '2020-04-13', 'sit amet consectetuer adipiscing elit proin interdum mauris non ligula pellentesque ultrices');
insert into analisis_bacteriologico (id_planta, id_tratamiento, numero, fecha, descripcion) values (75, 75, 72, '2015-04-03', 'quis odio consequat varius integer ac leo pellentesque ultrices mattis odio donec vitae nisi nam ultrices libero non mattis pulvinar');
insert into analisis_bacteriologico (id_planta, id_tratamiento, numero, fecha, descripcion) values (76, 76, 40, '2017-03-09', null);
insert into analisis_bacteriologico (id_planta, id_tratamiento, numero, fecha, descripcion) values (77, 77, 40, '2017-01-30', 'quam fringilla rhoncus mauris enim leo rhoncus sed vestibulum sit amet');
insert into analisis_bacteriologico (id_planta, id_tratamiento, numero, fecha, descripcion) values (78, 78, 76, '2015-07-03', 'pede lobortis ligula sit amet eleifend pede libero quis orci nullam molestie nibh');
insert into analisis_bacteriologico (id_planta, id_tratamiento, numero, fecha, descripcion) values (79, 79, 82, '2015-06-28', 'at velit vivamus vel nulla eget eros elementum pellentesque quisque porta volutpat erat quisque erat eros');
insert into analisis_bacteriologico (id_planta, id_tratamiento, numero, fecha, descripcion) values (80, 80, 17, '2015-07-25', null);
insert into analisis_bacteriologico (id_planta, id_tratamiento, numero, fecha, descripcion) values (81, 81, 65, '2018-02-09', 'quis orci nullam molestie nibh in lectus pellentesque at nulla suspendisse potenti cras in purus eu');
insert into analisis_bacteriologico (id_planta, id_tratamiento, numero, fecha, descripcion) values (82, 82, 17, '2015-06-16', 'arcu libero rutrum ac lobortis vel dapibus at diam nam tristique');
insert into analisis_bacteriologico (id_planta, id_tratamiento, numero, fecha, descripcion) values (83, 83, 75, '2017-06-14', 'dictumst etiam faucibus cursus urna ut tellus nulla ut erat id mauris vulputate elementum nullam varius');
insert into analisis_bacteriologico (id_planta, id_tratamiento, numero, fecha, descripcion) values (84, 84, 47, '2017-09-03', null);
insert into analisis_bacteriologico (id_planta, id_tratamiento, numero, fecha, descripcion) values (85, 85, 92, '2020-07-18', 'vel accumsan tellus nisi eu orci mauris lacinia sapien quis libero nullam sit amet');
insert into analisis_bacteriologico (id_planta, id_tratamiento, numero, fecha, descripcion) values (86, 86, 85, '2016-03-15', 'quam pede lobortis ligula sit amet eleifend pede libero quis orci nullam molestie nibh in lectus pellentesque at nulla suspendisse');
insert into analisis_bacteriologico (id_planta, id_tratamiento, numero, fecha, descripcion) values (87, 87, 43, '2016-05-31', 'dui luctus rutrum nulla tellus in sagittis dui vel nisl duis ac nibh fusce');
insert into analisis_bacteriologico (id_planta, id_tratamiento, numero, fecha, descripcion) values (88, 88, 60, '2020-04-10', 'amet nulla quisque arcu libero rutrum ac lobortis vel dapibus at diam nam tristique tortor');
insert into analisis_bacteriologico (id_planta, id_tratamiento, numero, fecha, descripcion) values (89, 89, 4, '2017-02-25', null);
insert into analisis_bacteriologico (id_planta, id_tratamiento, numero, fecha, descripcion) values (90, 90, 74, '2017-06-19', 'posuere cubilia curae duis faucibus accumsan odio curabitur convallis duis consequat dui nec nisi');
insert into analisis_bacteriologico (id_planta, id_tratamiento, numero, fecha, descripcion) values (91, 91, 39, '2019-04-05', 'feugiat et eros vestibulum ac est lacinia nisi venenatis tristique fusce congue');
insert into analisis_bacteriologico (id_planta, id_tratamiento, numero, fecha, descripcion) values (92, 92, 48, '2019-01-31', 'hac habitasse platea dictumst etiam faucibus cursus urna ut tellus nulla ut erat id mauris vulputate elementum');
insert into analisis_bacteriologico (id_planta, id_tratamiento, numero, fecha, descripcion) values (93, 93, 14, '2015-02-16', 'risus praesent lectus vestibulum quam sapien varius ut blandit non interdum in ante vestibulum ante ipsum primis');
insert into analisis_bacteriologico (id_planta, id_tratamiento, numero, fecha, descripcion) values (94, 94, 54, '2018-07-08', null);
insert into analisis_bacteriologico (id_planta, id_tratamiento, numero, fecha, descripcion) values (95, 95, 80, '2015-01-19', null);
insert into analisis_bacteriologico (id_planta, id_tratamiento, numero, fecha, descripcion) values (96, 96, 42, '2020-05-16', 'cubilia curae duis faucibus accumsan odio curabitur convallis duis consequat dui');
insert into analisis_bacteriologico (id_planta, id_tratamiento, numero, fecha, descripcion) values (97, 97, 66, '2017-06-17', null);
insert into analisis_bacteriologico (id_planta, id_tratamiento, numero, fecha, descripcion) values (98, 98, 84, '2015-01-31', 'a suscipit nulla elit ac nulla sed vel enim sit amet');
insert into analisis_bacteriologico (id_planta, id_tratamiento, numero, fecha, descripcion) values (99, 99, 77, '2017-12-17', 'eget massa tempor convallis nulla neque libero convallis eget eleifend luctus ultricies eu nibh quisque');
insert into analisis_bacteriologico (id_planta, id_tratamiento, numero, fecha, descripcion) values (100, 100, 22, '2015-03-07', null);



insert into concreta (id_planta, id_tratamiento, fecha) values (1, 1, '2019-05-14');
insert into concreta (id_planta, id_tratamiento, fecha) values (2, 2, '2020-02-04');
insert into concreta (id_planta, id_tratamiento, fecha) values (3, 3, '2019-01-17');
insert into concreta (id_planta, id_tratamiento, fecha) values (4, 4, '2019-12-22');
insert into concreta (id_planta, id_tratamiento, fecha) values (5, 5, '2020-03-31');
insert into concreta (id_planta, id_tratamiento, fecha) values (6, 6, '2019-08-05');
insert into concreta (id_planta, id_tratamiento, fecha) values (7, 7, '2019-04-23');
insert into concreta (id_planta, id_tratamiento, fecha) values (8, 8, '2020-09-14');
insert into concreta (id_planta, id_tratamiento, fecha) values (9, 9, '2019-12-09');
insert into concreta (id_planta, id_tratamiento, fecha) values (10, 10, '2019-07-08');
insert into concreta (id_planta, id_tratamiento, fecha) values (11, 11, '2019-02-17');
insert into concreta (id_planta, id_tratamiento, fecha) values (12, 12, '2019-05-21');
insert into concreta (id_planta, id_tratamiento, fecha) values (13, 13, '2020-08-25');
insert into concreta (id_planta, id_tratamiento, fecha) values (14, 14, '2019-08-25');
insert into concreta (id_planta, id_tratamiento, fecha) values (15, 15, '2019-12-17');
insert into concreta (id_planta, id_tratamiento, fecha) values (16, 16, '2020-01-15');
insert into concreta (id_planta, id_tratamiento, fecha) values (17, 17, '2020-09-14');
insert into concreta (id_planta, id_tratamiento, fecha) values (18, 18, '2020-05-13');
insert into concreta (id_planta, id_tratamiento, fecha) values (19, 19, '2020-05-06');
insert into concreta (id_planta, id_tratamiento, fecha) values (20, 20, '2020-02-21');
insert into concreta (id_planta, id_tratamiento, fecha) values (21, 21, '2019-11-13');
insert into concreta (id_planta, id_tratamiento, fecha) values (22, 22, '2020-03-17');
insert into concreta (id_planta, id_tratamiento, fecha) values (23, 23, '2019-07-08');
insert into concreta (id_planta, id_tratamiento, fecha) values (24, 24, '2019-09-13');
insert into concreta (id_planta, id_tratamiento, fecha) values (25, 25, '2020-06-19');
insert into concreta (id_planta, id_tratamiento, fecha) values (26, 26, '2020-09-13');
insert into concreta (id_planta, id_tratamiento, fecha) values (27, 27, '2020-01-14');
insert into concreta (id_planta, id_tratamiento, fecha) values (28, 28, '2020-03-22');
insert into concreta (id_planta, id_tratamiento, fecha) values (29, 29, '2019-02-08');
insert into concreta (id_planta, id_tratamiento, fecha) values (30, 30, '2019-09-15');
insert into concreta (id_planta, id_tratamiento, fecha) values (31, 31, '2020-04-01');
insert into concreta (id_planta, id_tratamiento, fecha) values (32, 32, '2020-03-13');
insert into concreta (id_planta, id_tratamiento, fecha) values (33, 33, '2019-01-21');
insert into concreta (id_planta, id_tratamiento, fecha) values (34, 34, '2020-02-07');
insert into concreta (id_planta, id_tratamiento, fecha) values (35, 35, '2020-01-12');
insert into concreta (id_planta, id_tratamiento, fecha) values (36, 36, '2020-02-13');
insert into concreta (id_planta, id_tratamiento, fecha) values (37, 37, '2020-01-07');
insert into concreta (id_planta, id_tratamiento, fecha) values (38, 38, '2019-11-30');
insert into concreta (id_planta, id_tratamiento, fecha) values (39, 39, '2020-08-20');
insert into concreta (id_planta, id_tratamiento, fecha) values (40, 40, '2019-07-11');
insert into concreta (id_planta, id_tratamiento, fecha) values (41, 41, '2019-11-05');
insert into concreta (id_planta, id_tratamiento, fecha) values (42, 42, '2020-06-27');
insert into concreta (id_planta, id_tratamiento, fecha) values (43, 43, '2019-03-23');
insert into concreta (id_planta, id_tratamiento, fecha) values (44, 44, '2019-11-13');
insert into concreta (id_planta, id_tratamiento, fecha) values (45, 45, '2019-07-28');
insert into concreta (id_planta, id_tratamiento, fecha) values (46, 46, '2020-01-30');
insert into concreta (id_planta, id_tratamiento, fecha) values (47, 47, '2020-08-18');
insert into concreta (id_planta, id_tratamiento, fecha) values (48, 48, '2019-05-24');
insert into concreta (id_planta, id_tratamiento, fecha) values (49, 49, '2020-03-19');
insert into concreta (id_planta, id_tratamiento, fecha) values (50, 50, '2020-03-16');
insert into concreta (id_planta, id_tratamiento, fecha) values (51, 51, '2019-07-07');
insert into concreta (id_planta, id_tratamiento, fecha) values (52, 52, '2019-12-17');
insert into concreta (id_planta, id_tratamiento, fecha) values (53, 53, '2020-04-12');
insert into concreta (id_planta, id_tratamiento, fecha) values (54, 54, '2019-03-07');
insert into concreta (id_planta, id_tratamiento, fecha) values (55, 55, '2019-04-16');
insert into concreta (id_planta, id_tratamiento, fecha) values (56, 56, '2019-01-03');
insert into concreta (id_planta, id_tratamiento, fecha) values (57, 57, '2019-09-17');
insert into concreta (id_planta, id_tratamiento, fecha) values (58, 58, '2020-02-17');
insert into concreta (id_planta, id_tratamiento, fecha) values (59, 59, '2019-05-10');
insert into concreta (id_planta, id_tratamiento, fecha) values (60, 60, '2019-06-03');
insert into concreta (id_planta, id_tratamiento, fecha) values (61, 61, '2020-09-02');
insert into concreta (id_planta, id_tratamiento, fecha) values (62, 62, '2019-12-25');
insert into concreta (id_planta, id_tratamiento, fecha) values (63, 63, '2020-07-20');
insert into concreta (id_planta, id_tratamiento, fecha) values (64, 64, '2020-04-18');
insert into concreta (id_planta, id_tratamiento, fecha) values (65, 65, '2019-08-07');
insert into concreta (id_planta, id_tratamiento, fecha) values (66, 66, '2019-07-10');
insert into concreta (id_planta, id_tratamiento, fecha) values (67, 67, '2019-10-18');
insert into concreta (id_planta, id_tratamiento, fecha) values (68, 68, '2019-04-14');
insert into concreta (id_planta, id_tratamiento, fecha) values (69, 69, '2020-06-18');
insert into concreta (id_planta, id_tratamiento, fecha) values (70, 70, '2019-06-21');
insert into concreta (id_planta, id_tratamiento, fecha) values (71, 71, '2019-12-29');
insert into concreta (id_planta, id_tratamiento, fecha) values (72, 72, '2020-09-12');
insert into concreta (id_planta, id_tratamiento, fecha) values (73, 73, '2020-03-06');
insert into concreta (id_planta, id_tratamiento, fecha) values (74, 74, '2020-07-02');
insert into concreta (id_planta, id_tratamiento, fecha) values (75, 75, '2019-01-30');
insert into concreta (id_planta, id_tratamiento, fecha) values (76, 76, '2019-05-25');
insert into concreta (id_planta, id_tratamiento, fecha) values (77, 77, '2020-01-03');
insert into concreta (id_planta, id_tratamiento, fecha) values (78, 78, '2019-12-17');
insert into concreta (id_planta, id_tratamiento, fecha) values (79, 79, '2019-06-07');
insert into concreta (id_planta, id_tratamiento, fecha) values (80, 80, '2020-08-11');
insert into concreta (id_planta, id_tratamiento, fecha) values (81, 81, '2020-01-27');
insert into concreta (id_planta, id_tratamiento, fecha) values (82, 82, '2020-09-05');
insert into concreta (id_planta, id_tratamiento, fecha) values (83, 83, '2019-01-26');
insert into concreta (id_planta, id_tratamiento, fecha) values (84, 84, '2020-08-19');
insert into concreta (id_planta, id_tratamiento, fecha) values (85, 85, '2020-08-29');
insert into concreta (id_planta, id_tratamiento, fecha) values (86, 86, '2019-01-26');
insert into concreta (id_planta, id_tratamiento, fecha) values (87, 87, '2019-02-03');
insert into concreta (id_planta, id_tratamiento, fecha) values (88, 88, '2020-08-22');
insert into concreta (id_planta, id_tratamiento, fecha) values (89, 89, '2019-04-04');
insert into concreta (id_planta, id_tratamiento, fecha) values (90, 90, '2020-06-30');
insert into concreta (id_planta, id_tratamiento, fecha) values (91, 91, '2019-08-04');
insert into concreta (id_planta, id_tratamiento, fecha) values (92, 92, '2019-01-08');
insert into concreta (id_planta, id_tratamiento, fecha) values (93, 93, '2020-09-05');
insert into concreta (id_planta, id_tratamiento, fecha) values (94, 94, '2020-01-12');
insert into concreta (id_planta, id_tratamiento, fecha) values (95, 95, '2019-01-08');
insert into concreta (id_planta, id_tratamiento, fecha) values (96, 96, '2020-04-15');
insert into concreta (id_planta, id_tratamiento, fecha) values (97, 97, '2019-05-03');
insert into concreta (id_planta, id_tratamiento, fecha) values (98, 98, '2019-06-15');
insert into concreta (id_planta, id_tratamiento, fecha) values (99, 99, '2019-08-17');
insert into concreta (id_planta, id_tratamiento, fecha) values (100, 100, '2020-01-24');


insert into quimico (tipo_quimico, id_tratamiento) values ('Valsartan and hydrochlorothiazide', 1);
insert into quimico (tipo_quimico, id_tratamiento) values ('Milk of Magnesia Wild Cherry', 2);
insert into quimico (tipo_quimico, id_tratamiento) values ('MEDROX', 3);
insert into quimico (tipo_quimico, id_tratamiento) values ('Phendimetrazine Tartrate', 4);
insert into quimico (tipo_quimico, id_tratamiento) values ('JANUMET', 5);
insert into quimico (tipo_quimico, id_tratamiento) values ('Otis Clapp Back Quell', 6);
insert into quimico (tipo_quimico, id_tratamiento) values ('Ketorolac Tromethamine', 7);
insert into quimico (tipo_quimico, id_tratamiento) values ('Hevert', 8);
insert into quimico (tipo_quimico, id_tratamiento) values ('Nifedipine', 9);
insert into quimico (tipo_quimico, id_tratamiento) values ('NEOMYCIN SULFATE', 10);
insert into quimico (tipo_quimico, id_tratamiento) values ('DESPEC', 11);
insert into quimico (tipo_quimico, id_tratamiento) values ('Klor-Con M', 12);
insert into quimico (tipo_quimico, id_tratamiento) values ('SPEEDGEL RX', 13);
insert into quimico (tipo_quimico, id_tratamiento) values ('Multi-Vitamin With Fluoride', 14);
insert into quimico (tipo_quimico, id_tratamiento) values ('Linkus Lozenges', 15);
insert into quimico (tipo_quimico, id_tratamiento) values ('care one acid reducer', 16);
insert into quimico (tipo_quimico, id_tratamiento) values ('Loratadine and Pseudoephedrine', 17);
insert into quimico (tipo_quimico, id_tratamiento) values ('ANTIBACTERIAL FOAMING', 18);
insert into quimico (tipo_quimico, id_tratamiento) values ('Solar Protection Formula TiZO Body', 19);
insert into quimico (tipo_quimico, id_tratamiento) values ('SUN Solar Defense Oil-free Gel SPF 15', 20);
insert into quimico (tipo_quimico, id_tratamiento) values ('Naproxen Sodium', 21);
insert into quimico (tipo_quimico, id_tratamiento) values ('SODIUM SULFACETAMIDE and SULFUR', 22);
insert into quimico (tipo_quimico, id_tratamiento) values ('Clindamycin Hydrochloride', 23);
insert into quimico (tipo_quimico, id_tratamiento) values ('gas relief', 24);
insert into quimico (tipo_quimico, id_tratamiento) values ('Cilostazol', 25);
insert into quimico (tipo_quimico, id_tratamiento) values ('Simethicone Cherry Flavored Chewable', 26);
insert into quimico (tipo_quimico, id_tratamiento) values ('Furosemide', 27);
insert into quimico (tipo_quimico, id_tratamiento) values ('Equaline Nicotine', 28);
insert into quimico (tipo_quimico, id_tratamiento) values ('Tarka', 29);
insert into quimico (tipo_quimico, id_tratamiento) values ('SERTRALINE HYDROCHLORIDE', 30);
insert into quimico (tipo_quimico, id_tratamiento) values ('Niaspan', 31);
insert into quimico (tipo_quimico, id_tratamiento) values ('LBEL', 32);
insert into quimico (tipo_quimico, id_tratamiento) values ('Thioridazine Hydrochloride', 33);
insert into quimico (tipo_quimico, id_tratamiento) values ('Generlac', 34);
insert into quimico (tipo_quimico, id_tratamiento) values ('simvastatin', 35);
insert into quimico (tipo_quimico, id_tratamiento) values ('Quality Choice Anti-Itch Clear', 36);
insert into quimico (tipo_quimico, id_tratamiento) values ('SINECCH', 37);
insert into quimico (tipo_quimico, id_tratamiento) values ('Finasteride', 38);
insert into quimico (tipo_quimico, id_tratamiento) values ('Barley Grain', 39);
insert into quimico (tipo_quimico, id_tratamiento) values ('Relieve Remedy No. 21', 40);
insert into quimico (tipo_quimico, id_tratamiento) values ('HORSERADISH', 41);
insert into quimico (tipo_quimico, id_tratamiento) values ('ESIKA', 42);
insert into quimico (tipo_quimico, id_tratamiento) values ('Sunscreen Mist Broad Spectrum SPF 30', 43);
insert into quimico (tipo_quimico, id_tratamiento) values ('Pleo Zinc', 44);
insert into quimico (tipo_quimico, id_tratamiento) values ('Humicola grisea', 45);
insert into quimico (tipo_quimico, id_tratamiento) values ('Extra Strength Pain Reliever PM', 46);
insert into quimico (tipo_quimico, id_tratamiento) values ('Ropinirole', 47);
insert into quimico (tipo_quimico, id_tratamiento) values ('Doxycycline Hyclate', 48);
insert into quimico (tipo_quimico, id_tratamiento) values ('PERCOCET', 49);
insert into quimico (tipo_quimico, id_tratamiento) values ('PureLife APF', 50);
insert into quimico (tipo_quimico, id_tratamiento) values ('EUPATORIUM CAPILLIFOLIUM POLLEN', 51);
insert into quimico (tipo_quimico, id_tratamiento) values ('Pleo Muc Ex', 52);
insert into quimico (tipo_quimico, id_tratamiento) values ('ANTIBACTERIAL FOAMING', 53);
insert into quimico (tipo_quimico, id_tratamiento) values ('Naproxen', 54);
insert into quimico (tipo_quimico, id_tratamiento) values ('Baclofen', 55);
insert into quimico (tipo_quimico, id_tratamiento) values ('Sweet Golden Pear Antibacterial Hand Wash', 56);
insert into quimico (tipo_quimico, id_tratamiento) values ('Folic Acid', 57);
insert into quimico (tipo_quimico, id_tratamiento) values ('PlusPharma Extra Strength', 58);
insert into quimico (tipo_quimico, id_tratamiento) values ('TOFRANIL-PM', 59);
insert into quimico (tipo_quimico, id_tratamiento) values ('AMIODARONE HYDROCHLORIDE', 60);
insert into quimico (tipo_quimico, id_tratamiento) values ('Furosemide', 61);
insert into quimico (tipo_quimico, id_tratamiento) values ('Repaglinide', 62);
insert into quimico (tipo_quimico, id_tratamiento) values ('Duane Reade', 63);
insert into quimico (tipo_quimico, id_tratamiento) values ('DenTek Instant Pain Relief', 64);
insert into quimico (tipo_quimico, id_tratamiento) values ('Dove', 65);
insert into quimico (tipo_quimico, id_tratamiento) values ('Allergy Composition', 66);
insert into quimico (tipo_quimico, id_tratamiento) values ('SENNA TIME', 67);
insert into quimico (tipo_quimico, id_tratamiento) values ('good sense flu and severe cold and cough', 68);
insert into quimico (tipo_quimico, id_tratamiento) values ('Gerbil Epithelium', 69);
insert into quimico (tipo_quimico, id_tratamiento) values ('FOAMING ALOEGUARD ANTIMICROBIAL', 70);
insert into quimico (tipo_quimico, id_tratamiento) values ('ETHYL ALCOHOL', 71);
insert into quimico (tipo_quimico, id_tratamiento) values ('TOPIRAMATE', 72);
insert into quimico (tipo_quimico, id_tratamiento) values ('Jantoven', 73);
insert into quimico (tipo_quimico, id_tratamiento) values ('Omeprazole', 74);
insert into quimico (tipo_quimico, id_tratamiento) values ('Diovan HCT', 75);
insert into quimico (tipo_quimico, id_tratamiento) values ('Cortizone 10 Cooling Cream Anti-Itch', 76);
insert into quimico (tipo_quimico, id_tratamiento) values ('Fusilev', 77);
insert into quimico (tipo_quimico, id_tratamiento) values ('Promethazine Hydrochloride', 78);
insert into quimico (tipo_quimico, id_tratamiento) values ('Diazepam', 79);
insert into quimico (tipo_quimico, id_tratamiento) values ('Oraverse', 80);
insert into quimico (tipo_quimico, id_tratamiento) values ('RIBASPHERE RibaPak', 81);
insert into quimico (tipo_quimico, id_tratamiento) values ('Health Mart Pharmacy Childrens Loratadine', 82);
insert into quimico (tipo_quimico, id_tratamiento) values ('Phenobarbital', 83);
insert into quimico (tipo_quimico, id_tratamiento) values ('City Sunscreen serum SPF 30', 84);
insert into quimico (tipo_quimico, id_tratamiento) values ('METHADONE HYDROCHLORIDE', 85);
insert into quimico (tipo_quimico, id_tratamiento) values ('Atracurium Besylate', 86);
insert into quimico (tipo_quimico, id_tratamiento) values ('Alcohol', 87);
insert into quimico (tipo_quimico, id_tratamiento) values ('Haloperidol', 88);
insert into quimico (tipo_quimico, id_tratamiento) values ('Pigweed Mixture', 89);
insert into quimico (tipo_quimico, id_tratamiento) values ('LIVESTS', 90);
insert into quimico (tipo_quimico, id_tratamiento) values ('Alprazolam', 91);
insert into quimico (tipo_quimico, id_tratamiento) values ('SOTALOL HYDROCHLORIDE', 92);
insert into quimico (tipo_quimico, id_tratamiento) values ('Terrasil Skin Repair', 93);
insert into quimico (tipo_quimico, id_tratamiento) values ('Oxytocin', 94);
insert into quimico (tipo_quimico, id_tratamiento) values ('Enoxaparin Sodium', 95);
insert into quimico (tipo_quimico, id_tratamiento) values ('Migranade', 96);
insert into quimico (tipo_quimico, id_tratamiento) values ('PROLASTIN-C', 97);
insert into quimico (tipo_quimico, id_tratamiento) values ('Rx Act Gas Relief', 98);
insert into quimico (tipo_quimico, id_tratamiento) values ('Acremonium strictum', 99);
insert into quimico (tipo_quimico, id_tratamiento) values ('Acetaminophen and Codeine Phosphate', 100);


insert into aplica (id_tratamiento, legajo_operador, fecha) values (1, 10, '2015-06-14');
insert into aplica (id_tratamiento, legajo_operador, fecha) values (2, 44, '2020-05-24');
insert into aplica (id_tratamiento, legajo_operador, fecha) values (3, 84, '2019-11-03');
insert into aplica (id_tratamiento, legajo_operador, fecha) values (4, 82, '2015-07-30');
insert into aplica (id_tratamiento, legajo_operador, fecha) values (5, 15, '2020-06-29');
insert into aplica (id_tratamiento, legajo_operador, fecha) values (6, 81, '2016-10-30');
insert into aplica (id_tratamiento, legajo_operador, fecha) values (7, 18, '2015-11-30');
insert into aplica (id_tratamiento, legajo_operador, fecha) values (8, 87, '2019-04-14');
insert into aplica (id_tratamiento, legajo_operador, fecha) values (9, 8, '2015-12-21');
insert into aplica (id_tratamiento, legajo_operador, fecha) values (10, 27, '2018-01-09');
insert into aplica (id_tratamiento, legajo_operador, fecha) values (11, 59, '2019-08-16');
insert into aplica (id_tratamiento, legajo_operador, fecha) values (12, 14, '2016-02-07');
insert into aplica (id_tratamiento, legajo_operador, fecha) values (13, 68, '2018-08-31');
insert into aplica (id_tratamiento, legajo_operador, fecha) values (14, 8, '2020-04-26');
insert into aplica (id_tratamiento, legajo_operador, fecha) values (15, 71, '2018-06-10');
insert into aplica (id_tratamiento, legajo_operador, fecha) values (16, 83, '2017-05-21');
insert into aplica (id_tratamiento, legajo_operador, fecha) values (17, 6, '2016-04-27');
insert into aplica (id_tratamiento, legajo_operador, fecha) values (18, 46, '2020-04-06');
insert into aplica (id_tratamiento, legajo_operador, fecha) values (19, 88, '2017-01-14');
insert into aplica (id_tratamiento, legajo_operador, fecha) values (20, 17, '2015-07-04');
insert into aplica (id_tratamiento, legajo_operador, fecha) values (21, 78, '2019-05-07');
insert into aplica (id_tratamiento, legajo_operador, fecha) values (22, 10, '2016-10-28');
insert into aplica (id_tratamiento, legajo_operador, fecha) values (23, 17, '2018-11-30');
insert into aplica (id_tratamiento, legajo_operador, fecha) values (24, 30, '2016-08-20');
insert into aplica (id_tratamiento, legajo_operador, fecha) values (25, 14, '2018-12-28');
insert into aplica (id_tratamiento, legajo_operador, fecha) values (26, 55, '2017-12-20');
insert into aplica (id_tratamiento, legajo_operador, fecha) values (27, 68, '2017-10-06');
insert into aplica (id_tratamiento, legajo_operador, fecha) values (28, 60, '2016-05-05');
insert into aplica (id_tratamiento, legajo_operador, fecha) values (29, 59, '2020-02-27');
insert into aplica (id_tratamiento, legajo_operador, fecha) values (30, 88, '2015-05-16');
insert into aplica (id_tratamiento, legajo_operador, fecha) values (31, 82, '2018-04-22');
insert into aplica (id_tratamiento, legajo_operador, fecha) values (32, 14, '2017-08-29');
insert into aplica (id_tratamiento, legajo_operador, fecha) values (33, 7, '2017-07-21');
insert into aplica (id_tratamiento, legajo_operador, fecha) values (34, 64, '2015-09-10');
insert into aplica (id_tratamiento, legajo_operador, fecha) values (35, 56, '2019-05-31');
insert into aplica (id_tratamiento, legajo_operador, fecha) values (36, 59, '2015-04-09');
insert into aplica (id_tratamiento, legajo_operador, fecha) values (37, 28, '2016-09-19');
insert into aplica (id_tratamiento, legajo_operador, fecha) values (38, 18, '2017-10-17');
insert into aplica (id_tratamiento, legajo_operador, fecha) values (39, 62, '2019-08-25');
insert into aplica (id_tratamiento, legajo_operador, fecha) values (40, 25, '2018-06-26');
insert into aplica (id_tratamiento, legajo_operador, fecha) values (41, 28, '2016-09-21');
insert into aplica (id_tratamiento, legajo_operador, fecha) values (42, 76, '2015-02-03');
insert into aplica (id_tratamiento, legajo_operador, fecha) values (43, 43, '2015-05-31');
insert into aplica (id_tratamiento, legajo_operador, fecha) values (44, 61, '2020-07-04');
insert into aplica (id_tratamiento, legajo_operador, fecha) values (45, 27, '2018-09-15');
insert into aplica (id_tratamiento, legajo_operador, fecha) values (46, 65, '2016-05-02');
insert into aplica (id_tratamiento, legajo_operador, fecha) values (47, 48, '2016-02-09');
insert into aplica (id_tratamiento, legajo_operador, fecha) values (48, 26, '2019-03-21');
insert into aplica (id_tratamiento, legajo_operador, fecha) values (49, 6, '2017-02-20');
insert into aplica (id_tratamiento, legajo_operador, fecha) values (50, 27, '2019-12-09');
insert into aplica (id_tratamiento, legajo_operador, fecha) values (51, 54, '2018-07-22');
insert into aplica (id_tratamiento, legajo_operador, fecha) values (52, 25, '2020-07-18');
insert into aplica (id_tratamiento, legajo_operador, fecha) values (53, 68, '2020-04-18');
insert into aplica (id_tratamiento, legajo_operador, fecha) values (54, 78, '2016-06-05');
insert into aplica (id_tratamiento, legajo_operador, fecha) values (55, 59, '2019-05-18');
insert into aplica (id_tratamiento, legajo_operador, fecha) values (56, 61, '2019-07-10');
insert into aplica (id_tratamiento, legajo_operador, fecha) values (57, 33, '2019-01-02');
insert into aplica (id_tratamiento, legajo_operador, fecha) values (58, 13, '2017-12-16');
insert into aplica (id_tratamiento, legajo_operador, fecha) values (59, 84, '2018-05-03');
insert into aplica (id_tratamiento, legajo_operador, fecha) values (60, 88, '2018-04-05');
insert into aplica (id_tratamiento, legajo_operador, fecha) values (61, 81, '2015-05-24');
insert into aplica (id_tratamiento, legajo_operador, fecha) values (62, 83, '2017-08-03');
insert into aplica (id_tratamiento, legajo_operador, fecha) values (63, 73, '2019-12-11');
insert into aplica (id_tratamiento, legajo_operador, fecha) values (64, 24, '2016-08-11');
insert into aplica (id_tratamiento, legajo_operador, fecha) values (65, 66, '2019-11-19');
insert into aplica (id_tratamiento, legajo_operador, fecha) values (66, 70, '2018-12-17');
insert into aplica (id_tratamiento, legajo_operador, fecha) values (67, 42, '2018-07-25');
insert into aplica (id_tratamiento, legajo_operador, fecha) values (68, 4, '2018-07-27');
insert into aplica (id_tratamiento, legajo_operador, fecha) values (69, 60, '2016-08-07');
insert into aplica (id_tratamiento, legajo_operador, fecha) values (70, 36, '2015-02-12');
insert into aplica (id_tratamiento, legajo_operador, fecha) values (71, 39, '2018-02-21');
insert into aplica (id_tratamiento, legajo_operador, fecha) values (72, 10, '2019-10-14');
insert into aplica (id_tratamiento, legajo_operador, fecha) values (73, 56, '2018-07-05');
insert into aplica (id_tratamiento, legajo_operador, fecha) values (74, 77, '2016-10-29');
insert into aplica (id_tratamiento, legajo_operador, fecha) values (75, 59, '2018-10-05');
insert into aplica (id_tratamiento, legajo_operador, fecha) values (76, 42, '2015-01-08');
insert into aplica (id_tratamiento, legajo_operador, fecha) values (77, 77, '2020-04-24');
insert into aplica (id_tratamiento, legajo_operador, fecha) values (78, 78, '2018-12-09');
insert into aplica (id_tratamiento, legajo_operador, fecha) values (79, 2, '2017-02-07');
insert into aplica (id_tratamiento, legajo_operador, fecha) values (80, 26, '2016-08-17');
insert into aplica (id_tratamiento, legajo_operador, fecha) values (81, 26, '2015-03-29');
insert into aplica (id_tratamiento, legajo_operador, fecha) values (82, 27, '2018-04-20');
insert into aplica (id_tratamiento, legajo_operador, fecha) values (83, 65, '2017-09-25');
insert into aplica (id_tratamiento, legajo_operador, fecha) values (84, 49, '2016-02-18');
insert into aplica (id_tratamiento, legajo_operador, fecha) values (85, 46, '2019-10-01');
insert into aplica (id_tratamiento, legajo_operador, fecha) values (86, 11, '2016-07-18');
insert into aplica (id_tratamiento, legajo_operador, fecha) values (87, 66, '2016-10-26');
insert into aplica (id_tratamiento, legajo_operador, fecha) values (88, 5, '2015-08-08');
insert into aplica (id_tratamiento, legajo_operador, fecha) values (89, 29, '2020-05-19');
insert into aplica (id_tratamiento, legajo_operador, fecha) values (90, 66, '2018-11-26');
insert into aplica (id_tratamiento, legajo_operador, fecha) values (91, 64, '2020-08-17');
insert into aplica (id_tratamiento, legajo_operador, fecha) values (92, 67, '2019-06-01');
insert into aplica (id_tratamiento, legajo_operador, fecha) values (93, 55, '2015-06-01');
insert into aplica (id_tratamiento, legajo_operador, fecha) values (94, 76, '2016-09-14');
insert into aplica (id_tratamiento, legajo_operador, fecha) values (95, 29, '2016-12-25');
insert into aplica (id_tratamiento, legajo_operador, fecha) values (96, 63, '2018-10-16');
insert into aplica (id_tratamiento, legajo_operador, fecha) values (97, 82, '2019-10-17');
insert into aplica (id_tratamiento, legajo_operador, fecha) values (98, 10, '2019-01-27');
insert into aplica (id_tratamiento, legajo_operador, fecha) values (99, 27, '2019-11-11');
insert into aplica (id_tratamiento, legajo_operador, fecha) values (100, 62, '2019-02-22');



insert into se_ubica (fecha, id_planta, id_campamento) values ('2020-03-12', 1, 1);
insert into se_ubica (fecha, id_planta, id_campamento) values ('2019-10-29', 2, 2);
insert into se_ubica (fecha, id_planta, id_campamento) values ('2020-05-04', 3, 3);
insert into se_ubica (fecha, id_planta, id_campamento) values ('2019-08-20', 4, 4);
insert into se_ubica (fecha, id_planta, id_campamento) values ('2019-06-19', 5, 5);
insert into se_ubica (fecha, id_planta, id_campamento) values ('2020-07-08', 6, 6);
insert into se_ubica (fecha, id_planta, id_campamento) values ('2020-08-05', 7, 7);
insert into se_ubica (fecha, id_planta, id_campamento) values ('2019-04-24', 8, 8);
insert into se_ubica (fecha, id_planta, id_campamento) values ('2020-02-22', 9, 9);
insert into se_ubica (fecha, id_planta, id_campamento) values ('2020-03-06', 10, 10);
insert into se_ubica (fecha, id_planta, id_campamento) values ('2020-01-04', 11, 11);
insert into se_ubica (fecha, id_planta, id_campamento) values ('2020-01-08', 12, 12);
insert into se_ubica (fecha, id_planta, id_campamento) values ('2019-05-25', 13, 13);
insert into se_ubica (fecha, id_planta, id_campamento) values ('2020-06-08', 14, 14);
insert into se_ubica (fecha, id_planta, id_campamento) values ('2020-04-15', 15, 15);
insert into se_ubica (fecha, id_planta, id_campamento) values ('2019-08-16', 16, 16);
insert into se_ubica (fecha, id_planta, id_campamento) values ('2020-06-08', 17, 17);
insert into se_ubica (fecha, id_planta, id_campamento) values ('2019-01-07', 18, 18);
insert into se_ubica (fecha, id_planta, id_campamento) values ('2019-08-23', 19, 19);
insert into se_ubica (fecha, id_planta, id_campamento) values ('2019-05-10', 20, 20);
insert into se_ubica (fecha, id_planta, id_campamento) values ('2019-08-19', 21, 21);
insert into se_ubica (fecha, id_planta, id_campamento) values ('2019-05-25', 22, 22);
insert into se_ubica (fecha, id_planta, id_campamento) values ('2020-03-14', 23, 23);
insert into se_ubica (fecha, id_planta, id_campamento) values ('2020-09-24', 24, 24);
insert into se_ubica (fecha, id_planta, id_campamento) values ('2019-01-14', 25, 25);
insert into se_ubica (fecha, id_planta, id_campamento) values ('2019-01-14', 26, 26);
insert into se_ubica (fecha, id_planta, id_campamento) values ('2020-08-26', 27, 27);
insert into se_ubica (fecha, id_planta, id_campamento) values ('2020-06-04', 28, 28);
insert into se_ubica (fecha, id_planta, id_campamento) values ('2019-09-27', 29, 29);
insert into se_ubica (fecha, id_planta, id_campamento) values ('2019-12-15', 30, 30);
insert into se_ubica (fecha, id_planta, id_campamento) values ('2020-02-07', 31, 31);
insert into se_ubica (fecha, id_planta, id_campamento) values ('2019-07-28', 32, 32);
insert into se_ubica (fecha, id_planta, id_campamento) values ('2019-12-18', 33, 33);
insert into se_ubica (fecha, id_planta, id_campamento) values ('2019-12-27', 34, 34);
insert into se_ubica (fecha, id_planta, id_campamento) values ('2019-06-19', 35, 35);
insert into se_ubica (fecha, id_planta, id_campamento) values ('2019-08-24', 36, 36);
insert into se_ubica (fecha, id_planta, id_campamento) values ('2019-07-02', 37, 37);
insert into se_ubica (fecha, id_planta, id_campamento) values ('2019-06-04', 38, 38);
insert into se_ubica (fecha, id_planta, id_campamento) values ('2019-06-03', 39, 39);
insert into se_ubica (fecha, id_planta, id_campamento) values ('2020-01-01', 40, 40);
insert into se_ubica (fecha, id_planta, id_campamento) values ('2020-09-16', 41, 41);
insert into se_ubica (fecha, id_planta, id_campamento) values ('2019-08-25', 42, 42);
insert into se_ubica (fecha, id_planta, id_campamento) values ('2019-10-28', 43, 43);
insert into se_ubica (fecha, id_planta, id_campamento) values ('2019-06-11', 44, 44);
insert into se_ubica (fecha, id_planta, id_campamento) values ('2020-01-18', 45, 45);
insert into se_ubica (fecha, id_planta, id_campamento) values ('2020-08-12', 46, 46);
insert into se_ubica (fecha, id_planta, id_campamento) values ('2020-08-15', 47, 47);
insert into se_ubica (fecha, id_planta, id_campamento) values ('2019-10-16', 48, 48);
insert into se_ubica (fecha, id_planta, id_campamento) values ('2020-04-18', 49, 49);
insert into se_ubica (fecha, id_planta, id_campamento) values ('2019-10-10', 50, 50);
insert into se_ubica (fecha, id_planta, id_campamento) values ('2019-11-04', 51, 51);
insert into se_ubica (fecha, id_planta, id_campamento) values ('2019-12-10', 52, 52);
insert into se_ubica (fecha, id_planta, id_campamento) values ('2019-12-13', 53, 53);
insert into se_ubica (fecha, id_planta, id_campamento) values ('2019-04-22', 54, 54);
insert into se_ubica (fecha, id_planta, id_campamento) values ('2020-06-28', 55, 55);
insert into se_ubica (fecha, id_planta, id_campamento) values ('2020-06-13', 56, 56);
insert into se_ubica (fecha, id_planta, id_campamento) values ('2019-01-03', 57, 57);
insert into se_ubica (fecha, id_planta, id_campamento) values ('2019-07-15', 58, 58);
insert into se_ubica (fecha, id_planta, id_campamento) values ('2020-01-17', 59, 59);
insert into se_ubica (fecha, id_planta, id_campamento) values ('2019-08-21', 60, 60);
insert into se_ubica (fecha, id_planta, id_campamento) values ('2019-10-14', 61, 61);
insert into se_ubica (fecha, id_planta, id_campamento) values ('2020-08-22', 62, 62);
insert into se_ubica (fecha, id_planta, id_campamento) values ('2020-09-28', 63, 63);
insert into se_ubica (fecha, id_planta, id_campamento) values ('2020-03-13', 64, 64);
insert into se_ubica (fecha, id_planta, id_campamento) values ('2020-04-11', 65, 65);
insert into se_ubica (fecha, id_planta, id_campamento) values ('2020-02-14', 66, 66);
insert into se_ubica (fecha, id_planta, id_campamento) values ('2020-08-06', 67, 67);
insert into se_ubica (fecha, id_planta, id_campamento) values ('2019-12-05', 68, 68);
insert into se_ubica (fecha, id_planta, id_campamento) values ('2019-06-07', 69, 69);
insert into se_ubica (fecha, id_planta, id_campamento) values ('2019-11-29', 70, 70);
insert into se_ubica (fecha, id_planta, id_campamento) values ('2019-08-01', 71, 71);
insert into se_ubica (fecha, id_planta, id_campamento) values ('2019-07-16', 72, 72);
insert into se_ubica (fecha, id_planta, id_campamento) values ('2019-10-10', 73, 73);
insert into se_ubica (fecha, id_planta, id_campamento) values ('2019-07-30', 74, 74);
insert into se_ubica (fecha, id_planta, id_campamento) values ('2019-07-29', 75, 75);
insert into se_ubica (fecha, id_planta, id_campamento) values ('2020-07-29', 76, 76);
insert into se_ubica (fecha, id_planta, id_campamento) values ('2020-01-03', 77, 77);
insert into se_ubica (fecha, id_planta, id_campamento) values ('2020-09-10', 78, 78);
insert into se_ubica (fecha, id_planta, id_campamento) values ('2019-06-06', 79, 79);
insert into se_ubica (fecha, id_planta, id_campamento) values ('2019-11-09', 80, 80);
insert into se_ubica (fecha, id_planta, id_campamento) values ('2020-05-09', 81, 81);
insert into se_ubica (fecha, id_planta, id_campamento) values ('2019-09-12', 82, 82);
insert into se_ubica (fecha, id_planta, id_campamento) values ('2019-11-07', 83, 83);
insert into se_ubica (fecha, id_planta, id_campamento) values ('2019-06-23', 84, 84);
insert into se_ubica (fecha, id_planta, id_campamento) values ('2019-03-17', 85, 85);
insert into se_ubica (fecha, id_planta, id_campamento) values ('2019-12-08', 86, 86);
insert into se_ubica (fecha, id_planta, id_campamento) values ('2020-04-04', 87, 87);
insert into se_ubica (fecha, id_planta, id_campamento) values ('2019-05-30', 88, 88);
insert into se_ubica (fecha, id_planta, id_campamento) values ('2020-01-28', 89, 89);
insert into se_ubica (fecha, id_planta, id_campamento) values ('2019-02-26', 90, 90);
insert into se_ubica (fecha, id_planta, id_campamento) values ('2020-02-24', 91, 91);
insert into se_ubica (fecha, id_planta, id_campamento) values ('2020-04-06', 92, 92);
insert into se_ubica (fecha, id_planta, id_campamento) values ('2020-01-13', 93, 93);
insert into se_ubica (fecha, id_planta, id_campamento) values ('2019-07-31', 94, 94);
insert into se_ubica (fecha, id_planta, id_campamento) values ('2019-12-14', 95, 95);
insert into se_ubica (fecha, id_planta, id_campamento) values ('2019-09-13', 96, 96);
insert into se_ubica (fecha, id_planta, id_campamento) values ('2020-04-24', 97, 97);
insert into se_ubica (fecha, id_planta, id_campamento) values ('2020-07-11', 98, 98);
insert into se_ubica (fecha, id_planta, id_campamento) values ('2019-02-22', 99, 99);
insert into se_ubica (fecha, id_planta, id_campamento) values ('2020-06-28', 100, 100);


